Date,EM_EQUITY,INTL_EQUITY,GOLD,HY_BOND,GOV_BOND,CORP_BOND,US_EQUITY,REIT
2015-01-05,-0.017797758900853222,-0.02360497509214432,0.015077149308345472,-0.00926358104204017,0.006101718038271198,0.004089393239241845,-0.018059358162253125,0.00547326988824981
2015-01-06,-0.004201414262854475,-0.011327079400602957,0.011398960794795743,-0.0038298154685637575,0.006717648723458813,0.004072074389041891,-0.00941901196438144,0.009918781577264335
2015-01-07,0.021624589023673257,0.011114759326153356,-0.005891414149803653,0.0062197631062845815,-0.00018520368928676145,0.0013245265790284844,0.012461154805294417,0.01533102296678579
2015-01-08,0.017036460747829052,0.013529663378891943,-0.00420851895976293,0.007529248755689721,-0.004078805222247128,-0.0032235554979561654,0.01774471644621367,0.003775539941987871
2015-01-09,-0.0032996748803136855,-0.004839032494123319,0.011385196369055883,0.005019482707639966,0.0049329543682423704,0.002653820830142095,-0.008013652843509522,0.000469503966052498
2015-01-12,-0.00814857143712322,-0.0023475339161156406,0.011086435260788896,-0.0012203497955982634,0.0035195152125668816,0.0019021639368026477,-0.007833110935894338,0.007635849478706103
2015-01-13,0.00872922167735446,0.0050420736034604285,-0.003373767752371082,0.0,0.0009231749161775493,0.0009079706427534973,-0.002813173502368649,-0.0015158777950927682
2015-01-14,-0.005599430147261608,-0.0028426618964678685,-0.0016080097792615655,-0.0023345957849344456,0.004610251655648323,0.0017325105045624678,-0.006036942725465733,0.008639898881787511
2015-01-15,0.0023035404877653765,0.006372611787996529,0.025175902263040006,-0.006125616523801947,0.00853604251836182,0.005187227018337959,-0.009160444068721962,0.002314983087694733
2015-01-16,0.008426965940830256,0.01299753094715106,0.013064281211881523,0.0038099935378925753,-0.007371788247873767,-0.005570113698698087,0.013113918119622703,0.008661466490768488
2015-01-20,-0.001519112616981233,0.003454819467865411,0.013712049879254229,-0.001786322459605083,0.002292204161325584,0.0023060915460824116,0.002132670658316238,-0.00790004531349342
2015-01-21,0.02206430968731743,0.00786867590675211,0.00024159749942587183,0.005368872174012607,-0.004757083219423253,-0.0004109081774009704,0.005047982621687153,-0.0006925152897453435
2015-01-22,0.019106412460559996,0.003741008875803864,0.008049585228834255,0.0013349916153007069,-0.002481474245255688,-0.0004928797451284606,0.014871222829381914,0.017785138389041277
2015-01-23,-0.007547814651572837,-0.005671493559050722,-0.007985306821000182,0.0,0.00654184369187405,0.005840323384936008,-0.0054830480742332766,-0.002836544902748983
2015-01-26,0.0004907134521812129,0.013689589901282995,-0.00998152990144674,0.00455510770299794,-0.002288637684847994,-0.00024550300729520025,0.002341975884660119,0.008420106112219772
2015-01-27,-0.005394720091849603,0.0014471339644159809,0.011464376669647391,-0.0007742906551234663,0.0013768579519954915,0.0007360365393700441,-0.013190466064453066,0.0003386284339039758
2015-01-28,-0.010848384518229226,-0.014930243780707841,-0.00787784039319106,-0.0021033970025151616,0.007696691028967528,0.006784630668750458,-0.012824458835882568,-0.006655355252373818
2015-01-29,0.0,0.013689589901282995,-0.021552390797103027,0.0035500469278364477,-0.0035466700828363784,-0.002354843404303142,0.009243610221062015,0.0035202270493113197
2015-01-30,-0.02741758272946926,-0.015755458756207874,0.022275544587827323,-0.002762933894366437,0.008760167190495771,0.008219620993016097,-0.012575309048663885,-0.02059526144780588
2015-02-02,0.01793927662646344,0.01208751131167829,-0.008343449208254805,0.003838659623040863,-0.0012507023143619733,0.0009309373944601518,0.012384621233851645,-0.0026570835235151247
2015-02-03,0.018882528739657234,0.015977967726291453,-0.011190942147351168,0.005653617895918783,-0.008436448311060496,-0.008086322565341253,0.014461073009805814,0.008688626487343587
2015-02-04,-0.0049423579151516295,-0.008260531221177758,0.0043783458565487265,-0.004188448023025648,0.0016465617134631128,0.0013860726139898194,-0.0038077419908728594,-0.004134840629219427
2015-02-05,0.005960031975587032,0.013775496400647125,0.0017272502164005221,0.005866737502170372,-0.0036537013883093383,-0.0031747910915762567,0.010095051817765599,0.011993973744290454
2015-02-06,-0.017032823252338014,-0.01248210905045255,-0.025864204796777424,0.0007699616985896718,-0.011184559739271793,-0.010453342135678168,-0.0027656350376267236,-0.029059730650547566
2015-02-09,-0.0015068305799221804,-0.004800224294152056,0.004467285755423989,-0.0024190857845628466,-0.0004634238330351037,0.0006607638057702925,-0.004475267132475924,-0.007042162445913269
2015-02-10,-0.0025149689461230196,0.009163917425348167,-0.005873936049321848,0.003417367535387017,-0.002504526671613605,-0.0027224900540284702,0.010652718698318075,0.003191618606273927
2015-02-11,-0.007312261969754652,-0.005416490517682004,-0.011817350480741395,-0.00033052547082557115,-0.00037186057602367484,0.0006617537037787447,0.0005807761141130019,-0.002945713830651786
2015-02-12,0.021336130448501578,0.015537403596046273,0.0023062837940568404,-0.00010951843005713169,0.00037199890775174715,0.0025621295731859117,0.009616612089450083,0.011935427911193841
2015-02-13,0.011439751496737482,0.006624510485820023,0.005454295543013465,0.001429287326651929,-0.0033471118202258454,-0.003957099544058873,0.004116241172314794,-0.006656488261915117
2015-02-17,-0.002212796467521594,0.0023504708671335806,-0.01669775525216033,-0.0006587058936641244,-0.00709101018753322,-0.004634313584502947,0.001572893190936453,-0.0024687570499132283
2015-02-18,-0.000246505401244157,0.005940183090544782,0.002844532329830063,0.003404069027759249,0.004792068305845332,0.0035752023428092805,9.556879920480377e-05,0.009310341964640978
2015-02-19,-0.004190478259924801,0.001243298553304184,-0.0034381460295276334,-0.00229808987004132,-0.002524769501514479,-0.00016545710140469794,-0.0007139282917447698,-0.02148464702885189
2015-02-20,0.006683301275162368,0.009312369502784579,-0.005692631086866906,0.0027428404836367104,-0.0005627161938243086,0.0014914347872332367,0.006000279230060412,0.009665396364957335
2015-02-23,-0.010081105965922266,-0.003536621454607536,0.0013011929863573357,0.0007655664540051621,0.004597471150452392,0.003392228690200838,-0.0001418430289136241,0.00803688472938524
2015-02-24,0.014406636106822246,0.006172659199986219,-0.0014727381832787545,0.0009837109268908684,0.006629105936373003,0.006514454723484109,0.0028410238846119373,-0.01969757179364251
2015-02-25,-0.001959008561308706,0.0007669619818442275,0.0038174111040851777,0.0032761201198121537,0.0009277291155338485,0.0009008534474681529,-0.0008501629638906216,0.00023915954109021698
2015-02-26,0.00024529664853756294,-0.002758651293163994,0.0031979494930112207,-0.0002176490409595555,-0.005931378424282152,-0.005401746136746488,-0.00118101070948895,-0.010880777200017122
2015-02-27,-0.0007357094785436225,0.0004608822768392695,0.0007754283408443197,0.00021769642237723374,0.003542861343919901,0.002385897051215835,-0.003406433710611223,0.00785758317919627
2015-03-02,-0.0014729230402670268,0.0015361980091777028,-0.004132260173905,-0.00018606589936920326,-0.007443760856076009,-0.008668452165015661,0.006313432914349493,0.0057574346190392145
2015-03-03,-0.0076204150361406375,-0.00613479122449434,-0.0018153447779967191,-0.002842325012856861,-0.002155760773844828,-0.0005811971643761016,-0.004103687271023171,-0.0019082305818114431
2015-03-04,-0.010898897948287578,-0.004012555329647727,-0.0031176981600916642,-0.0018639378190526967,0.0007505895012334118,-0.0006647058989937005,-0.00421597097268589,-0.00955939443786702
2015-03-05,-0.001502617806505513,0.0023241661353001764,-0.0009556129768769628,0.00186741857115158,0.0005638595674626323,0.001330390414244098,0.001094591529845701,0.002895424894523213
2015-03-06,-0.01530017706374398,-0.013603325445209258,-0.02730434251868208,-0.006359686358927252,-0.01022704188104584,-0.010628511441101995,-0.014064828466847645,-0.03320074753704916
2015-03-09,-0.0038204672306926257,0.001567001937408552,0.000983377523255502,-0.002096653202116827,0.004644945164476777,0.004028211194011533,0.004144678073463526,0.007963051906638263
2015-03-10,-0.022244843294946692,-0.02174899404987629,-0.004912057209624399,-0.003870590051990863,0.0042462669540288545,0.001588616904359963,-0.016221522768220753,-0.0007405059819475257
2015-03-11,0.00758347398979331,0.0025590376275788085,-0.006013266738071565,0.002775239530294016,0.0017848292289597278,0.005090835936495841,-0.0023423108246735103,0.0008648985733858972
2015-03-12,0.006229183463635213,0.012444128116314568,-0.0002708693390236494,0.001993371703021829,0.0009374380987174913,-0.0009960666205541813,0.012714271209602224,0.017402747135678576
2015-03-13,-0.012123038820340382,-0.00583042490856478,0.001445050857576513,-0.0034260622836302934,-0.001498901967163624,-0.002826480473381743,-0.006132333345256091,-0.0006064944503895164
2015-03-16,0.012010438756001163,0.01125354980055504,-0.0006313103946443688,-0.0009975037262291986,0.003472210677740506,0.0010004534960343925,0.013360327120472304,0.010317978267115446
2015-03-17,0.011609756658454318,-0.0025076133130339517,-0.005414660114975933,-0.004993892679052259,0.0020573791011369025,0.001665125968385972,-0.0029721423319543083,-0.0003604857290189223
2015-03-18,0.024483744400745078,0.02137002381384079,0.019598980855210835,0.008922321791541066,0.011479353549173288,0.01230427905272391,0.01202163191998884,0.02091346865360655
2015-03-19,-0.01692815132307779,-0.011692027371231206,-0.0007119500676271429,-0.007958790735321464,-0.004705602673733211,-0.005092070510036462,-0.004561589711820191,-0.0004702624566386149
2015-03-20,0.014940421119993719,0.02210460086065602,0.011399045051747603,0.007800390626093501,0.004078627136204327,0.002806321915043597,0.008826744195479241,0.025087618193606387
2015-03-23,0.0029940509390065095,0.005025701372468383,0.006339713151693793,0.0007744027931588793,0.0012933532058194697,0.0023053409572093564,-0.0019486776262266359,-0.0012636529345563252
2015-03-24,0.003980455715732134,-0.002121557354730852,0.002449897428068226,0.001546604778830618,0.003042450657842588,0.001477657593510484,-0.005619068278383432,-0.008513727825882555
2015-03-25,-0.01585766657745724,-0.004707558989835214,0.001396558108890389,-0.0026483170319018257,-0.004320986872472621,-0.0032797381272000603,-0.014653840889983782,-0.017252617016509264
2015-03-26,-0.009315158080752894,-0.0086969938985888,0.00653708688272836,-0.00011014747720594631,-0.005631910805332763,-0.0061700592469099425,-0.002381159869130456,-0.00522599742656471
2015-03-27,0.0027956952578287453,0.002616621426337229,-0.0036370435238182175,0.0007737419629609832,0.0038998424546985433,0.003973658132935931,0.0022896350739554094,0.0013134165883270654
2015-03-30,0.019260006331033308,0.0006139042143149531,-0.01138534318086215,0.0027638944106096464,-9.275275147535567e-05,0.001730758343708505,0.012199789758973623,0.01430936731223098
2015-03-31,-0.0022377363172901843,-0.015495478627596926,-0.0007911765968406925,-0.001212481591041703,0.002590854695299516,0.0018110924461434141,-0.008739503486555278,-0.008817370925087609
2015-04-01,0.012459268679048119,0.007168371927770423,0.017068403567705115,0.002061995731215127,0.004758645167142195,0.0028749048093394958,-0.0035360479828463465,-0.0014233208519734974
2015-04-02,0.015013746634610303,0.008664804557799943,-0.0027681634865752702,0.000773818911617763,-0.0028511531080334107,-0.0016426226883504702,0.003597232611893153,0.007601935529324866
2015-04-06,0.012851482408882564,0.010124200934725103,0.012231121417765056,0.002542995610736787,0.0012911325916231675,0.0013169494306692897,0.0067329626086682914,0.010373915046067994
2015-04-07,-0.005027435271682923,-0.0013665951001747834,-0.004970450072155241,0.005293023366980343,0.0008297774996164353,0.003615103840414191,-0.002646095617469979,-0.017617690973193323
2015-04-08,0.02093360723004345,0.004257873220905539,-0.00551200918339656,-0.0002196894309266506,-0.0009205172802498884,-0.0003274114460002364,0.0033771044685171336,0.001543678509970725
2015-04-09,0.009898696437321108,0.0013626631909540166,-0.006928232816320268,-0.0009872571947902031,-0.004053681958671396,-0.0050783472330233614,0.004423483289048402,-0.02075146925932747
2015-04-10,0.0007001684587482071,0.0019661713764562716,0.011336906536289382,0.002306130926926997,-0.0002779254654433627,0.001399688233469032,0.005457353323615299,-0.0007268227755584666
2015-04-13,-0.005830312071945176,-0.00633889695650891,-0.007157039081814864,-0.0018626885466919152,0.002035929080030918,-0.00032854421138783785,-0.004523256156041322,-0.0026659156214313695
2015-04-14,0.004456940292969058,0.007442367360986246,-0.006079528851422933,0.00043925905233987983,0.0029542870730911996,0.002302333765610287,0.0019133077134982912,0.0035236442558548298
2015-04-15,0.0070060185078753,0.004522647919130929,0.008650802539753588,0.003949994934731249,0.0005528795053755253,0.0006564445555079512,0.004486585060629489,-0.007506936883347914
2015-04-16,0.007885101764425473,0.002701757675521055,-0.0034653168571547877,-0.0020769032775347362,0.0007358311148704111,-0.0005737917752985933,-0.0002848234461696464,0.002562080881668871
2015-04-17,-0.017487735911567825,-0.012573026104163665,0.004955226470251928,-0.0030660684569134844,0.002022747827488347,0.0027071815663173293,-0.011503536567316619,-0.00462440257633423
2015-04-20,-0.0009366083811653825,0.0010610188235338214,-0.007612433088526105,0.002197449453625433,-0.0018349201202976229,-0.002372887445828864,0.009136728930413174,0.0014674341568037264
2015-04-21,0.0058602660734838885,0.008933835203899676,0.005753103431764384,0.0006566547192516925,-0.0021140552927751965,-0.00024579890864540044,-0.0011914317521688478,0.001708803839504336
2015-04-22,0.010720222352792463,0.0019511755458458957,-0.013433831333510171,-0.0009852108782014701,-0.005803995642907456,-0.006481011915450363,0.004914431335979463,0.0020717490064845467
2015-04-23,0.007378354102728135,0.0037446385118276027,0.007291591124513719,-0.00032885445299557503,0.0030573728335112627,0.002559860523487334,0.002515747761994813,0.002675462543051177
2015-04-24,0.0036623245105811275,0.005820012508377825,-0.01404151891618688,0.0016447369674370549,0.003510058913367642,0.001894392930632316,0.00232105069305355,0.002061949068899782
2015-04-27,0.0038765811121181937,0.004896277298619411,0.02016805588455428,0.00032887892455146783,-0.0015638758251841356,-0.0007402102174688396,-0.004158224007798084,-0.0013315251251112548
2015-04-28,0.0015904155407018283,0.0011810945078274404,0.008670770693864016,-0.0015332750575748344,-0.004611011838031587,-0.005922809534370521,0.0031792224255069446,-0.001939306538685348
2015-04-29,-0.012474407143250654,-0.008700721144627166,-0.007048909841977813,-0.0018626202193235963,-0.003704332017070766,-0.008275193647792278,-0.004114602812883228,-0.020157565381260234
2015-04-30,-0.015158470367013788,-0.010562211290491175,-0.017660816187341055,-0.0005501221234485154,-0.00027952930188746006,0.0008339332836373448,-0.010020529626995955,-0.016235196308714617
2015-05-01,0.0060630814022215596,0.01112618871139559,-0.0034370263986326366,0.0022299501097720054,-0.00546696547505765,-0.005517208449358435,0.010841494368667215,0.007558664931937242
2015-05-04,0.005795402503980807,-0.0010409833784710276,0.009020132884241638,-0.00022009148004475954,-0.0020603479355727483,-0.0031947841962132184,0.002847018882086161,0.0010001017014524827
2015-05-05,-0.010832112527192295,-0.014885467882295833,0.0028045547686559313,-0.0013212967819260513,-0.0016897050441373462,-0.0016872803620270327,-0.011451563199078585,-0.021733993071922475
2015-05-06,-0.012348785290088649,0.00256886163115988,-0.0005243625201353241,-0.0029793689686147262,-0.004887715978872165,-0.004308239663304736,-0.004117092846139592,-0.001914745342690538
2015-05-07,-0.0014151867130269835,-0.003315948149277159,-0.00821967852736405,-0.00011012404222121575,0.004250944852634886,0.003987487651027077,0.003989844610518434,0.015350947716411767
2015-05-08,0.012756813317743365,0.023136426460617532,0.004849259924502469,0.007856176090516476,0.0038566187924595763,0.005747342424055724,0.013166094849205168,0.013985285719338325
2015-05-11,-0.0095634784406754,-0.008720167690960512,-0.0038606864674344266,-0.006257380419173675,-0.009838970829751603,-0.010083785594461991,-0.004772881212171565,-0.015035127454061659
2015-05-12,-0.0032971182828640533,-0.0005963185583465203,0.00854400802548061,-0.0001111884548021802,0.0007571299029731637,-0.001442458955642878,-0.002991277042848073,0.0030280097127659555
2015-05-13,0.0018898041651376207,0.007459189521185516,0.01790395678391099,-0.0014362101660323479,-0.0013236733996382366,-0.0009352684473737938,0.0001904935569823074,-0.009558784340636617
2015-05-14,0.009905934054154741,0.011994645473000665,0.005405381698172951,0.004867957522797894,0.0034086942046254176,0.003402885336381889,0.010427689107875393,0.01930131299091231
2015-05-15,0.007706563171343328,0.0011707876477431434,0.002986844796122101,0.002202487317056301,0.0071722313155926365,0.0069537215498467475,0.0010840658440223194,0.010216100321778665
2015-05-18,-0.010196835008649319,-0.003361470849802539,-8.510283616403047e-05,-0.0016475702841216577,-0.006746489633091879,-0.007663612747702997,0.0031064428476499373,-0.002589958219218258
2015-05-19,0.0016390816510118977,-0.0038132322950753528,-0.013869956602948319,-0.0015407470110916366,-0.004432980836966305,-0.005346065682616419,-0.0003284613578934392,-0.0034619980187975408
2015-05-20,-0.0007015430168478831,0.0019138354134695668,0.0016395067944336983,-0.0012129233633558778,0.002179370208952758,0.0011942715410637739,-0.0007041016945230627,-0.0008681721022908429
2015-05-21,-0.003508688319712072,0.005289588859160421,-0.003359746584222556,0.0014350013617971946,0.005955956420192976,0.004772638195244205,0.002912556440823888,-0.004718855719481274
2015-05-22,0.003286168431537506,-0.0064307829947333195,-0.0007779753253159827,0.0007707825249150257,-0.002255251835071803,-0.0006784985271757193,-0.0023889854796818044,-0.001247550321509694
2015-05-26,-0.015909960741893436,-0.017946574139877103,-0.014619332476808355,-0.0020917421996858865,0.006216769725012616,0.004413330589909004,-0.010751743013655224,-0.007620564667990659
2015-05-27,0.00023765675331754998,0.009736397463865343,-0.00017561471177085508,0.002206417080300005,-0.0005616190204336124,0.0010137731042276776,0.00949230583114491,0.009818633636963003
2015-05-28,-0.013073137931447931,-0.0017798529648639372,0.0011414281685366845,-0.000439428477950754,0.0009363126374453135,-0.0021103805935304143,-0.0011284316175281806,-0.0019942945969083636
2015-05-29,-0.009634032960129324,-0.009659866341542145,0.0007016473724792416,0.0014313227918612004,0.0005616843847884301,0.0004231405968651014,-0.006212736069991065,-0.011491622498645881
2015-06-01,-0.003891219274511748,-0.002701271131037797,-0.0008764108278561666,0.0016801194913946826,-0.004412316866874266,-0.005604718694254829,0.00203670724286642,0.012256875566136749
2015-06-02,0.003906420011354328,0.004664350775185122,0.004035079688356591,-0.0018753905481257993,-0.0069629610104597894,-0.0051163351796005285,-0.0009927705338821369,-0.009237201308960885
2015-06-03,-0.005107083862796458,0.0055414735589678354,-0.007164072177032299,-0.0054151478947729315,-0.008527554175658758,-0.00642707842567547,0.0026498449282974512,-0.014363243995067276
2015-06-04,-0.015155263486637205,-0.010723821621888008,-0.007039801619628361,-0.003221897210078817,0.004874079797342112,0.005175233057335138,-0.008446957711927605,-0.0019173304639175104
2015-06-05,-0.004467636936898112,-0.011893979837721114,-0.005317250031845466,-0.0030094039459682698,-0.007228195570599283,-0.0050632031086250695,-0.0017132180615456738,-0.011142492608006815
2015-06-08,-0.00024945496593042904,-0.0013712577384475955,0.002940144666210953,0.0,0.0014373230322992647,-0.0006902436822315838,-0.006149588854080568,-0.0018132783042270617
2015-06-09,-0.005984871171932138,-0.005492971735260754,0.002220840372015198,-0.0016774680426092647,-0.0032521505945581897,-0.0044881285458926445,-0.00014378783196800082,-0.007266133698817123
2015-06-10,0.014551023374550276,0.021018789754764233,0.008509121495031247,0.0013435815293401099,-0.0038386259871642237,-0.0026875107161318246,0.011993100367664544,0.0070578735460933295
2015-06-11,-0.004945419393920791,0.0027050052870594143,-0.004570193783136389,0.002013438273749557,0.007899530116109332,0.008866950343062285,0.0032236739037245776,0.006100003674326615
2015-06-12,0.0,-0.007942862877801105,-0.0002648664906503839,-0.0036835915882678094,-0.0005733653983531761,-0.0017231011553293651,-0.00765496726897319,-0.0009027433065775803
2015-06-15,-0.011182997812363427,-0.00604204060209812,0.004415790737229308,-0.00470535140858519,0.0023909863664219877,-0.00017245208600957795,-0.004285361125480058,-0.005423285933065736
2015-06-16,0.000251214918301379,-0.0003038732471264405,-0.003605061549348698,0.00562788057992103,0.0038160979652992477,0.0025031729368913958,0.00545152085611722,0.008049254050035426
2015-06-17,0.006029797238277457,-0.002280516488850748,0.004677010066397758,-0.0008952458322702972,0.0005702432634486776,-8.588018318644863e-05,0.0016172469958384283,0.008499419887961102
2015-06-18,0.009240957194369459,0.00898981017590228,0.012911736850284239,0.0036972106021420093,-0.0007596429008421834,-0.0018089703642359956,0.010399288089649072,0.013791364501358983
2015-06-19,-0.008661198311499918,-0.00241621546164128,-0.0017342780850801987,0.0005580151263604449,0.005323591387682569,0.005349731653956358,-0.004439340806766778,-0.007683543119480052
2015-06-22,0.014478439193972514,0.01892207922499023,-0.01285617895780966,0.0020078109276167044,-0.008415861897576371,-0.007895973035398463,0.0051232797602625,-0.010281680467352339
2015-06-23,0.009842283884188063,0.002674224277798176,-0.006599788842205134,-0.0006676736842807784,-0.0030519456620653473,-0.0022488685553514465,0.0007078316934296947,-0.008336263826188128
2015-06-24,-0.007066085296618785,-0.008593803814060608,-0.0026574812063053788,-0.0026738599693381104,0.002965342188382847,0.0027744595922418736,-0.00726285249381875,-0.005432170861876973
2015-06-25,-0.003436438093997296,-0.0004409157295605093,-0.0013322133525454083,-0.003016330321438776,-0.00247984964516057,-0.001642786686275155,-0.0030400829097713133,-0.010143173477687228
2015-06-26,-0.00942674338855043,-0.00045586199968528085,0.001067192410014739,-0.0029125791864699213,-0.004780040856987133,-0.0045902353954122566,-0.00019072628954774906,0.007192635792708346
2015-06-29,-0.022289264071635784,-0.030727208516106885,0.0045309359212182265,-0.006855462521833666,0.011623747858341194,0.008700667655059835,-0.02097037404225055,-0.015547179980894943
2015-06-30,0.014856371104073673,-0.0036095598097994896,-0.006190828249150737,0.004752671590618984,-0.0027536193462177616,-0.0018974420209868503,0.0020934432825390203,-0.0004013463222252156
2015-07-01,-0.0007571776353947346,0.006457691758272821,-0.0034706717105629226,0.00016935910683235633,-0.005226473523482267,-0.0032065432273482575,0.008015406679600323,0.01646807345278023
2015-07-02,0.004799399103517787,0.001251976843544611,-0.0019646473844252554,0.003732479941050748,0.0035474433034505815,0.0038250627085854028,-0.0009158789363985509,0.0025026973498538663
2015-07-06,-0.02790343419691077,-0.020162512268610655,0.002684282539629823,-0.0032674957515834713,0.007069900304734977,0.003984681063180506,-0.0028458531242807616,0.006306287088421847
2015-07-07,-0.014998769263416145,0.0003189512827990182,-0.011600887477117294,0.0007913234801897318,0.0026560391698742247,0.0041405291628220375,0.006288643337482913,0.015668387586722954
2015-07-08,-0.03439214720806938,-0.023281821579608786,0.002979362543296782,-0.004970299467783157,0.003974106448347836,0.0013748709762799738,-0.016777003021426595,-0.0038566691102672745
2015-07-09,0.01930415864537882,0.016489940056147345,0.0024305003273175085,0.0022706324275914014,-0.006973310575001834,-0.006606091967060745,0.0018088734391699113,-0.004775211112000632
2015-07-10,0.025339747958225134,0.03276585095044093,0.0011673603870820948,0.0057763469103457865,-0.006928534865664915,-0.006391415483492091,0.012591375654839698,0.008299059652991936
2015-07-13,0.006763773047926858,0.003732483099678996,-0.00448470723455352,0.0009007747372984376,-0.0026759577009699553,-0.0021729867168321926,0.01103738953524891,0.001414756968283859
2015-07-14,0.0018089990448142412,0.008366959944639651,-0.002252455219495131,-0.0010118810992273408,0.0031619246543530544,0.0008709897832477331,0.004337809806945314,0.002054685904407272
2015-07-15,-0.01134924365752299,-0.0036880723241037305,-0.005237440968471563,0.0,0.0038209321426516674,0.002610695460669943,-0.0003320159833293257,0.0016661515551683603
2015-07-16,0.01252307491332827,0.008636788029569908,-0.0036310957932229604,0.0015761463445780333,-0.00038072257627175254,0.0015631958328288231,0.008024472716984032,0.008060127010037776
2015-07-17,-0.0012883632694652425,-0.0016819446734454013,-0.010112979124889843,-0.0026987593600712456,9.524017001338869e-05,0.0006929776385338204,0.0008476713176663875,-0.00355390331105776
2015-07-20,-0.0064498128989861625,0.002603931951784322,-0.027151445340146352,-0.004623239811125224,-0.0019984567534907516,-0.0023383949955081418,0.0005176639694162155,0.0011462169670148903
2015-07-21,0.00025941484972658024,-0.0029027847433190646,-0.003121988752958438,-0.0018115407446016585,0.002765832952532188,0.0020841164603109252,-0.003951236318488038,-0.002798597195899588
2015-07-22,-0.014278124966280115,-0.007660452810373086,-0.005409506310776968,-0.006468749134517893,0.0012363176950447308,0.0012994991021642033,-0.0017945609324007128,0.004337552220761598
2015-07-23,-0.009745034100161476,-0.0026247561043021284,-0.004484744341763047,-0.0005712962175585812,0.0040850951395812185,0.0029416114452991415,-0.005630001321303868,-0.012448972018529347
2015-07-24,-0.014361277598659239,-0.010990609398959461,0.009776637833459612,-0.002857017053569777,0.0009456190404373288,-0.0004317226595820234,-0.010372098093933801,0.0042449816219498615
2015-07-27,-0.018888155183210853,-0.007356474266824398,-0.00465114258060384,-0.004240839851920253,0.003308018937035806,8.630433504452917e-05,-0.0058173026963955765,0.0017930358197308927
2015-07-28,0.010175735786646323,0.01261461015316434,0.0015258061394580746,0.0054102263812627616,-0.002826490884571542,-0.0007762845693610743,0.012283091512863997,0.0006398190656837777
2015-07-29,0.009801246598760915,0.003581127838094167,0.0014283139466164663,0.0058382705659731915,-0.0014162349419938325,-0.0008639300899978553,0.006878723257484731,0.006516227270755293
2015-07-30,-0.009975395736484316,-0.0007755217549847426,-0.008557588110186587,0.0029596189253628946,0.0011350204274993558,0.0005184376168401172,0.00023783453350478823,-0.0049508964947818646
2015-07-31,0.010892949248185957,0.005900472109821697,0.006329756242044127,-0.0017030353253605357,0.0058585016897410025,0.005183532077898345,-0.0015182545168918038,0.007909894186738153
2015-08-03,-0.016702433757760482,-0.0026242694128376653,-0.007910052688847147,-0.0018720849249977967,0.0030485902785262198,0.0023275494595820234,-0.0033728174889537943,0.00620272454246118
2015-08-04,0.0035614356981052975,0.0007740908329689766,0.0020172823011603835,0.000571977594967743,-0.005158580030174331,-0.005074187557370324,-0.0019543976214676517,-0.0072965734639804936
2015-08-05,0.00027332637199362075,0.005258196712287555,-0.0036429610038530846,-0.00137224240608258,-0.003866759678593179,-0.00388881865247781,0.003295757934293597,-0.006589983765331708
2015-08-06,-0.008733837667005084,-0.0041537925381648355,0.004426047177157111,-0.004121915302891854,0.00350250345203329,0.001909127474364114,-0.0081881526574491,0.0014033117098104508
2015-08-07,-0.0005506492581728306,-0.0018540476728117206,0.002490680503407061,-0.0031040749359247943,0.003962177025323754,0.0034640948953230666,-0.001919505166114721,0.0036944486274705923
2015-08-10,0.016804390318473805,0.012227207452425892,0.010224554985406531,0.0028831336054437884,-0.0041343526528220265,-0.003970328684605784,0.012599262193711658,-0.0031727626732458436
2015-08-11,-0.021945339547498333,-0.015290369473925702,0.005107840610028225,-0.004599893331257321,0.006604689506441108,0.004159251092371807,-0.009023432207010074,0.006620800813837091
2015-08-12,-0.01551234358009268,-0.007142810355302398,0.014022189288677822,-0.0013859587142144303,-0.0003748011357344039,-0.0015528604113689282,0.001198157813723677,0.003161851701233065
2015-08-13,-0.0016884083350620083,-0.0006257616367707497,-0.00825985512434746,-0.0012729293876706516,-0.0026256903802237552,-0.0034572962734128465,-0.001244641964389781,0.0011346550180300063
2015-08-14,0.0014093523117708617,0.0015650535733369164,-9.360037594363657e-05,0.0005788961636725709,-0.0010342400850746891,0.0009539700011422791,0.0036427113364183583,0.005415648746495583
2015-08-17,-0.010976409674313015,-0.0018750307417543244,0.0026204846354274114,0.0,0.0017881305186404628,0.0032058293306524988,0.0055867283936053,0.008518426616230812
2015-08-18,-0.010814280957289424,-0.0075140472566959104,-0.00018665773900006233,-0.0012734983716854442,-0.0015973450296453695,-0.0037999642379049625,-0.002896777070443446,0.0027324236294365978
2015-08-19,-0.012370283935014825,-0.008832785952109456,0.013444145581183786,-0.000926577751169777,0.006115878083401194,0.004854739597558222,-0.007905520049290349,-0.005945759832170827
2015-08-20,-0.015729634933836945,-0.024188642986299635,0.017411325071518213,-0.004872746414168572,0.0027125123226485748,0.0006039468287335481,-0.020881618147502445,-0.007351666400360779
2015-08-21,-0.030778551291482992,-0.0228310851743615,0.006247689213677798,-0.003614768050129058,0.004010266603084789,0.0002585127056726755,-0.030102125096042043,-0.01857903125004179
2015-08-24,-0.04366417634563391,-0.03454579998537444,-0.005399068558895714,-0.008191363069454893,0.0016721544913276265,-0.002758203269480397,-0.04210695954077648,-0.04681526871409447
2015-08-25,0.012771436882106801,0.009507274265698529,-0.01239478089494117,0.0020062992546949765,-0.0054716602664153235,-0.00510030989971666,-0.011767850946285074,-0.027509667783210734
2015-08-26,0.0331023733551572,0.02363007384488358,-0.013649738394807875,0.008359314733864753,-0.0061541885287295095,-0.0006083917416630502,0.038393902493848,0.027045945426192652
2015-08-27,0.04424781977444958,0.012211511066772873,0.0005573064828525709,0.007473286354185982,-0.0005632859249616873,0.0009563898860067699,0.024734780133457646,0.01934724435732904
2015-08-28,-0.012857990660163576,-0.0014872511804027155,0.009003931691107248,0.0009274982833846757,0.00018783724072690688,0.001824444149604476,5.06059209479659e-05,-0.0014499997657008157
2015-08-31,0.0017760175745293871,-0.0074479428572725714,0.001103981140304633,-0.0013898001926138104,-0.0016892094710483363,-0.0025142538907433343,-0.008079088184390959,-0.02283550194930628
2015-09-01,-0.038711636713140374,-0.033516912327694715,0.0034919799162251852,-0.0032266207687894344,0.004491462035573157,0.006057628494567702,-0.02984750433655059,-0.019046057868467026
2015-09-02,0.014448348782021725,0.014837791936849642,-0.005311302361437398,0.0040899569830872284,-0.0027189669607309286,-0.0014724651435208402,0.018980435974932153,0.01032788537209961
2015-09-03,0.003939311242932231,0.0023801822819269347,-0.00718105679403469,0.0013966404251024578,0.002444650308875973,0.004772187058268651,0.0007166709827393092,0.002726003312812031
2015-09-04,-0.02988231739665992,-0.022896855622984935,-0.0032455349221680585,-0.0010460194058391492,0.0030947592423591352,0.0022453912672097953,-0.015136553366432715,-0.018621802347683403
2015-09-08,0.03173632379295199,0.029335166100471266,0.000279084378947525,0.0054670801062510765,-0.004394124664044652,-0.004653116174451077,0.025130793629917436,0.015096953772478106
2015-09-09,-0.0051266240741763,-0.004047195555349603,-0.012927822107945297,-0.0012719833963756866,0.00037552118211348073,0.002164282205011858,-0.01337184203337205,-0.01146156569523027
2015-09-10,0.010306230922642046,0.006603518543385034,0.0023556016816155267,0.002432841446884604,-0.0022526473593850183,-0.0019864925447008464,0.005441936547696313,0.0022083159809744846
2015-09-11,0.00390038047725505,-0.00016825569401834883,-0.002067997715628156,-0.00034681746879627884,0.0026342361178435247,0.0006921024790713659,0.0045445413080227315,0.019143762855532875
2015-09-14,-0.0014945079212987933,-0.007570562629240274,0.0005651616100608159,-0.0017346104183918465,0.0009382811004920999,-8.647710422149402e-05,-0.003710480043297437,0.0005402547869439722
2015-09-15,0.009577988240516921,0.006780742754934899,-0.0030126124190049675,-0.0002310905277668196,-0.007873734377668917,-0.007525317010397825,0.012499142151656484,0.00985978806909693
2015-09-16,0.02431069727609647,0.015322652819003801,0.013314409937664529,-0.003591112739690816,-0.00028381154949963516,0.0018302389434856625,0.008666334679724885,0.01069921147521491
2015-09-17,-0.002315506612838636,0.0004973893616915248,0.010250732723341871,0.0008137756266657359,0.008316997941713034,0.008264276678481286,-0.002247623282831901,0.011380163010835886
2015-09-18,-0.018566833471367672,-0.025029198794517815,0.007379350570420495,-0.0027873005856424715,0.004686202363963776,0.0030201572969708046,-0.016341506682921003,-0.001700876332358936
2015-09-21,-0.0017735365413623638,-0.0005098149462287038,-0.0062265388780913256,-0.0018641592570524113,-0.005690698334594124,-0.005075362017788798,0.005167559800999699,0.008519104187049154
2015-09-22,-0.018655651261366146,-0.02381360476821004,-0.00681837162160448,-0.007234997186843728,0.00497251477630356,0.0043227455782888224,-0.012979588107014717,-0.012605645103910268
2015-09-23,-0.01599278924683012,-0.004704775476658707,0.003989241131120869,-0.0017628897687143041,-0.0011198747502514372,-0.0006029100496824924,-0.001598832255285898,0.006274340618693364
2015-09-24,-0.004293071686232164,-0.0028012590480113175,0.020975758801157207,-0.004946776686423737,0.0014950226208059192,0.00017292694571890976,-0.003615641321158325,-0.009379100740934954
2015-09-25,-0.0021559405256856845,0.008778328731220197,-0.006154405994415857,-0.005088278001067259,-0.002613339413928051,-0.0030146940385405996,-0.0002592781609165318,0.004000505079902128
2015-09-28,-0.021296375693295233,-0.01966585636008078,-0.012658222571280353,-0.015344680918468079,0.005708378248389545,0.0017279326849479748,-0.025097308812305652,-0.015539841712997382
2015-09-29,0.004730653608228108,-0.0014205065353130042,-0.004058244045771819,-0.00012089761679034972,0.003442306443285137,0.0012936418891693613,0.0005851124612878955,0.010658117988475935
2015-09-30,0.02887625776455449,0.019022399906108545,-0.010372316278596583,0.006283003581398994,0.00018604311427128373,-0.00017289704716061394,0.018658257020582658,0.008410386907715228
2015-10-01,0.005490963353338207,0.003140501159186071,-0.001216519302596475,-0.006418095801493995,0.0007789219279448201,-0.0002238726273370295,0.0026093002556568656,0.004897838090352602
2015-10-02,0.02669906188239901,0.017043297947664238,0.021174875253005654,0.0009711620932668641,0.004824599905279836,0.0044071152249400836,0.014937777345231718,0.007245488022249669
2015-10-05,0.02157222774463019,0.019835898114691997,-0.002018545050144094,0.012008695479574394,-0.0055397922479040185,-0.0026676249235886296,0.01779463532589398,0.016871564122793226
2015-10-06,-0.0017357130447138713,0.0011737724281952744,0.010021182319808863,0.0055133961659661335,0.002042494256134564,0.0019839948217073022,-0.003426011912423088,-0.0023151718382382613
2015-10-07,0.026659156535866924,0.012560783396692532,-0.0014564323795780432,0.010251706360848933,-0.002501936500113877,0.0035299417628098517,0.008190456464956863,0.011473617479124343
2015-10-08,0.010725215951197242,0.007939088362759916,-0.005104809244962594,0.004130062707699889,-0.0026000804935369937,-0.003946298346760302,0.009026463815851038,0.008411945294315215
2015-10-09,0.0036301947328440942,0.0018050404072584847,0.015851231139897504,0.00011711915793699568,0.000558631969958201,0.00043047201371293475,0.000596767123823172,-0.001643395914563528
2015-10-12,-0.007512769659188345,-0.0019658068795121997,0.00396856499604703,-0.001879486741304337,0.003350282874922561,0.004046630750044855,0.0009434058670041434,0.0070894573473907485
2015-10-13,-0.016259758727479756,-0.012637359356403088,0.00494118285707712,-0.002354637996894171,0.0009280584479054443,-0.0007715282326670181,-0.0063019058406671435,-0.007793640833937299
2015-10-14,0.007694545635906103,0.0019950643150115077,0.017432477539802038,-0.0007078511801934528,0.005467553800623026,0.003946931110446306,-0.004794295361326029,-0.007474889270328466
2015-10-15,0.0243212348918993,0.017086721580753084,-0.004568989141737645,0.002361787411827132,-0.0034104608222774724,-0.0004273875739583266,0.015355080936377385,0.013658429257045412
2015-10-16,0.0008283213282775925,-0.0008158419547455997,-0.0070615504042084165,0.004593921008040347,-0.0008318531976737598,0.0003418469362979071,0.004546227129061053,0.00755559682964746
2015-10-19,-0.01020728444204988,-0.0034277674382493517,-0.004178160099818973,0.002697173688328114,-0.0004631762282820695,-8.51234218284258e-05,0.0004918330719807518,0.01399793427062046
2015-10-20,-0.0002783623002197144,-0.004095287047103269,0.006338214025568112,0.000935623829877219,-0.0034268385167597337,-0.0018810548593442,-0.0012785312745526856,-0.00036937675771231415
2015-10-21,-0.014497098337364012,-0.000493125726766408,-0.008870752862782494,-0.00105135590783334,0.0034386221194833144,0.00496727775758532,-0.006203270528517324,-0.0036991835189568167
2015-10-22,0.02065048271051695,0.01118974125632266,-0.0003580140904458906,0.0003505044670339963,0.0010190091224890896,0.002130367571379077,0.016893542933726025,0.008787322231221584
2015-10-23,0.005820818078180023,0.009926631669218366,-0.0017011588974217284,0.0035076113141652154,-0.005643920975559769,-0.003656204201639923,0.010961840766090525,-0.009692101574566125
2015-10-26,-0.009093423853417493,-0.0037058545892194594,-0.0006277999535804213,-0.0010488101247952963,0.0026052497721176238,0.001792500540152897,-0.0024575260979988744,-0.0002479863645293845
2015-10-27,-0.011401587981280548,-0.008733766341752602,0.0022435609738429285,-0.0032651901768430136,0.0025059740469981495,0.0002550174203441724,-0.0019324096409385483,-0.00037156292481010933
2015-10-28,-0.011532878326783291,0.006526285034969881,-0.008058752895948817,0.002690700542681723,-0.005183608824065877,-0.003917926556458395,0.011374468979502117,0.0008676175599975355
2015-10-29,-0.009391016138865727,-0.007294443538408579,-0.009568492239339532,-0.0025665360159770056,-0.00614107330555258,-0.007011650529594182,-0.0005742256841128057,-0.0013622794216169298
2015-10-30,0.0017232570291032534,-0.0021227872349658394,-0.0038279088978543374,0.0011694437064988517,0.0019658278259653272,0.002582704170703609,-0.004309428623192169,-0.009177879256200061
2015-11-02,0.019787929804759852,0.009490977988185989,-0.00649594413580179,0.0030998863688445066,-0.0028737793851060234,-0.004298133388079051,0.011830593681114943,0.021279186308284403
2015-11-03,0.013217094825659359,-0.0003242924629097699,-0.014826347133739204,0.001052605955991437,-0.0026276361200167075,8.619743840032612e-05,0.002899333342852639,-0.010049967246969382
2015-11-04,-0.0080487473160048,-0.005513221214068054,-0.009441036684777915,-0.0029226671249761305,-0.0010343780469288522,-0.0011243093161705797,-0.0030329837522363734,-0.00445735938609515
2015-11-05,0.0016787559903956861,-0.0017934764572253847,-0.0031141061362016664,-0.003869560554017437,-0.0006597794820301095,0.00026011021101202125,-0.0009984620603025185,0.003979796261164292
2015-11-06,-0.013966526912001287,-0.004573571714896474,-0.014577820185771806,-0.004826246719659144,-0.006786765463769995,-0.0064933792412059654,-0.0005232089839115606,-0.031091255602529677
2015-11-09,-0.024929207495783867,-0.010338076687523734,0.0028818737382825255,-0.004140046151073107,-0.0017081236653121445,-0.0016563144595672652,-0.009331413809441802,-0.017131572743780965
2015-11-10,-0.00435791095966831,-0.0006633382306294733,-0.0021072913552456773,-0.0022568676771219653,0.0019007519197178357,0.0025317892527816355,0.002306417833591201,0.011446562929082083
2015-11-11,0.0020426310483749877,0.005143561903713678,-0.0033595553186392957,-0.002380880457830359,-0.0004736869919520492,-8.733244777203719e-05,-0.003931503921813739,0.0011577390612331762
2015-11-12,-0.009609866297389247,-0.013040517345228486,0.00019259022164841433,-0.006682680426066567,0.0005694134985601007,-0.00034820092004650416,-0.013960020049309962,-0.006807802510198635
2015-11-13,-0.013819319402807562,-0.00836265105845424,-0.0027924980239610875,-0.0028836435320772624,0.0037953129752210657,0.0029616085913808377,-0.011228303020988983,-0.011381796743223593
2015-11-16,0.01937972754718098,0.012649495329310367,0.001448450457852024,0.004699279749218244,0.0013225791248396845,0.00017383955591898648,0.015207300942750246,0.011512833473760642
2015-11-17,-0.0029247706891624148,0.0026650221312325417,-0.013209938855231806,0.000719714968013152,-0.00028258983306006513,0.0010422779660337333,-0.0007296276278105918,0.0
2015-11-18,0.010853395242183206,0.009136144094348486,0.0008794603332600293,0.0019171605956311843,-0.0004727375616377927,0.0002601538189530572,0.015865924124286,0.008794252194162189
2015-11-19,0.008996385589249423,0.0051030952308415145,0.011031897393842582,-0.008969665394064297,0.002173087069108126,0.0029479317714051767,-0.0008625951894595252,0.0030769770004073216
2015-11-20,0.010065795944698142,-0.0022930368640672327,-0.004538443721352925,-0.00024206210923827243,-0.0013194223347114953,-0.00017278519078367527,0.003644553297772468,0.01252525007121652
2015-11-23,-0.009396159604735943,-0.006237445672387487,-0.008051161423458963,-0.0008455537942673175,0.0013211655099931718,0.0003462058316492378,-0.0011468238051881574,0.0021463898135092307
2015-11-24,0.005173861606171171,0.0001650520885230211,0.0066497192545516,0.0013295381997466826,0.000942680119564443,0.00034541456174164153,0.0013392940729770597,-0.0052903750054869025
2015-11-25,-0.007720811067800315,0.002312002514299527,-0.004662942933256753,0.0010860126395857428,0.000564947238943958,0.0009512161327023261,-0.00014332560986873855,0.00405199437882553
2015-11-27,-0.02190232602807496,0.00016481795999667703,-0.011809477798990442,0.0015663702442056948,0.0010353957511632927,0.00034525454619482865,0.0011465082946799932,0.008702357086613155
2015-11-30,0.001473730316662314,-0.0008236065209205057,0.006617265866126543,-0.0006013023087044767,0.00037560302105466015,0.00043199382050596036,-0.004151409052455812,-0.007376755587508166
2015-12-01,0.0076489310761664875,0.01055234860047971,0.003532188155604299,0.007113964693242547,0.005318588182502637,0.007517811691438281,0.009535645689752625,0.013855181027779606
2015-12-02,-0.011970836176511623,-0.010605449772348341,-0.015545525585325515,-0.0020419427514090094,-0.0028087911984060465,-0.0024044858653797796,-0.010205038429852098,-0.020374993112050155
2015-12-03,-0.005614396195622429,-0.004782183522944794,0.010626672647533919,-0.00264870843209819,-0.010516206565733155,-0.013256547440533173,-0.014003178309890396,-0.01572610271892083
2015-12-04,0.00683484996969419,0.008119306014142236,0.022209065049059173,-0.0022928903904607667,0.003700630137660088,0.005409414790810585,0.019503093764873913,0.019069425866382383
2015-12-07,-0.01652886632759676,-0.006410318078764465,-0.012978259158702654,-0.007016599585682903,0.00321426487282217,0.0017352619611012976,-0.006058478843399606,-0.002781103657234385
2015-12-08,-0.01110435437757551,-0.014722761051535027,0.0016557725915762322,-0.0124270823531889,0.0005656856114184539,-0.001299575359606564,-0.006719262482927868,-0.0008874929547668664
2015-12-09,-0.008194355881225635,-0.004533361899610178,-0.00194473896697811,0.005180952387248361,0.0015068803691469235,-0.0002600421863272473,-0.007779806550454738,-0.005583641984592158
2015-12-10,-0.006732028078591412,0.0001685318712889572,-0.0008768154562138752,-0.004172099301718024,-0.0021633205720359427,-0.0023427160994352603,0.0025808541885214975,-0.007146601156780008
2015-12-11,-0.028034592244024603,-0.019055475344740724,0.005460726883753653,-0.019966087115167563,0.008011541258746924,0.0017396126403514955,-0.01938091240626727,-0.0017992467445209215
2015-12-14,0.016165020793624585,0.0015471692640158796,-0.012801859053540698,-0.008676806946499638,-0.007386170292889682,-0.00737873774892317,0.005052573441246766,0.004635178996838185
2015-12-15,0.015283825082198277,0.004977632016716971,-0.002652561843328849,0.01636432633959428,-0.0025436992911375134,8.746536216852618e-05,0.010497991930392248,0.01089475420047914
2015-12-16,0.0196620191644592,0.020153775838506194,0.012115872710852793,0.007613758254877645,-0.0026439450651858376,-0.0001746251895239359,0.014631881677566572,0.019525514474034944
2015-12-17,-0.012955731131046089,-0.012723956132313585,-0.021897810218978075,-0.011148191542790675,0.004166191881728842,0.0011368585527922193,-0.01523832562737859,-0.004974471723214524
2015-12-18,-0.0033576831022041898,-0.01051390368129701,0.0153233921943019,-0.0037584897035271014,0.0035836334107743895,0.0,-0.017815019011373057,-0.011623504029022902
2015-12-21,0.007807412057271312,0.004633425493373977,0.010878092908588544,-0.003143006677488902,0.0004692422467202917,0.0006985059878017452,0.008248940819928219,0.003920313541992959
2015-12-22,0.008024826101682203,0.00757189241000944,-0.005235103320787249,0.012108104381410634,-0.002817505263283615,-0.0013090139222173836,0.009074617510521632,0.004030410012561214
2015-12-23,0.014084420342957538,0.016737720627503228,-0.0029237213719258692,0.006355696798827415,-0.0022600620609916078,0.000874271110310687,0.012383053656460197,0.01027809479620534
2015-12-24,-0.0036231601286756954,-0.0016798914655946628,0.007232973422174549,0.0020418655857679102,0.0018341676802287044,0.0032574869925661165,-0.001650481342804988,0.0
2015-12-28,-0.006969581938225056,-0.0023556472339328893,-0.0075692031595538944,-0.00596302892266054,0.0001880004334251506,-0.0012219254277798797,-0.0022849443323110785,0.005540456001749128
2015-12-29,0.0009154276732163957,0.009951056677136583,-0.000684459735229348,0.005749710499107552,-0.005282952836577093,-0.005157323834749206,0.010671912042234721,0.010643761786483186
2015-12-30,-0.015548985934906723,-0.006011981714050263,-0.007632082217105096,0.0007458116305212315,0.0003789377519147763,0.0,-0.0070874514627604634,-0.003469214795961295
2015-12-31,-0.003096934907589999,-0.01344095039588411,0.0003944085609299819,0.0006206465894680324,0.0011384038532458174,0.0016698290380816605,-0.010003629885293908,-0.008703122458567858
2016-01-04,-0.027337719974583674,-0.01532695731576672,0.014094227459880093,-0.005957356165620542,0.00426129233291328,-0.0005265219590913084,-0.013979286664155377,-0.012040878114284226
2016-01-05,0.002235754024250136,-0.0015565439120220903,0.0028185529910356166,0.0018731012774055866,-0.0002825456596344811,0.0005267993305069218,0.0016912635487236205,0.019296869318795373
2016-01-06,-0.019120387870267708,-0.01645611178374551,0.014440762350867997,0.0,0.006036778610257532,0.003946543844444372,-0.012614432023375977,-0.0027400652187840047
2016-01-07,-0.030864203770663012,-0.020781721408792753,0.014139709399294764,-0.006479539565602321,0.0021566707697653342,0.0007864373059871532,-0.023991404955186812,-0.01948310868961678
2016-01-08,-0.010727425725923778,-0.012050420735297496,-0.004427708091822691,-0.0026342754664387957,0.0025260078079407666,0.0007863008743118627,-0.010976468536262551,-0.013373833391529533
2016-01-11,-0.0003390953316119161,0.004187445694286751,-0.008894799760520211,-0.0015090247371460919,-0.003173292614385259,-0.0032277100917932344,0.0009901254344353294,0.005679972846441617
2016-01-12,0.0020340451666580606,0.004713252352598785,-0.005060137388834152,0.0010079564867593316,0.004494401389843361,0.0022751807182850303,0.00806796099491569,-0.006675180978645723
2016-01-13,-0.010487131314066978,-0.01551789119131497,0.004893984653210337,-0.011072751965929495,0.003914520166692359,0.0030555870233495153,-0.024940464068578194,-0.01434461118671948
2016-01-14,0.01299157073525814,0.012829939661852974,-0.016233809757639994,0.00445332796659792,-0.002042154935866014,-0.004961439410934965,0.016416687002814623,-0.002360055749205059
2016-01-15,-0.039487059980993555,-0.036192459160232504,0.010289314914859515,-0.01317288866735411,0.0046510374236603536,-0.0014873021458652325,-0.021465907512426385,-0.0068340422645588594
2016-01-19,0.014757439458151778,0.00920004137673014,-0.000960784707550344,-0.0034655332064208455,-0.0012962328043448768,-0.0044677792521520265,0.0013307792599657198,0.005293276294934701
2016-01-20,-0.021814444089563345,-0.022697656452700166,0.013367949074563512,-0.006697532760753244,0.004914126548259734,0.0014962993025813276,-0.012814380455257068,-0.026852766068415357
2016-01-21,0.0038940438488501705,0.007424343332395056,0.001138797703897687,0.006742692162406527,-0.002490779493550699,-0.0029004865910906563,0.005601870045779167,0.005545309218588423
2016-01-22,0.03420281949071735,0.029478514715403747,-0.004644969889963546,0.015326656626661217,-0.0022202218823655917,0.0006167292000711644,0.020514798760493447,0.02784542820809044
2016-01-25,-0.017047071741548736,-0.013399499151035998,0.010285731724330338,-0.009894055595813578,0.003337518781066251,-0.0010568205249393836,-0.015116345127667241,-0.006281875450171115
2016-01-26,0.01456795965381974,0.017860372862354756,0.011406476843766722,0.008968474726697595,0.0007389848815189115,0.0028215910516840026,0.013643465556965273,0.020940280324913463
2016-01-27,-0.003418886082843353,-0.006397047857381599,0.0037282274439893737,-0.0015242871873826225,0.0007385286505279254,-0.00272567391802625,-0.010883575376124832,-0.019349853346759316
2016-01-28,0.015780598941709023,0.0029433408331953625,-0.010678814187088714,0.005087358092250138,0.0012917171953761297,0.0011457720670302596,0.005209486308226152,-0.007629684040630247
2016-01-29,0.03242146882937513,0.017608026264105847,0.0038482826092700595,0.003289952378696004,0.005343858495648446,0.005195929644613795,0.024376998859927168,0.020546247905903536
2016-02-01,-0.009486520331753012,-0.0010814946087790434,0.01028523735300313,-0.005944025885068038,-0.002303425333877618,-0.003189375693649854,-0.000361201806046374,0.0016882942178646498
2016-02-02,-0.032364479836757276,-0.023276600994328156,0.00037013683482878257,-0.007140111457089149,0.007083516923693134,0.0018509648481510599,-0.01802231399984222,-0.009076439393058466
2016-02-03,0.028327600667988673,0.008313163369704446,0.010731831819877025,0.004880332363601747,-0.0010962690965427013,-0.0024636515582189267,0.005994974904025785,0.006673547945129865
2016-02-04,0.007633780006758295,0.0012826290860399325,0.012082377069329242,-0.0031957826108618415,0.002378107185598166,0.00044105202842215085,0.0015680093915937388,0.000519857159618331
2016-02-05,-0.011528484593829824,-0.015370589275584323,0.015827077912906162,-0.0076920539866753845,0.0012768905063522684,-0.00017572238191110312,-0.019050021136356676,-0.018968460344503058
2016-02-08,-0.013662178828300342,-0.01858395784010991,0.013443751249405,-0.011628462792705352,0.0074711935342755,0.005202374259789755,-0.013461107525056137,-0.028605336316812058
2016-02-09,-0.013851419397129638,-0.01155088218983058,-0.002196257541759894,-0.0037903935671907973,0.00018131683980149305,-0.00342112698127206,5.407739666329903e-05,-0.018404899748541093
2016-02-10,0.004111211379448809,-0.001149350473789168,0.007747818623272451,-0.0014433468106602731,0.002984011138815079,0.0012319800884752485,-0.0008629465902335598,0.006944125792085032
2016-02-11,-0.01671802502355202,-0.014576093590476735,0.0401886992042193,-0.006701268191088849,0.004598258431318003,0.003340549722734565,-0.0130078390713666,-0.014206590722289358
2016-02-12,0.017349068049188565,0.01751652019632477,-0.005879363032051943,0.014948930386650128,-0.007628598552620769,-0.005607421508484034,0.020616566913820966,0.011473411668015077
2016-02-16,0.022169173956381627,0.020275417984094046,-0.030331226332987904,0.0009123638130430489,-0.00298331887684411,-0.004757890190515313,0.016878358954903305,0.01839792009313901
2016-02-17,0.019686214618646725,0.017247699984918485,0.00618634429410414,0.00820335775742187,-0.002449876483748392,-0.0002659696204454498,0.01633498701870173,0.008557920792273688
2016-02-18,-0.005890007764375205,-0.005160099890054615,0.02433319602449635,0.0009042010234652231,0.004637736190011177,0.008147109126918961,-0.004095995880169512,0.010100932962667786
2016-02-19,-0.004608233575851051,-0.0011117407414006353,-0.006002190201855551,0.0019362266212550328,0.0,-0.0007023872469898995,-0.00046847768027036274,0.005733275586816466
2016-02-22,0.024801357322705275,0.011313192963605445,-0.01777516528948675,0.008629699207347352,-0.0009959496471397822,0.00202200349013415,0.014479181857457002,0.00954519600988446
2016-02-23,-0.02129680222825736,-0.016321185736295707,0.014979681261872324,-0.0020433760629847697,0.0019929208575932833,0.0020174407394877303,-0.01262976080784084,-0.0026262896571447314
2016-02-24,-0.002308072477373968,-0.003542291260516195,0.003327072049028157,0.0016634834209914295,0.0,0.0009625811621085667,0.004575841117370194,-0.0011850756647500127
2016-02-25,0.0033049307811374717,0.011973907578109122,0.0026358095143692584,0.005365347150115163,0.0029835667620303763,0.005598287781779732,0.012111749688133111,0.020432411422685925
2016-02-26,-0.009881659580221247,-0.002588399871203295,-0.006869043174790868,0.006733973261585202,-0.004867891211977504,-0.0003478852908530561,-0.0023014307857464056,-0.0051674566904568175
2016-02-29,0.008649433830485664,-0.005931225570560028,0.013064629590324062,0.010728314284150553,0.0016303925292067145,0.000696299848249593,-0.007842766157799774,-0.00389555445177292
2016-03-01,0.03561993321913759,0.026104646850529267,-0.0073331317520045625,0.015805288267483952,-0.007815700883219479,-0.005450027545679914,0.023507351663697218,0.02815807405344639
2016-03-02,0.013375922211930513,0.006905254359239832,0.007726956678680841,-0.006796897402052693,-0.0017346674903132575,0.0020158913245893473,0.004492628115730035,0.0072270669702043655
2016-03-03,0.011313551003645728,0.00974565362809332,0.017273365743903035,0.003359458534330395,0.0011889355223577702,0.004726211065192221,0.003919368317119032,0.005286832918541151
2016-03-04,0.019888149472788053,0.007328054090024683,-0.0015737798071993048,0.0028521458735490945,-0.003379284388392634,-0.00017461769423643414,0.0032537665189915632,0.00012512355679539233
2016-03-07,-0.0015232429088951616,-0.0012420272645017327,0.004977588099916774,0.0012361855832885293,-0.0020159042778840064,0.0011321559421084704,0.0007980933893882991,0.0026293667873942272
2016-03-08,-0.01708915180228754,-0.009771027525355191,-0.0046227304062674834,-0.007039765609414772,0.005784885072421808,0.0053084351105481264,-0.010917707099243557,-0.010239603247887752
2016-03-09,0.006209328489712895,0.0037676218398094985,-0.00829324916913754,0.0024875636175343274,-0.0039254154307578615,-0.0011257584915310703,0.0049397303272877835,0.005551345898066051
2016-03-10,0.0015427342026483881,-0.0016087544643637042,0.016056181130168712,0.006948434889815669,-0.003574773022060773,0.004159138262741502,0.0008021147652297334,-0.003638843544101822
2016-03-11,0.02094904358237204,0.026136848626888254,-0.01720161594971703,0.012074532186846731,-0.002851680358317177,0.002847303877216767,0.016137195733658904,0.022415327475911573
2016-03-14,-0.006035220462450086,-0.002093465000551742,-0.012896749587957723,-0.0028001427051392858,0.000737130783936335,0.0029255712956535174,-0.001282378128552697,0.00012321639985346522
2016-03-15,-0.01426819732287743,-0.009440584011456421,0.000763521980092996,-0.009278528911739192,-0.00018419148932002916,-0.00034336351902342077,-0.0016296549471777055,0.0004923060874086893
2016-03-16,0.02001848213699331,0.008824546364662567,0.02229567034444102,0.0066552331111562335,0.005255947728441734,0.004806198894307778,0.005787184898869979,0.01206350522236499
2016-03-17,0.022040878738818215,0.007697646729618146,-0.003814570847019083,0.006365380494538941,0.0011005480319783434,0.0030751414264342802,0.006344290725813995,0.014108273869771315
2016-03-18,0.0053177491207436756,-0.001736179644319158,-0.002746975852867317,0.0023110856374122246,0.0017405818658156047,0.0022993321383406595,0.003929614369220236,-0.004317825786003149
2016-03-21,0.002056910434161008,-0.001565206561722654,-0.007011719080860512,-0.0010926050409675314,-0.0028349854989988543,-0.0011900771863638804,0.0014188081236456984,-0.00902498393212059
2016-03-22,-0.0023459294152063936,-0.001741652536813576,0.0029421526295789757,-0.002672317994061868,-0.0021097308154689465,-0.001871016824318339,-0.0005375456737867212,0.0
2016-03-23,-0.017048896197994212,-0.010120558717080619,-0.02263009809313088,-0.004629811525380778,0.004595859304115324,0.005027642594354065,-0.006599435264673659,-0.005408253895648252
2016-03-24,-0.002392302204918928,-0.006698420873930244,-0.0024011557999427113,-0.004405553040669474,-0.00100642458670952,-0.00042397308817110346,-0.00044278471801695307,0.00037080754657004
2016-03-28,0.0032975637501728716,0.006033974815165433,0.0023209545157449885,-0.004548609934361236,0.0014650996227039137,0.0005939443355815754,0.0005908479994098936,0.009017801283081273
2016-03-29,0.013743351089979594,0.010760125969238032,0.01852490300494103,0.0038280548529310288,0.006767221898485554,0.004492664064805751,0.009249971338865626,0.021669880109386197
2016-03-30,0.01031528795140857,0.007504330333571563,-0.013977800877817192,0.00356793502778463,-0.0013618471973567692,-0.0011814109618053514,0.004387582389520084,-0.001917340366484055
2016-03-31,-0.0008750344903086793,-0.009873540309954243,0.004611451089358232,0.0013488832743810963,0.0036373652005006196,0.00397130010033897,-0.0024265285303048945,0.006123601997265471
2016-04-01,-0.0029195690861378853,-0.010671835192429757,-0.006035354370591106,0.0007248030226474356,-0.00029001868133615716,0.0032239564164957546,0.006811559982599746,-0.0013130367754766725
2016-04-04,-0.012005704012972296,-0.002121877830452923,-0.006670647201412416,-0.002457236572193655,0.0011807324780790385,8.373052425714178e-05,-0.0032377171509551106,-0.0014335908915290574
2016-04-05,-0.019561549854379412,-0.019670309546439668,0.013000448699038714,-0.003696390030536345,0.003990596075877484,0.0031972261939778868,-0.009988018393913056,-0.006581815390790169
2016-04-06,0.012091756000423448,0.016268957623948532,-0.006119337058417829,0.008408903437849613,-0.0021688371158796738,-0.0008388772416373369,0.010921426523650801,0.0024091756959350175
2016-04-07,-0.020011853930580248,-0.014585813439488393,0.01428081181871077,-0.004905152507246102,0.005160230082563277,0.0026855227852262686,-0.011966067399381664,-0.0062483898073352195
2016-04-08,0.017372800032913416,0.01913365108901477,-0.0015175811841288134,0.004558970399012097,-0.001530851390559529,-0.002259892487814219,0.0026967751971904708,0.005562509037797092
2016-04-11,0.012882139732264486,0.0005315927851139435,0.013510077429689682,0.0013495733115957975,-0.0001808164847552085,-8.376697038081637e-05,-0.0023471793168570176,-0.0020443681277284576
2016-04-12,0.015379895393718979,0.014869564790946255,0.0001666606070513943,0.005880561839392895,-0.003968847639957307,-0.003942699326348831,0.009312662886210576,0.007229447801325284
2016-04-13,0.01776856525326198,0.015873169278247445,-0.010662277185778612,0.006576486141710358,0.0007246190660181728,0.0034529352298513505,0.010100914707593889,-0.004426257753155638
2016-04-14,-0.004865252387450725,0.003262329566637634,-0.01397656040779005,-0.0003629247108755118,-0.0023539833965587897,-0.0006718146753591503,4.8392369138117175e-05,-0.005527339773668483
2016-04-15,-0.0057522921886615785,-0.0022250079550832913,0.006916553277877435,-0.001573244716511213,0.0029942323481242372,0.0041999649627806335,-0.0011057857073172306,0.007491456010805475
2016-04-18,0.004628347221305784,0.008576399457928652,-0.0015264612277036127,0.005697483967395112,-0.0009951851537397527,0.0010872462764215385,0.007026401239670799,0.004797340878563983
2016-04-19,0.015260544067436266,0.01734696562555893,0.015627688132066497,0.004218853333200379,-0.0016291700753285898,0.0018381326582579405,0.003154487261571859,0.0004776007110534053
2016-04-20,-0.004537639635932678,0.0008358738241209807,-0.005101192515562847,0.001920500529514646,-0.005078685949283845,-0.0027522770089186688,0.0009526523626122163,-0.016941304454229478
2016-04-21,-0.009971580198641972,-0.00601307312798971,0.0037824404776409803,-0.0031153130665867446,-0.0016407739943961053,-0.0004182706625524002,-0.005378284411777012,-0.017839476377599306
2016-04-22,-0.006043222231795764,0.0005044354837293596,-0.012811914275298819,0.0022840807931843177,-0.0010959699959827152,0.0010882515952039817,0.0,0.010873413100825235
2016-04-25,-0.006369123981446734,-0.005038826689768405,0.0028840781155776707,-0.0038375636323876305,-0.0010969079364463452,-0.0023399441630823636,-0.0017228366504588033,0.00831171614298265
2016-04-26,0.010780718712721127,0.0035448474153849663,0.003975248058563308,0.0033710310376660058,-0.00210450958774,-0.0004187879392005822,0.001486195635238996,0.0038794471912608763
2016-04-27,0.006053467141588609,0.0006729663254825269,0.002864397439145794,0.005877515506544473,0.0055019647157033,0.006368500258609799,0.0020580903965290442,-0.0006037693087159735
2016-04-28,-0.010315176067776544,-0.013615987094484083,0.018901209532051544,-0.0016694106530980024,0.0034655926464299824,0.0009166881228459545,-0.009075652253641708,-0.002054111136469694
2016-04-29,-0.004342792411432317,-0.0042602964810755095,0.01945750344247421,0.0016722022453405927,-0.0003636593174988212,0.0010808196103153644,-0.005398813370350197,-0.009202044039590795
2016-05-02,-0.0026173330108759663,0.009412985970158383,-0.0033158403319838436,0.0003834116859684489,-0.0029041937069312906,-0.0012915293165065567,0.007948481961163711,0.015519736356774283
2016-05-03,-0.02827931500862768,-0.01644624516854487,-0.002271979748055375,-0.006467054376868453,0.005935253159067955,0.0017519035534727667,-0.008703482198091805,0.0015644736882876042
2016-05-04,-0.01620170703018975,-0.011549521014348807,-0.006099544612754526,-0.0037365967885623075,0.0018148915541962296,-0.0016657996210680537,-0.005578020934522865,0.014297719701665379
2016-05-05,-0.0003051024516514955,-0.0020930077588052765,-0.0011455641166617792,-0.0008473943040269161,0.0027183656255445054,0.002002294967479834,-0.00019516294524946076,0.0028433375889636014
2016-05-06,0.0015254667447810455,0.0027961343207789646,0.009093148301192455,-0.0006050827584809237,-0.002349065757389801,-0.0021644095719380863,0.0036589214079494337,0.010985122877953168
2016-05-09,-0.012793368009938577,-0.0020913671846105597,-0.020539038586043668,-0.0018177726472885514,0.0019013367465259279,-0.0010019512928611807,0.0008265362694759304,0.0109822853189383
2016-05-10,0.019129800727273105,0.014320716049495363,0.0027351995597273415,0.00849727654647281,-0.0001802633098328954,0.0016712596011099201,0.012434069669236214,-0.00011565512079414475
2016-05-11,-0.0024218531542385957,-0.008608795251951018,0.009423039824896007,-0.0007220281920583549,0.0015362596649877158,0.0010836012016484098,-0.009354719250876165,-0.02138220482807851
2016-05-12,-0.0027314989882449847,-0.000347138661469959,-0.0078611125358784,0.001565695324191374,-0.0027079418059496874,-0.002082263822471897,0.00029054484919877055,0.005787200822410243
2016-05-13,-0.01795476199129742,-0.010250321764171177,0.0045394140453900444,-0.004449636582229521,0.0038023543134275695,0.0018363103419107851,-0.008714511106320488,-0.008924138073755805
2016-05-16,0.012085544442837381,0.01193615492549771,0.0007394952589121484,0.005556688868370019,-0.0036069106740579393,-0.0033323454264226893,0.009865300651903164,0.009478384133094542
2016-05-17,-0.004593140847134691,-0.00728532099078405,0.0034482607423813594,-0.002042036911799605,-0.0013582725152043729,-0.0003350234967827159,-0.009333525838809531,-0.018544929291312018
2016-05-18,-0.009842952997801246,0.0003493529389897443,-0.01734579222228738,0.00012020826869263423,-0.008065732058207487,-0.00852990785772989,0.0002927972492001718,-0.015665624650163523
2016-05-19,-0.0093197414767493,-0.007161653658232847,-0.0019150352244893254,-0.002768390913095442,0.0010052147771941744,0.0023619011869306927,-0.0034649102919522834,-0.011177171275565168
2016-05-20,0.01003446716613099,0.008269022849407115,-0.0013348098643798378,0.0034997932574967194,0.0006387839733716927,0.0006731601131613196,0.006317428331728658,0.007985938943287696
2016-05-23,-0.0018626127834815431,-0.003315451365992206,-0.002840166573309433,0.00024100031638174535,0.0006381125786294461,0.0,-0.0013627741145824102,0.00012191511346371087
2016-05-24,0.010264417762048561,0.01453078199782265,-0.017341037506874768,0.0060123185457712225,-0.0016404543182955145,-0.0016816764591712774,0.012962617176696112,0.012431524381480097
2016-05-25,0.01200718513755028,0.0105263528186752,-0.002728045068191687,0.0015541870405046954,-0.0004568556404783708,0.0017683947694397961,0.0067828913448424455,0.0
2016-05-26,0.006693079480619257,0.0027322411687957793,-0.003419400875365075,-0.002864419951450037,0.0031065247050641176,0.0028592709487340606,0.000286599391954967,0.0019259042106491986
2016-05-27,-0.0003020470850612078,-0.001021731875586518,-0.008234680643287917,0.0016756724708357762,-0.0019130414033496912,-0.0007546890958949337,0.004299221405859699,0.0054067093932714805
2016-05-31,0.0012092045404967777,-0.004772958770187019,0.003805525009163979,-0.0009558695316567167,0.0011863076002351924,0.0017625762718318505,-0.0019023951061888367,-0.0001194573940195287
2016-06-01,-0.0006041249885462285,-0.0008565807056696295,-0.0010339059082515867,0.0015860683607031856,-0.00033755263889789777,0.0007052335657919961,0.00204923870709095,0.0008365752075845112
2016-06-02,0.008157218928698695,0.0,-0.0023288275554194104,0.00023973419471157165,0.0031043374045651717,0.002014419938082934,0.003043380004088103,0.005135105716474353
2016-06-03,0.01528325069360914,0.0065144116212745296,0.027751354156539287,0.0018003842317673158,0.00928375321300745,0.008041298602207814,-0.002987018885656778,0.004039537735265997
2016-06-06,0.010626079685849055,0.005620838546881446,0.0003364814640942626,0.0044302565196872035,-0.002615375887745408,-0.0024097589996950886,0.005088529922301133,-0.007691447813371832
2016-06-07,0.009053443978460196,0.007283255100204222,-0.0008408886281601191,0.004410870988846849,0.00144709468281623,0.0014994535950869636,0.0015616675951759529,0.006081364243068377
2016-06-08,0.007235960791034612,0.0020179563750861718,0.014812339174809175,0.003798561599813066,0.001173441251948626,0.003327079961017665,0.003259246959560258,0.006400859949610149
2016-06-09,-0.011494323229758407,-0.012250367555762254,0.005556461757929343,-0.0039020800916934606,0.0015328283410946941,0.0014083845363184189,-0.0013655134966659155,0.0022374173241548334
2016-06-10,-0.02529074469813375,-0.029052134010345565,0.004041219495006354,-0.0048672924724423305,0.0035115957143028176,0.001159862160003522,-0.00947716644083585,-0.0047003109671300836
2016-06-13,-0.014017201611963181,-0.014523061996484787,0.007392817000752894,-0.006680069268585775,0.0019734903610022503,-0.0014884187280113093,-0.0077117382946247925,0.00023630781004069235
2016-06-14,-0.0033273421724132612,-0.01598027753670417,0.0010599906561068462,-0.0033631602271703143,-0.000267799215879716,-0.002235730945575165,-0.0019671913633275695,-0.002596948243053121
2016-06-15,0.010622011821459942,0.006676327248499758,0.007412264290884263,0.00048219589801989926,0.0030447165276550336,0.0037347181912734673,-0.001393847647882085,0.009467439033127079
2016-06-16,-0.003603432403047946,0.002151157811972615,-0.010511020767707824,0.0006029047680704558,0.001072096768222286,0.0014879690275073632,0.0029842619639599555,0.0056273359330387684
2016-06-17,0.002712420198272225,0.009836969518941308,0.01282889140431287,0.0006017586665147956,-0.0033900358618910165,-0.0029719655628104302,-0.0037239163609059656,-0.0016323274884789685
2016-06-20,0.017733568867785765,0.024796275999048545,-0.005970132166106756,0.005894189061400823,-0.0042969023765339065,-0.0012421227887466912,0.006439836570194535,0.0014012822604601016
2016-06-21,0.007678736274843834,0.008123340347905073,-0.019235474102691663,0.0038267903323028207,-0.0022470027209433585,-0.0009123235101331506,0.002838377441630291,0.0038119215405894025
2016-06-22,0.0025402612539522362,-0.0006125855321205131,0.0004965672774475127,0.0009529342378524763,0.001982363258837383,0.0018259521345622698,-0.0016309669559460005,-0.0015236177703429332
2016-06-23,0.02416033385417582,0.027661076670161933,-0.0065343333792947655,0.007378964111933062,-0.004766197698645724,-0.0009943879612379636,0.013022567492096071,0.005047599920357859
2016-06-24,-0.06070196391700711,-0.0858602850907999,0.049038376152841456,-0.01642252336277683,0.013824159898186528,0.004727052195459214,-0.03590877836039519,-0.008876531120150521
2016-06-27,-0.01286376629699626,-0.01919494490388496,0.005396827818855421,-0.014413585749269098,0.008644569198814622,0.00420847749544917,-0.017909948922773866,0.0007071640017035641
2016-06-28,0.029475818923792474,0.026220808756910685,-0.010735716822507735,0.012553172178976446,-0.00017660405862984785,0.005506081907907356,0.01803589283215823,0.021078388914973933
2016-06-29,0.02531657165890655,0.0183298405939607,0.004149350816571085,0.012638106236433577,-0.00406499089282919,-0.0003268097914560508,0.017027423133461506,0.012109571484882009
2016-06-30,0.009993982934429324,0.014909157246435045,0.00500639622652943,0.006774448258017873,0.0022182327981978833,0.0035159545721059615,0.013645784973072006,0.010369311196748221
2016-07-01,0.009604057420876444,0.0,0.015339625386899147,0.0019816792950602125,0.00264151046231631,0.0052365333119697155,0.002100289350966067,0.0003379414199908837
2016-07-05,-0.021331655720080445,-0.019347800814471405,0.008254789567508913,-0.005683071315383592,0.0054827170956710525,0.003413446487775307,-0.007193140788062546,0.011048242678118436
2016-07-06,-0.0026511493315014567,-0.001826953296670153,0.005870043250717272,0.004406260773165416,0.00017587292142406952,0.0017813526858669881,0.005997832284859506,-0.004348569239905231
2016-07-07,-0.002657705673771993,-0.004026353804521876,-0.003762499043616141,0.0013035486633867777,-0.0013191527996840868,0.00016216346586039876,-0.0006201218695828237,-0.010303287313079945
2016-07-08,0.0216166018922912,0.01525176939216255,0.0060120143847071095,0.013259069241984944,0.0019369014785841632,0.005577641520585264,0.014890364475421025,0.016182117600129775
2016-07-11,0.009565498347128054,0.01466064811505885,-0.009423926954219786,0.0005840967318035961,-0.005272438587886175,-0.002572567713137186,0.003526979552970211,0.006681104207252986
2016-07-12,0.014068166840230711,0.013557033956172804,-0.016551874633622066,0.002802299769430361,-0.005918373823525114,-0.005641356072680348,0.00726361845567336,-0.00011015687128890228
2016-07-13,-0.001698810059763245,-0.0010560806212450702,0.00920177573180525,-0.002910697748882529,0.002577410666408486,0.003889830258115623,-0.0001397562424454435,0.005531412691030413
2016-07-14,0.014464020107643583,0.008632633389922928,-0.007715129649756625,0.0019849858326530523,-0.0041665527926962875,-0.0024216690773878335,0.005583279649822082,-0.008912161383508255
2016-07-15,-0.0022366952119545758,-0.005065486040994438,-0.003848311365095336,-0.001981053469582217,-0.0038275542698531506,-0.0038046214715504734,-0.0013417574170887514,0.0003331554867251896
2016-07-18,0.008966371167724141,0.0024581022465151037,0.001576825791636871,0.003386147855968913,-0.00026785712753141233,0.0,0.002687203295058893,0.0026634751787109057
2016-07-19,-0.010275117624644947,-0.007880868111797446,0.0013381467862105811,-0.002676315455795164,0.0026821218972592487,0.0017879993936595895,-0.0010163924846057215,0.004869731772148667
2016-07-20,0.0050505383658414615,0.0090026289575178,-0.014307049036417885,0.0025668596727981274,-0.002050367744259818,-0.0003243586197577697,0.004162922817434023,0.00011037076707487437
2016-07-21,-0.003071022338914653,-0.0040237511170241325,0.015232503958900745,-0.0013967466510141913,0.002232773285444578,0.0011358435237602826,-0.003777150201028534,0.001982582329722815
2016-07-22,0.007280959255475894,0.0019321069006785763,-0.007462722347700734,0.0044294061926122286,-0.0008019220791627424,-0.0005678487883724603,0.004485324873790164,0.008792954765528105
2016-07-25,-0.010008274209125756,-0.00122728219220547,-0.006964758718206121,-0.004757912218863347,-0.0008029940291615079,-0.0005670280448007992,-0.0027161853477385423,-0.001852232651839536
2016-07-26,0.007862774033573272,0.004212841074031637,0.0042241075487405855,-0.003847789749467534,0.0006247003393238248,-0.0009735675914899211,0.0004616200507310264,-0.004912198164263026
2016-07-27,0.003343858887394857,0.003670637274233446,0.016111101422991103,0.003043627960884532,0.004282515249161234,0.004141276065867894,-0.0010610792032526017,-0.007788840281775511
2016-07-28,0.00027789659055033056,-0.0010447778234868865,-0.002889909558035031,-0.004200844625934508,0.0005324024481296874,-0.0009705849765831998,0.0011547015472521682,0.009287124028595661
2016-07-29,0.005274480806069182,0.01185495535740988,0.010339903082906332,0.0009374170030922446,0.0038175284992867375,0.003642878486917356,0.00161456890192202,0.012706794773262864
2016-08-01,-0.0019330892466040694,-0.0065472707938987185,0.0018607962561190128,-0.005610291213100416,-0.0034716157650399593,-0.0056365271174750875,-0.0008289192920384325,0.002163301639832582
2016-08-02,-0.007194393512804265,-0.005029643299754416,0.00812570067976126,-0.001419555955275431,-0.002399536664712265,-0.005611022102434693,-0.006407386482897515,-0.01597419410597467
2016-08-03,0.0033447906161867547,-0.0034862233470189796,-0.004759425467430023,0.004501180192608922,0.0005338198411444228,0.0013088484062966366,0.0029227229848822756,-0.005813326406530872
2016-08-04,0.00555545147847214,0.005772257989319796,0.0016968857004249216,0.006366403842728685,0.0024047936333138065,0.004246783188542658,0.0010637111346036843,-0.00408203026385856
2016-08-05,0.011602131551045058,0.004521755179255349,-0.01786395743940894,0.0022268222258496895,-0.006218191007573259,-0.0040664750270758,0.008179149294638144,0.000664845706857653
2016-08-08,0.007100092505018418,0.002077610593526291,-0.000862411663815732,0.004091705491524822,-0.0005360998474606138,0.0006538156549089624,-0.0005959059178022308,0.0017712835596834786
2016-08-09,0.00677856681730149,0.007947661795510541,0.004080325118523742,0.0034924341098299116,0.0035775744601020953,0.005874933502272528,0.0005962612333998418,0.005415191640216088
2016-08-10,0.0002694501190141363,0.003428170697950428,0.004688953410549868,-0.0018566275592555304,0.002673060197917465,0.0028402108406238025,-0.002475333082918252,-0.0010994699618560588
2016-08-11,0.012923855609037416,0.007174484097181466,-0.006922832969429749,0.0024413563610246047,-0.004799670059446259,-0.0033174411272367532,0.004640718981802294,-0.011333592003667126
2016-08-12,-0.0037214003433682086,-0.0025438524405746454,-0.002114801025602908,0.0008117288277240675,0.0035727210936506992,0.004545882481885588,-0.0008686705048308596,0.004229130431681716
2016-08-15,0.01040579785809137,0.003910597009855854,0.0034536484045673,0.0030123020939176737,-0.002937008215429082,-0.003070902832843614,0.002883790830743971,-0.00099749071785582
2016-08-16,-0.004488948067637888,-0.0015242086758791018,0.0049280733796905896,-0.002079388668366433,-0.0016957446047174418,-0.0017830076529368188,-0.005157566181475559,-0.011981148349669013
2016-08-17,-0.006366129615421934,-0.00033936524797339995,0.0002335080486637331,0.0013893217439409078,0.0016094448662875571,0.002760814669619416,0.0018809130392081208,0.004041869735981418
2016-08-18,0.009343298944106904,0.00509046858645501,0.004747086461879935,0.003930292249654688,0.0017852749107618582,0.0024288834933168246,0.0022439003342060726,-0.003690301342160085
2016-08-19,-0.005554236617489106,-0.007428409305223038,-0.008829675348611454,-0.0029935723338563314,-0.0033860885276445485,-0.0029886326035730715,-0.0014619731071267017,-0.006397812844130102
2016-08-22,-0.013298099102243333,0.0010205182183498085,-0.00148474204574367,-0.0016172672433091284,0.0022355925786661235,0.0034029270783058063,-4.565621297858424e-05,0.005422569016305667
2016-08-23,-0.004043100546370693,0.00424814337370738,-0.00015649274735829444,0.0033543461701051047,-8.966571798962875e-05,0.0011306368695249702,0.002013145655051396,0.0005615509689860243
2016-08-24,0.0027064066469979497,-0.00236883447866576,-0.011114635054762179,-0.0027658718354321987,-0.0003568981367709778,-0.0006453984209554564,-0.005114744710658425,-0.004379779029879072
2016-08-25,0.0008099676852568738,-0.004070650367618112,-0.0008706109240564919,0.0018493018984044873,-0.0016062298263653796,-0.0009685482045708182,-0.0006889036113004732,0.004512004294210836
2016-08-26,-0.008630122756459468,-0.005960497919983654,-0.0014259708499476664,-0.0011538010218232753,-0.0038434063748299385,-0.0031508333988864434,-0.0018830780117625734,-0.009881109454909831
2016-08-29,0.007616988891091747,0.003083847483406732,0.0019833398964483884,0.004967313643845728,0.004127706558965327,0.005673012773024899,0.004924283331780632,0.009866146896407857
2016-08-30,-0.002699830128234715,-0.001366297681440365,-0.010055457179525829,0.0005748602926511914,-8.948313461476509e-05,-0.0012895658075257055,-0.001648834576911784,-0.0019089531981048014
2016-08-31,-0.011099070382462495,-0.0020524694980835756,-0.001999520134694288,-0.003906285861852821,-0.001161927622066905,-0.00040358059708800464,-0.0028437787778735624,0.0010126415256017651
2016-09-01,0.0076652721514851585,0.006855518942033623,0.0040872106204499214,0.001981205344371073,0.0015682600774913347,-8.733366652080576e-08,4.598225892382679e-05,-0.002472664793646273
2016-09-02,0.016299611394225533,0.011574209887386777,0.010216288370529014,0.0046245764093637565,-0.002594536495651778,-0.0017795982773257668,0.004508031816611968,0.008676066612101963
2016-09-06,0.02138470441025775,0.0067307631815016755,0.016907695537669243,0.0011502682433222056,0.004663500337359627,0.003485401523714904,0.0030223829755609,0.0077075946255000805
2016-09-07,-0.0031405801953582335,0.0005013038093697464,-0.003418556588101307,-0.002758858535003794,0.0005355425196218455,-0.0013728227820577477,-9.14353011415292e-05,0.005985893734104408
2016-09-08,-0.002625405818499349,-0.002839811609002707,-0.0053013792150961025,-0.0018446724009141269,-0.004906440898026498,-0.007038906406221956,-0.0022829016628105325,-0.012231122918067383
2016-09-09,-0.03369310391278246,-0.01943392964170443,-0.00658355954228651,-0.00958420907639046,-0.004752765826463667,-0.007495101740653709,-0.02393476871498046,-0.03960304902501688
2016-09-12,0.006810217920892647,0.008200937405000719,-0.0012623563085552014,0.0034984418119867744,0.0009007440933217481,8.229845317009321e-05,0.01434744064769422,0.011848121137577827
2016-09-13,-0.025162362277980632,-0.020165975838428496,-0.0066355664917512325,-0.0076684277438126,-0.0036898307430142108,-0.0032836063633703283,-0.014375685338624211,-0.02510599578028494
2016-09-14,0.00305305696539504,-0.001383636155068202,0.0034194855282367875,-0.0002338718220139535,0.002258339031751655,0.0006590803110155807,-0.0003749335381367791,0.003200979011434013
2016-09-15,0.017155457091611703,0.008659441742674634,-0.006419381491795106,0.005855226905353339,0.0002705074756506054,0.0006582021391969839,0.009992873338723118,0.0037819906102898315
2016-09-16,-0.006800889859964743,-0.012877825244125507,-0.00247272219188599,0.00023278893394929057,0.001081564648563127,0.0011514289239158426,-0.003865655229684739,0.00047129091003372814
2016-09-19,0.00794297660997989,0.00521859811903469,0.00207901920123299,0.0005823597212919474,-0.0017102679365158524,-0.00032828471105494916,0.00018752984188696864,0.009061597213223527
2016-09-20,0.0005434101532841851,0.006056151075059191,0.0009575705942728163,-0.0011633697308439661,0.0015328522444275627,0.0013143682146550262,4.668575799593455e-05,-0.0015158624292935796
2016-09-21,0.027973744990568594,0.017544001835164247,0.014588601451239303,0.008269209326407179,0.001620454813975325,0.005088140858869217,0.011245731667801406,0.012848834914411356
2016-09-22,0.0071338781193188705,0.010142134813367454,0.00235721740921524,0.0033494439792542963,0.0029664293155851063,0.004082509877374019,0.0063009073250390735,0.01787585144366255
2016-09-23,-0.012854306706375662,-0.008366991995884754,0.0006271210413582029,-0.0011510944853398986,0.0004477732509222676,-0.0007320043518321828,-0.0054787829289133505,0.0030592570731200475
2016-09-26,-0.014615837917953067,-0.00928121851839303,-0.0007833801247610905,-0.004379747209916407,0.002866491235732571,0.0015466697112345162,-0.008102288514648892,0.0023718964999639436
2016-09-27,0.01429338664448565,0.004769227789709118,-0.007291260548213385,0.002893726367065641,0.0016974727002427858,0.0024379141689709893,0.006207945414738347,-0.010592871407853255
2016-09-28,0.009040087820954668,0.00711992874167211,-0.003159070582864132,0.006695511300189194,-0.00044613517784841683,0.0006477537727391791,0.004963512605600684,0.008200612132079677
2016-09-29,-0.0173912504790108,-0.012455930345483646,-0.0011884132817953086,-0.0037836896451837188,0.0006247654779429901,-0.00040509762118356996,-0.009047136976502057,-0.013330606824115798
2016-09-30,0.0042905382277504955,0.00784055803500494,-0.003410805950794571,0.004373327062440868,-0.0024966475371460684,-0.0017823997794760293,0.007546163829289743,-0.006869525001921617
2016-10-03,0.006942861387726484,-0.0027059647119334063,-0.0025469571504198596,-0.0006210741656383911,-0.002326613166978131,-0.0028323484346651773,-0.0024040400727729505,-0.018676421900396756
2016-10-04,-0.011137741745955054,-0.00016953824972254505,-0.03471112739159021,-0.0017278151754296367,-0.0045748296152723356,-0.004653012324683958,-0.0050978611252034955,-0.013627530229898266
2016-10-05,0.014480805327669932,0.004070389762601101,-0.0015706575141682944,0.0026539217099730283,-0.0022533568663631875,-0.0010656802584960712,0.004425182118149573,-0.02024801249507302
2016-10-06,0.0007932673777468757,-0.005405358172245189,-0.009273018119780652,0.0005745749975483161,-0.0020778601358540927,8.191331838980354e-05,0.0006957216630631979,0.00036458154323226744
2016-10-07,-0.004490134293189008,-0.005095053058645438,0.000668512445361813,0.002300359843578459,0.0014479543823802121,0.002380062924067783,-0.0034294386736012372,-0.0017013079977286072
2016-10-10,0.010878016997527773,0.0029023001570276374,0.0035076482865623593,0.002868960368925144,-0.002620844328089289,0.0,0.005208233614117708,0.006208105673197961
2016-10-11,-0.02309708491938678,-0.014127939288664404,-0.005076569505331308,-0.005606093486445807,-0.00027193589490526193,-0.003111495627255212,-0.012629736316026596,-0.009678059381584836
2016-10-12,-0.0018806968167689453,-0.0022442176400334635,0.0015892497462293154,-0.00034605779312157914,0.0,0.0013141273732679704,0.0013120060874542983,0.011482952972814209
2016-10-13,-0.008883039847496499,-0.0038072401018891533,0.002421921836488483,-0.002532067015510897,0.002084946504148588,0.0024614394502142645,-0.003275592358385593,0.007850199280149628
2016-10-14,0.0016298610196978647,0.0017372341492174481,-0.0055819226506638175,0.0023079837706183604,-0.0030753548910741335,-0.004664934600007609,0.0005167670231684962,-0.004433803268607095
2016-10-17,-0.0010848488571418846,-0.0029480076392066623,0.0026809625769763645,-0.0013811308504357855,0.0021775558636645265,0.0032891752812260755,-0.0034724931492231548,0.0021667125380810948
2016-10-18,0.017644007197378686,0.00991331847696908,0.006183137214928136,0.0040343053678546514,0.0019916402382000875,0.002458375050170547,0.00626239889438307,0.006365745986259386
2016-10-19,0.006134738104958126,0.002755094039843531,0.0057299655530487215,0.0028716712335841166,0.0004521465421549742,0.001308140928998336,0.0026671107959357343,0.002148217748889625
2016-10-20,-0.002915954078303362,0.0015455868973073272,-0.0030550965627722526,0.0001135900096964626,-0.0009036252053978844,-0.0003263882816588737,-0.0018665861286724095,-0.002263000498544221
2016-10-21,-0.0002659480764793942,-0.002229088703011528,0.0007454362173064943,0.00022971390708903527,0.0010849158986963037,0.0005716736623360141,0.0004674983637558139,-0.0036999344365621356
2016-10-24,0.004255227503567438,-0.00017198684591090974,-0.0022345797266349887,0.0005711185126848761,-0.0013543728301010916,-0.002857350204368836,0.004252663662081879,0.0022760840800963855
2016-10-25,0.001059440818256041,-0.0006873614581077714,0.007548139354159433,-0.0005707925225083565,-0.00018069532147890754,-0.000736253488304861,-0.0033503341044669455,-0.0017931431997454395
2016-10-26,-0.01058200227206374,-0.004471979739898546,-0.00559809251948773,-0.0040065305365610815,-0.0021707255627050337,-0.004178116278323318,-0.002007687215896614,-0.013051899323476834
2016-10-27,-0.008556092145617589,-0.0012092940610972658,0.0018213529185828747,-0.0036773204863500553,-0.0034440761811651566,-0.004524681740438741,-0.0026672361484629814,-0.0262076559444977
2016-10-28,-0.0040456642399042675,-0.00034579169819959343,0.0047103519110967,-0.00484402086299196,0.00018209510114597371,-0.0011564141537051542,-0.0029552173989020325,0.00236746780098529
2016-10-31,0.005686783047333055,0.0005189999077392926,0.0029610183001298473,-0.003013688467257025,0.0008182784281294264,0.0009095676561516886,4.6960726911793316e-05,0.016283700121398015
2016-11-01,-0.008077745438548889,-0.004323995856178042,0.006478603409139305,-0.003899939236579164,3.606972460290514e-05,-0.0012594614192072973,-0.007245196772138307,-0.021770874305383825
2016-11-02,-0.011943461102660313,-0.006774296834749949,0.007414617516698918,-0.004455213905736777,0.0030024572591353937,0.0014939109099949555,-0.006018743449624497,-0.014629361024978471
2016-11-03,-0.002747364944818531,-0.001049252714227067,0.005338107937297831,0.0002351519692067594,-0.0006348103259360416,-0.001988909959039664,-0.004576826855748228,-0.00773982469070178
2016-11-04,-0.010192836204037325,-0.00962902946104438,0.0007240252267182168,0.00047139131641182885,0.003086326356013247,0.0029886865207144897,-0.0011020239969588008,0.00792868169219152
2016-11-07,0.03618149158683859,0.013788276813971212,-0.018007861361529542,0.014002840635470859,-0.0041631211877818375,-0.0006626375837160969,0.02205727514385103,0.017507616115618463
2016-11-08,0.006446690755301576,0.0027899515661193863,-0.004175211869501427,-0.0022044905184028796,-0.003543143120969261,-0.0022358951650156556,0.004503940268334894,0.005237143727527149
2016-11-09,-0.03255960161546645,0.0008693005973068324,-0.0006576934516286936,-0.006978311574788454,-0.015229173684463193,-0.014693906287457925,0.010601978015885694,-0.015132810989849421
2016-11-10,-0.028413670614352737,-0.002779328028155059,-0.01488974658560116,-0.013117597008834192,-0.006019593599810968,-0.0008420743393356966,0.0024954885823325057,-0.016750353650181293
2016-11-11,-0.019023356236787192,-0.006097745418905731,-0.02212944906788228,-0.009376048169215334,-0.0020491480497452086,-0.004300733222102782,-0.0023048979327566776,0.006020347248648639
2016-11-14,-0.007236116703285167,-0.005433731148588916,-0.008454294420749409,0.007427772172726499,-0.005787580863253039,-0.005165824606344516,0.0007855844471573725,0.023681851304792945
2016-11-15,0.02011690395264476,0.004406028760912228,0.00869866618655779,0.013200019723871748,0.0,0.003064503629553794,0.007802772378844081,-0.008333001763577541
2016-11-16,-0.00828816235869445,-0.01052822578797008,-0.002988440021410743,-0.003991014767829482,0.0009385647314570367,0.0014427941153023482,-0.0018783512021929294,-0.0028850208772323027
2016-11-17,0.0014409810606390572,0.007625596361381604,-0.005138293152093909,-0.0027101329128979,-0.004409196836891449,-0.006356306327985117,0.005140500496281675,-0.010188351603261259
2016-11-18,-0.004604080699920354,-0.010911811499163981,-0.008780207102896176,0.0,-0.004428093900756713,-0.005628877189249426,-0.002237289228130712,0.0029222915231643665
2016-11-21,0.009829087701111128,0.008540940704629962,0.0037342622620732957,0.008034814750189412,0.0008513696002738769,0.001029518574610755,0.00755127452687776,-0.003040589771794888
2016-11-22,0.015173307444632966,0.0024701545581562456,-0.00034608855246265335,0.007385876625288779,0.000945673415403192,0.0025700915881998743,0.0019532331570679684,0.017539129006269416
2016-11-23,-0.010716295259419417,-0.0035200584107411004,-0.019819983532816443,-0.0037239159199976557,-0.0035896043340212236,-0.003674559417105594,0.0005438772639265732,-0.004246804414920757
2016-11-25,0.004846033657483151,0.0030026778415419564,-0.005651208738617575,0.0012839501037646972,-0.0008538090052713221,8.554731913212876e-05,0.0037155915700028963,0.005770343466769967
2016-11-28,0.003971604717205146,-0.005282831617949291,0.010567466787642088,-0.00011631679889045898,0.004555152232424309,0.004545866383018904,-0.004695103121856614,0.0046145574871521156
2016-11-29,0.0014128190971538501,0.0063728663083462145,-0.004657349687858581,-0.0012827496216667456,0.0010393491750313455,0.0013664795991414902,0.0019507143700172591,0.009559323299559663
2016-11-30,0.001693058033221062,-0.0010552531751741867,-0.013419234467324848,0.0004669589753585335,-0.006700528681195972,-0.0037516840288616127,-0.002399295621410502,-0.011436550281386015
2016-12-01,-0.011830973667399158,-0.0038742809451629556,-0.0018791864382340373,-0.004678919150742256,-0.0038150048447602725,-0.0056041562305787496,-0.0036752916540939706,-0.014678131908003711
2016-12-02,0.0011401078248749474,0.002474867666784286,0.005379222424209074,0.006008949454745505,0.004488897460281471,0.004574083727981737,0.0005010841128898491,0.009973237798362122
2016-12-05,0.00825741664705193,0.009874850641732547,-0.005350441210868029,0.002576863194444279,-0.0003800892370807718,0.0021475838692712745,0.006008699714461052,0.007374984203954993
2016-12-06,0.005365680634801251,0.006810050843752968,-0.0009861987578327902,0.00502280376132247,0.0003802337598404204,-8.56311562308365e-05,0.0031669769205620035,0.0064527432335264034
2016-12-07,0.016854155935412507,0.014914740426596351,0.003589711251758221,0.0049990259821739436,0.0033280254459360226,0.0042008754034326135,0.013080933669518124,0.019972715525923945
2016-12-08,0.004419728438670223,-0.0008542098366464135,-0.0023249765892274787,-0.00011613964701451263,-0.003790635027181466,-0.004098021635587257,0.0024487557118191283,0.00688987500779481
2016-12-09,-0.0052254880824269545,0.004275576637849721,-0.010486673587394413,0.0004630745808600345,-0.00513659322039739,-0.0038577157113530713,0.006040359837750087,-0.0010804950196555696
2016-12-12,-0.0066354204582042,-0.004427546753048017,0.003804331187865717,-0.001387848699822447,0.00019152707914726896,-0.0009464197609350133,-0.00114787832930352,0.006610189934496358
2016-12-13,0.011133081854317828,0.01077654011243867,-0.0033387723118656343,0.002431579169596354,0.000573376979771334,0.0022396394885930704,0.006674136817835352,-0.000477873906914672
2016-12-14,-0.029727686096593486,-0.014723425566849468,-0.014667226454941784,-0.007507830208623445,-0.008311389109255107,-0.006360404389288199,-0.00825421921529712,-0.021858501742715752
2016-12-15,0.0017021163073736023,-0.0022328293566256097,-0.01369112807217554,0.00046580324830358677,-0.002794325700178124,0.0006920453036396434,0.004117232431378071,-0.005861518051126224
2016-12-16,-0.004531398587947932,0.000688778890778563,0.006614558767378709,0.000930730880764008,0.0012558877803261481,-0.0007784636891386976,-0.001955994177988196,0.014985545003090017
2016-12-19,-0.006827768207595786,-0.001548333367548893,0.004997623978540311,0.0025565045182864843,0.00463123690970102,0.0048447384099652435,0.0021774549830571033,0.010771308164815308
2016-12-20,0.003437455593098049,0.0034457137058165888,-0.007367118973593101,0.001391314813781852,-0.0021126436684728578,-0.0006023153610785759,0.003857714431082515,0.0022749911864912153
2016-12-21,-0.004157686625767987,0.00027763372346578663,0.0005566152526592649,0.0017360309530625173,0.0016364042660355071,0.0031869558084129945,-0.002782655327029926,-0.015171653296436993
2016-12-22,-0.011887622659948471,-0.0022546533601236485,-0.0024107755207141146,0.0021558891960160587,-0.00043345562483143585,6.885570822090514e-05,-0.001727619681004433,-0.0016717738968673457
2016-12-23,0.005868439401725434,0.002607632353885947,0.0031601819765598727,0.0018511361524256031,0.0009625622256543842,0.0015497442724314858,0.0014644102782781498,0.002605165687032285
2016-12-27,0.004375685552265418,-0.0012139879393949782,0.005837091185366683,-0.0009233113789109959,-0.001442134248755389,-0.0018055279700807114,0.00248115484938749,0.0021034247779589954
2016-12-28,0.007551651482214483,-0.0038186830809822103,0.0027634769574851337,-0.001387377504966869,0.003660634141722907,0.0037035586307747614,-0.008264507465096549,-0.006050266983840702
2016-12-29,0.016431313206924925,0.0024394505357834273,0.01313614088883086,0.0013893049954651904,0.0030708620031671963,0.003860834084903564,-0.00022306463007470967,0.012422318112293995
2016-12-30,-0.007090093286285293,0.0034764613002351563,-0.006165566230220687,0.0003465161668645411,0.002966140308670262,0.0015385766614528507,-0.0036548113020830053,0.01263789361942047
2017-01-03,0.011996610910138594,0.006236003983820959,0.00784600497730814,0.0041598887566056675,-0.0004772821249803272,0.0008536643146630496,0.007649862588473333,0.0032717670763851014
2017-01-04,0.00762047635482066,0.011361647071431058,0.0035303646722089077,0.005407924710616685,0.0011455513845517462,0.0034103792020125923,0.005948837215156599,0.01461364754990635
2017-01-05,0.010924312436900951,0.0085103706255234,0.015515074970534615,-0.0014880429018547803,0.006483182605073301,0.005353628739950711,-0.0007939774390915977,0.0032136021083624122
2017-01-06,-0.004156169334592619,-0.0033751141458162603,-0.00737255123072611,-0.00022963246799145853,-0.0045465781131313054,-0.0052409209126678125,0.003577889774448062,0.00011840104784610617
2017-01-09,-0.0008347552961035509,-0.0015244942826313501,0.008232645807116912,-0.00022845540059379665,0.0038062709582795673,0.00195440306789485,-0.0033010010075582574,-0.009016000246066969
2017-01-10,0.005847972716303884,0.0001698952642124052,0.0042602588509306205,0.000113602577230143,-0.0004742506199204577,-0.0005933352685618676,0.0,-0.008500311240682068
2017-01-11,0.011904723986935872,0.005256660314729045,0.0030932255360247574,0.000573736374575029,0.0011373686012741135,0.0015270262814315316,0.002825890278278731,-0.006157492004911447
2017-01-12,0.004377576596670041,0.001518323353703055,0.003612367067042932,0.00022921833871070163,0.0005691208967786299,-8.421796876756371e-05,-0.0025097395089034302,0.005102383768555541
2017-01-13,-0.000816990328891376,0.003705564793804461,0.0026336178800692167,0.0003436764225033251,-0.002177623962483888,-0.0020334336404668196,0.002295556227713158,-0.0014504328428189828
2017-01-17,-0.0005455536322811483,-0.003691884277403301,0.01435950794847174,-0.0010309641176645679,0.005028954215190007,0.0043297942932980504,-0.0035234764593142787,0.007747011703317597
2017-01-18,-0.0054553760537164875,-0.002863321116075346,-0.008459177733679324,0.0009174386923149758,-0.0070811051929813296,-0.006594095154591084,0.0022099791062644147,0.001681569073971545
2017-01-19,-0.003016944214801809,-0.002533644127469703,-0.0008706024299159898,-0.003207080338327395,-0.003803377689169163,-0.003403977867601937,-0.003704584110266085,-0.010192736965456972
2017-01-20,0.0019255775763868943,0.005757588582792961,0.0024397178433508415,0.001953293807756218,0.00047751003198315267,0.0017929553248157148,0.003673965917656119,0.007268924475723582
2017-01-23,0.014827049133827375,0.0025257094862198848,0.006431967354547874,0.0,0.005247377605937187,0.004603141074989159,-0.002602185338675622,0.00841983251630607
2017-01-24,0.006223003603881505,0.00251943149106304,-0.004490925540628465,0.0006876281568606313,-0.003796608441459015,-0.0029697259530513387,0.006411923355276183,0.0002386369782176878
2017-01-25,0.011024453597433093,0.010386845491872743,-0.008241493674922662,0.0035532209715969376,-0.004954083342156745,-0.0038295659610209087,0.008655291632833961,-0.006558747622504191
2017-01-26,-0.004255205156525554,-0.003979405569621175,-0.009272197003353688,-0.0004565778667393605,0.0013409969022215584,0.0011963006618418426,-0.0010452855714315756,-0.0019201156664593322
2017-01-27,0.0008012487364670307,-0.0016648578946568682,0.0020306880028346797,0.0009135728506219909,0.0012429519389185462,0.0011938691335406926,-0.001569993954132487,-0.009741910715305724
2017-01-30,-0.0053376949729609935,-0.0071701172923056555,0.004229477187141839,-0.002054671135572783,-0.000286569928928615,-0.0017043645052511325,-0.00620147720180575,-0.006801215792438975
2017-01-31,0.0018781083550025723,0.0015114375259150936,0.01386331327657886,-0.0010285846347745098,0.0034390061515117143,0.0017927702022979553,-8.806856297260968e-05,0.0072147951258414444
2017-02-01,0.0005357222353148394,0.004025125857975764,-0.0030290445198764004,0.0037021222177187063,-0.0019167336870704599,-0.0012304659884970759,0.00039560362883772626,-0.012018820102501104
2017-02-02,0.004282728991011009,0.0005008378767894506,0.005555550404536813,0.0005732816487247216,0.0003825024086934192,0.0002569817317963352,0.0006591824394046597,0.011919314367612177
2017-02-03,0.006129809256721019,0.004006897693355382,0.0025034610211955854,0.0017175645834930364,0.0007638951187347587,0.0011125424682760787,0.006892818213189766,0.005464505764933625
2017-02-06,-0.002384007502244212,-0.007150015973404034,0.013519329475210284,-0.0006863074904616129,0.004770586764933471,0.003160435901991443,-0.0017877990671458788,-0.0016909740015578212
2017-02-07,-0.005044994226330091,-0.0010048693202936443,-0.0020390643159919897,-0.001486248037261384,0.0018034572886647116,0.0017029689825496241,4.388494281304389e-05,-0.003508264518513382
2017-02-08,0.0061384275439473335,0.0016764951588408294,0.00621491028966048,0.0006870093407358446,0.00407616300938396,0.003485880080836612,0.001310298902940099,0.007890864460478486
2017-02-09,0.004509095664846141,0.004184010960980311,-0.00761487018603868,0.0013741542621763525,-0.0059472260776289865,-0.00398222887175026,0.005932532085048514,0.002409210267531936
2017-02-10,0.009242318253699366,0.0023334188362611474,0.0026430007347089113,0.0006852364302716296,-0.0006648466617238391,-0.0002541584939976804,0.003946167625566099,0.007089952890742435
2017-02-13,0.00313934074213007,0.003990485077300265,-0.006802682251218939,0.0014855285146682107,-0.0015204410535170076,-0.00042581917416628645,0.0054427772874374725,0.00035785319936354476
2017-02-14,0.0010434374070136254,-0.0014905786012388011,0.0011129901542927811,0.0006843248470267405,-0.0036167838246262685,-0.0023836091656833647,0.003995015555455783,-0.005248039683085848
2017-02-15,0.008076849667700836,0.0038150830354213294,0.004447076385095894,0.000341928433390537,-0.0019105136931956146,-0.0007679971682319486,0.005220650718852582,-0.0033572206303383867
2017-02-16,-0.0036183569748918787,0.0023132019871958676,0.0053640263872474225,-0.000797536436510704,0.004019913273039855,0.0028179417932081563,-0.000851547897608218,0.005894760761269824
2017-02-17,-0.0041505259354883695,-0.0026375462705057195,-0.0033875467452245678,0.0010268263948984835,0.0026683661736590647,0.002554245182512682,0.001576442039088466,0.0019135561373135879
2017-02-21,0.010940508994692344,0.0033056306996070983,0.000594830851824435,0.0033036622676771987,-0.00047506445010903064,0.00042460786626996594,0.005955168761185847,0.012773371269719558
2017-02-22,0.0030921609518383963,0.0,0.0013588421410561935,0.00045426321424724136,0.0016174339536496607,0.0007645121712651637,-0.0008880021853904241,-0.0033004332481020304
2017-02-23,0.00025686061804441884,0.002141902211603597,0.008735465586520608,0.0009077573351912172,0.002658862400597428,0.00254480117408451,0.0006770922931764733,0.005203354795225712
2017-02-24,-0.011813217490543981,-0.007233418027943084,0.00638973004234078,0.0007940037045430781,0.0046401524532746485,0.005076863401956233,0.0012689606879980886,0.004705983897182797
2017-02-27,-0.00311861798217139,0.0006623136403451912,-0.004845398633643638,0.0012466590058350935,-0.003582258510855807,-0.0023575224266291217,0.001562915858214664,0.005269345197724817
2017-02-28,-0.009645371561455507,-0.0014893451922814993,0.0009234436519076628,-0.0007926703448428718,-0.00047313196990239614,0.0006753749539587517,-0.0026993366964070953,-0.006872302209353087
2017-03-01,0.015530501289475307,0.01044113457528617,-0.0014258642418293332,0.003686122800832914,-0.006966405950369348,-0.005910930250663804,0.013997409199858257,-0.003049770891930259
2017-03-02,-0.017625468113737774,-0.006560878129499903,-0.01243067157641009,-0.0031740211248801886,-0.0028632323227195666,-0.0015312108299631033,-0.006297141641866455,-0.005411605670803121
2017-03-03,0.007651271653998926,0.00594361101988472,-0.0005953367386810626,0.00045484489113523097,0.0009574543223023202,0.0010223123746933016,0.0006293469315303835,-0.0039033084063864187
2017-03-06,0.0005238601032240275,-0.003118315962948981,-0.006722839768239397,-0.003181542503543744,-0.00019179808892089145,-0.0017871291813142953,-0.0029778378529423666,-0.004512607710677408
2017-03-07,0.0010466800628279316,-0.0034574023262560205,-0.008053482107396648,-0.006498931881246173,-0.0014343109040327873,-0.004944726067662497,-0.002986806395835595,-0.0047719922745314
2017-03-08,-0.00941168281470628,-0.003634634746803367,-0.0062187012290060295,-0.006655871460232166,-0.0033522905939478154,-0.0030849973408333398,-0.0018565900273460612,-0.018458278948568663
2017-03-09,-0.007917700431508967,0.003813733593241997,-0.005127727710842134,-0.002657119882372161,-0.0027873955799048167,-0.005414653380039769,0.0012680922230368097,-0.015020092197437385
2017-03-10,0.011173346962941144,0.00842403625744459,0.002183978311645074,-0.0003472269773913128,0.0021206664810591302,0.0025061817160692,0.003504119708305664,-0.0030994361571614615
2017-03-13,0.013943676161493723,0.0052417267556246205,0.0001743082536056484,0.0008108159631150524,-0.0025010381797154757,-0.0033614768455649813,0.000505198241668614,0.002487340344553335
2017-03-14,-0.005708300895767238,-0.00765869845492817,-0.005403478549159679,-0.003010031385878298,0.0010605134485519585,0.000864466257756602,-0.0038268983071924056,-0.0002483358623125431
2017-03-15,0.026095868395677124,0.014285979466073906,0.018664539100545774,0.0138194434607124,0.008764044142254068,0.008642059712463679,0.008653509650110136,0.02022595347114864
2017-03-16,0.006104048819015162,0.004856705082720403,0.004129061134912737,-0.0028644643195199215,-0.002768672377304715,-0.0014566161306088787,-0.001966905854283052,-0.0019461073123839823
2017-03-17,-0.0017696871313275242,0.0025777125785955146,0.0022273151662723922,0.00034550500716368227,0.002681077271376342,0.0023164004578315467,-0.0017563551503319008,0.004630773644654473
2017-03-20,0.011648392626458115,-0.002089159351635561,0.004444860945005402,-0.0019518457085757612,0.002386922666933522,0.002311410762336541,-0.0010964993892292885,-0.0008490453676207599
2017-03-21,-0.011013547250821154,-0.004508777679864795,0.008765200923941618,-0.007134631815930548,0.0033340419276781663,0.0024764040998115355,-0.012839593489247125,-0.004370650503260354
2017-03-22,0.004808649960232891,0.00016195331939528046,0.0024464392887426634,0.002433383348892759,0.0018991837702146963,0.002556142817219609,0.0023530326412137814,-0.0005524963330023613
2017-03-23,0.0002518196304341913,0.0022641097326219217,-0.001346492128619703,0.00034741253235015535,-0.0010426835238185328,-0.0006796835879785412,-0.0010669741857610715,0.0073737185501465685
2017-03-24,0.002518508340179082,0.0027433518137649493,0.001601099219161961,0.003466484779412804,0.0005693137202353871,0.0010205800112785823,-0.0007262480550965789,-0.0010982456529474716
2017-03-27,-0.0027633051663438213,0.0025748087085673,0.005636868294673025,-0.0010363313194093893,0.002464752118068958,0.002123333968102381,-0.0010263427210688292,-0.0090372652342543
2017-03-28,0.0027709621804528073,0.004815306650522988,-0.004099371444605038,0.005534204447022795,-0.003405006043225578,-0.0021188349738295864,0.00727681146057213,0.004313331291514455
2017-03-29,0.001758338247094704,0.0,0.002436163586164053,0.002063680471632745,0.0028469294218873564,0.0032273088640848435,0.0009346584736795727,0.0056451402629595915
2017-03-30,-0.0052656380147037,-0.0035142862371847494,-0.007206910225050822,0.00469115557138422,-0.0028388474236327177,-0.0026250828037653884,0.0031843238450011135,0.0018300985354400279
2017-03-31,-0.007058469393866895,-0.0014427881356559036,0.0021102388572973307,-0.0003425143516933016,0.0019934453577352684,0.0010192951140639561,-0.00232768879750489,0.005968388133660518
2017-04-03,0.005584764046028701,-0.001444954163905443,0.005306580584065079,-0.0005365378804722543,0.004921940295111282,0.004490202674253707,-0.001739287657643307,0.00290591854967448
2017-04-04,0.0005052579666744439,-0.00032152029465437604,0.002262289701825848,0.0003424591360974283,-0.0014152856578778517,-0.0026248211154149548,0.0006374480606901045,0.0
2017-04-05,-0.003027765556888773,-0.005307076447060077,0.0,-0.0008008647857130624,0.001890319524225914,0.001273568020326854,-0.0029727377049512116,0.0014487493272932195
2017-04-06,-0.0017719268971110314,0.0001614649410845992,-0.003678334988324705,0.0012598264106011836,-0.0006598089237725979,0.000932480627414245,0.002811402206951419,0.005303956006100785
2017-04-07,-0.0017748340743853896,-0.0006464930354695975,0.0023493772325884343,-0.00045774304962598045,-0.003021585593062759,-0.0024558639211532673,-0.0010196799427876213,0.0014392836639827156
2017-04-10,-0.004063959443657561,-0.0011323612088753876,0.0,0.0013735729161157284,0.001799268118064301,0.0018679008438060585,0.0005952704204907899,0.006227101495111631
2017-04-11,-0.0022950582117731155,0.004696388155943421,0.014481863135711759,-0.0019424013131085216,0.00463097811757085,0.004660641854247638,-0.0011897576045983849,0.006902040797174713
2017-04-12,0.004856768452965232,-0.0008059145614535135,0.006848701913851674,0.0006869295674682974,0.0031052919584633187,0.003289784889609182,-0.004381701015046646,-0.0017726933256080324
2017-04-13,-0.004324419564798676,-0.006452680222370777,0.004753334264967268,-0.0020597303998846073,0.0030010539484470744,0.001681660568131571,-0.006495223678973372,-0.002249546006020009
2017-04-17,0.010474959782061921,0.00616988302647159,-0.0029363834815018253,0.002981029094206944,-0.001589714179516366,-0.001930582929728475,0.00886012116900492,0.012103974047493082
2017-04-18,-0.012642234713070466,-0.004518317452334553,0.004744779460001958,-0.00022820663972378252,0.005713131712858699,0.00588694032117254,-0.0029843454235424227,0.0026966207583873913
2017-04-19,-0.006146012361047948,-0.004052598899453641,-0.008874746300268521,-0.0009151715067012844,-0.002607348825955702,-0.003009519090554802,-0.0018385126303072097,-0.0014032434685048445
2017-04-20,0.01236785735200252,0.007975471107007248,0.0018893922713916211,0.003318664345062894,-0.002240990993982006,-0.0014258637021726805,0.008139059292339601,0.00011715471405371325
2017-04-21,0.0,0.000645762113482995,0.002869780885113693,-0.0007978805224007068,0.0004681583550072421,0.0,-0.0031868052125940682,-0.0036295113226673115
2017-04-24,0.014253058522963213,0.02533502087862849,-0.006785988212145488,0.004679540932704063,-0.002058276534201875,-0.0013439422144869706,0.01099789496736192,-0.011045830040214977
2017-04-25,0.008782748981341904,0.007082001208057687,-0.010125150830952667,0.0018182693212789314,-0.0051543936237530286,-0.003951489917422113,0.005818459020329847,0.004158747241892913
2017-04-26,-0.0037313646405542356,-0.002813053951949085,0.0049064144523129904,-0.0009070254094983854,0.0026371826313293933,0.0024478049867375784,-0.0006286958344260407,-0.007454846324024267
2017-04-27,-0.001248094881943329,0.0009404622565041265,-0.003723907331012466,0.000681576063506828,0.0006580961508235728,0.0009259091610063219,0.0008391831329221944,-0.002622868751843477
2017-04-28,0.0014998202704419317,-0.0010960956849467296,0.0031563855415273068,-0.00034066191011905556,0.0010329748803945549,0.0011781255212943709,-0.0021796769872352018,-0.01039914648292406
2017-05-01,0.00574156061389286,0.004075339350067209,-0.009108209859209682,0.0005124746943530045,-0.0021605954882247813,-0.0031004108930036134,0.0025203404934657225,0.0059185793504563655
2017-05-02,0.007197808140499751,0.0051514056823969145,-0.00016709821486060594,0.00034208709868166487,0.0020712283253110364,0.0029580058874414394,0.0003771154350198369,-0.0016813924954659498
2017-05-03,-0.0066537682237756135,-0.00201899850431142,-0.013957360197643709,0.000910860920005474,-0.0020669472057115446,-0.0005055377705882602,-0.00121470807550339,-0.013350688901765162
2017-05-04,-0.01116331322663322,0.009492752439868246,-0.010086475737808298,-0.005347646409698981,-0.0022596757830130043,-0.0019393648128238627,0.0011740923513776647,-0.004875905345030462
2017-05-05,0.008278692010486033,0.011098947222328848,0.0018837333588364036,0.0017163439730958352,0.0001886062188054538,0.0003375831509331295,0.003937105327967538,0.009432164877024807
2017-05-08,-0.00024863260828345,-0.007470462123403743,-0.002222050521183294,0.00114132453133875,-0.002452758406334077,-0.0017734306721971516,-0.00016670555236208973,-0.007038577230323306
2017-05-09,0.01269299968387294,-0.0024577360047968178,-0.005995691205500586,-0.0006847497183188889,-0.001135369966827171,0.00016925779740906144,-0.0009181744133875958,-0.005377543065321344
2017-05-10,0.006635319397666262,0.0015396939565528456,-8.618815999517082e-05,0.004337761395445394,-0.0003788569493176075,0.001352939731100733,0.0017957437954296829,0.0078643114398953
2017-05-11,0.002197232262330706,-0.0024599257587375467,0.003964142371969848,0.00011291111858047209,0.0007578217065247195,0.0005070907490782872,-0.0020428840910401425,-0.004998882660825599
2017-05-12,0.00414140630737414,0.005548618545250017,0.0028326337429587234,-0.00034080931500357625,0.005111647009587994,0.005066642884216543,-0.0016708321394079961,-0.00404363618990311
2017-05-15,0.010189262854798153,0.005058232575197996,0.0026534071191921527,0.002273471180691544,-0.000659690242486799,-8.403166724946232e-05,0.005523542455321051,0.0029530234803434308
2017-05-16,0.0009605750368899546,0.006405449193218837,0.0043537829852127174,0.001474907165042616,0.0013191808231469704,0.0014287471378466865,-0.0009155823661083362,-0.006746630866279579
2017-05-17,-0.017034351596975417,-0.011365424171712712,0.018189539837597968,-0.004416168269229082,0.007999371305495329,0.006124390923863965,-0.017743861718025222,0.004075325448793299
2017-05-18,-0.016597508471133948,0.0016859998220601913,-0.008181011348557088,0.0011370516950768295,-0.00028020771789283305,-0.00016690409030395426,0.004028532263606666,0.00553513488754942
2017-05-19,0.021345175913787706,0.011629782240042186,0.0049659454541624015,0.001817371466824147,-0.00027975574600092035,0.0005839535141642926,0.006504180987771724,0.0053820124200802955
2017-05-22,0.0009718990293106078,0.0012102474209492176,0.004187604636601616,0.003062213664804858,-0.0011215472027121809,-0.0008336444056288306,0.0050774194307792175,0.0038937037985382617
2017-05-23,0.0009710693607780652,0.00015095445954393938,-0.006338633249028169,-0.00011310803633646227,-0.0026175796910595794,-0.0030870313754642886,0.002212699485269809,0.0008481433763845025
2017-05-24,0.003880736982407429,0.0006044924648642702,0.003944948993712671,0.0016962514225138392,0.002062416141105139,0.0015901459211444813,0.0023326794873397283,0.008113167496109241
2017-05-25,0.00483199867489037,0.0,-0.0010868426783263718,-0.0007902948875313509,0.0005608764946591904,0.0004178415426621118,0.004779296120295484,0.0001203119137342945
2017-05-26,0.0036066567339840816,-0.0028684948697778045,0.00887175702052101,0.0005648126946296017,0.0006549483129170142,0.0007518006432514213,-0.0002065151968914103,-0.007206402060092043
2017-05-30,-0.00527039341200819,-0.001059841966963515,-0.003318413164433487,0.0010161729837201428,0.0025237540988218843,0.0023364731049539955,-0.0008688567832942917,-0.0062906710859612636
2017-05-31,-0.007707373808704121,0.0012123245129727067,0.003995366733579031,-0.00011249034597782259,0.00046602188537625544,0.00116586510875627,-0.00024852328806390656,0.0006085552007502049
2017-06-01,0.008495193074279594,0.0065092652896252545,0.0008290372396291268,0.0029112950214902344,-0.0005228835435042711,0.00021668727406276567,0.007952018551665274,0.005231937525906005
2017-06-02,0.00505399879006907,0.010979258689419291,0.0073724269437449585,0.0005646492327668895,0.004388623367759914,0.004668348856442961,0.0033289153194842047,0.010288184359724672
2017-06-05,-0.0011970999281583072,-0.005504181718086643,0.0009867835373715828,-0.000902831323373321,-0.0016737831303997863,-0.002821593330966876,-0.0007373446762305447,-0.004312922720749013
2017-06-06,0.0004795940067860993,-0.0028423201619398597,0.011254375087548674,-0.0015819582646066088,0.0031664704659792875,0.0029131120546248557,-0.003196746666196182,-0.004813201487316676
2017-06-07,-0.0011984102665838492,0.0002999323479166982,-0.005280272412152454,-0.0020374586243876447,-0.0018564509564723553,-0.0012451873208518816,0.0018503114838492873,0.0070122610287850495
2017-06-08,0.005998339590381985,-0.001799662692487547,-0.006533241668445489,0.0007937447895833838,-0.001580953375633909,-0.0017446655649292486,0.0004922782403822268,-0.002401269473495282
2017-06-09,-0.007631897676934507,-0.0037557014887542595,-0.00912454251071615,0.0007935351553780556,-0.0009315124798809915,-0.0009981180749312202,-0.001517430696302946,0.006980588393819431
2017-06-12,-0.0052873098582282285,-0.003770547999662366,-0.0014932827593217013,0.0016985347637761272,-0.00018667009805906076,0.0002498227022234012,-0.00020605740644830117,0.008963698770764639
2017-06-13,0.00483199867489037,0.0077203520669626435,0.0009970317877492363,0.0018081863469294746,0.00037305729444248037,0.001082733298891414,0.004890431782500038,0.0022507421604478495
2017-06-14,-0.00024037603890092463,-0.0007510731329573028,-0.00547811789275976,0.00011239828321207845,0.005219620783103451,0.00682097550746108,-0.0012675895087652655,0.0014187242213052897
2017-06-15,-0.010341365223736187,-0.010372645540539738,-0.004172926066378535,-0.0038350471274213316,-0.0017616375374663873,-0.0023958345935850556,-0.0019245643582006533,0.005074642164920373
2017-06-16,0.001700965942339261,0.008506531389728345,0.00016758836001962152,-0.0016987094927694013,0.0005578059818720504,0.0008278962561971692,0.00021849060121326147,-0.0025836383631649973
2017-06-19,0.009946843086286128,0.00406700513707281,-0.007625239321596311,0.003062557744367922,-0.0027854564016435157,-0.001240947880189025,0.008325285533199223,0.00011778919923965958
2017-06-20,-0.01105287397395538,-0.008049198639171085,-0.0021109516115493943,-0.0035058936913681116,0.002513534705375964,0.002236830677931456,-0.006744162633174122,-0.0023542817197415022
2017-06-21,0.0021962961340808995,-0.001229397472574667,0.0028769363429739236,-0.005788082281385942,-9.279543934559431e-05,0.000495973772872027,-0.0002468641141287753,-0.0020056776702813695
2017-06-22,0.005113156818953746,-0.00015359518664459504,0.0033749707830614817,0.0027397810769613784,0.0009288307067094603,0.0008263292362735708,-0.0004528766228801828,0.0009460650956496508
2017-06-23,0.005329568398826368,0.0024619693712861768,0.004288615406013774,0.004098056077544543,0.0002785923856560846,0.0004954925571747371,0.001194264954465174,0.0034698742622563117
2017-06-26,0.00963841607723448,0.0016887964453484727,-0.008959220397639522,0.001360816971937906,0.0008348428320674728,0.0018154716188254483,0.0006581238142182588,0.007129955294434387
2017-06-27,-0.011694364256154222,-0.00015336541519672675,0.0038019343183648413,-0.0031703651346265405,-0.0049124391563765135,-0.004530367362473031,-0.008056389676344478,-0.008967485050138002
2017-06-28,0.007727536337886809,0.00873697589499689,0.0007575454013519778,0.004088606681214246,-0.0009315124798809915,0.001075660419758595,0.008950576643413699,0.002381136444498111
2017-06-29,-0.012700678812197386,-0.009876724200729714,-0.00487806411784153,-0.002488418806096959,-0.0037290833422937153,-0.00305850686350706,-0.008788832388634038,-0.011402807047023567
2017-06-30,0.004611576055381983,0.0006137730143827014,-0.00253552275635216,0.002381164330385266,-0.002339456200505463,-0.0008287888529165954,0.0018643242721068098,0.0
2017-07-03,0.00579862286659405,-0.0012270225922274003,-0.016353163532217163,-0.0004878462218155244,-0.003673343581500288,-0.002163334367155656,0.0016955279868486883,0.012735738046555145
2017-07-05,-0.0019218431730161356,0.0,0.003704025486608087,-0.0007958808534554995,0.00075426943198309,0.0016677179150241805,0.0023121830569945434,-0.014117947477734538
2017-07-06,-0.012033382991521235,-0.004453258557730155,-0.00042907160833882685,-0.0025030223485886793,-0.0018840300153506462,-0.0025808907212736543,-0.00914444886704846,-0.018772227091042093
2017-07-07,0.0019485413381001848,0.0001542050896914393,-0.010217244173899132,-0.0009121359530747108,-0.0016046933672436703,-0.0008340547573784107,0.006485273914839773,0.005641186629617989
2017-07-10,0.009482270744740173,0.0024676703942025924,0.0016481821948142183,0.0011412635318388542,0.0013232109967784567,0.0016701162745287323,0.0010736484708413485,-0.009146109128049917
2017-07-11,0.00818876913482125,0.0023077174572236903,0.0012990519121256483,-0.0006841037389045956,0.0013215515485762719,0.0004169424233966268,-0.0007424031886031912,-0.0011077760699406136
2017-07-12,0.019350114412387764,0.007981575866204071,0.0035460648934033667,0.006504276575531431,0.0029231044881015134,0.0044174499871045825,0.0075146514100337125,0.012321226226378101
2017-07-13,0.004921538437271167,0.002893331201266447,-0.0018098688846157618,0.0007932273526374267,-0.0010338296319055695,-0.0017422242279724331,0.0016800275020862898,0.001582288405238108
2017-07-14,0.012593218759350489,0.0069843911065112785,0.008202356680584888,0.0028319135684347074,0.0014123815704549791,0.0023276603345279145,0.004664223327624395,0.009600219058411463
2017-07-17,-0.004605730223806059,-0.001960229456667406,0.004453235312239068,0.0003384976511471294,0.0012210719546190685,0.0009121712734889709,-0.00012225754345129847,0.00806449612046789
2017-07-18,0.0030074415496073037,0.0009065967898529426,0.006991215691223296,0.0004516404150676223,0.0036610520434168237,0.004309276471105017,0.0005295614486129363,-0.0021491575719428946
2017-07-19,0.008304563709312207,0.004377300535656881,-0.0002539901713813908,0.0016930952075056016,0.0,-0.00033027386464890007,0.0054140903278405705,0.007538836568491636
2017-07-20,-0.0011440871897309135,0.004057663915250309,0.001354979930841882,0.0005633418686901148,0.0002809180954248536,0.0009081629830409721,0.0004453978868834696,-0.004632114075424187
2017-07-21,-0.0006867675260342487,-0.0038915561191841253,0.008626558617128355,-0.000788442328819694,0.0017762947177075716,0.0023085032207803557,-0.0008904702418955912,-0.0007159592507733903
2017-07-24,0.0029795019436611447,-0.002704777673466885,0.00041921366315400554,0.0007890644606407538,-0.0006532778911996218,-0.0011513338444609778,-0.00024292327727681862,-0.00191074370230504
2017-07-25,-0.0025138166455143107,0.0013559439237513793,-0.0032687905257637873,0.000450558260105538,-0.005603701583297149,-0.005930492468329995,0.00243110338505792,0.001316479642456514
2017-07-26,0.00824727320855323,0.006169072072089055,0.008072646310579579,0.0014630665004427001,0.003193588354067911,0.003314431942369911,3.9949435226338537e-05,0.006929148085289771
2017-07-27,-0.005453208042446311,-0.002243033964727914,-0.0007507202198243634,-0.0007869359100317608,-0.001592241153879459,-0.0024775686977610567,-0.0009292307351722595,0.0011869544680480626
2017-07-28,-0.0004570502998805237,0.001049157186281846,0.00751316068954333,0.00011289335500164199,0.001687898540205346,0.0026492457895230803,-0.0011732009344699312,-0.0027259487447837127
2017-07-31,0.0011432550622236803,0.002096189908755708,0.0004971211979458712,0.0,0.0002810043945375984,0.0,-0.0005667757626461878,0.0013068802144433622
2017-08-01,0.0029680443017934266,0.005528283455726202,-0.0008281447132181263,0.0009937920505351805,0.002484246751843555,0.003625822665555667,0.0022286186363600358,0.004510300443137494
2017-08-02,0.0009103454439636227,0.0004455624727730534,-0.002072109381170417,0.00022636626656180603,-0.0009353313623285953,-0.0015676226116250191,0.00048512410310785903,-0.009097122102979194
2017-08-03,-0.00409378532538851,0.0005941397768838286,0.0015780299800982611,-0.0019180821085598154,0.003462925178588483,0.0014048164765312343,-0.0019399102494396248,-0.0020272068964357626
2017-08-04,0.0036537717446702977,0.001335817084286095,-0.007794965092940864,0.00022571172909158221,-0.002704787133050446,-0.0038772557097213056,0.0018221874353521184,0.0033452959250888092
2017-08-07,0.006826081213616275,0.0004446537029123565,-0.0011700742821817434,-0.00045152918923418994,0.0005612686716802706,0.00024821319048284884,0.001859178972373643,-0.0010719584744628419
2017-08-08,0.0002259405766775746,-0.005333916381647152,0.0029286123995055924,-0.004295584272015263,-0.0008411664703592558,-0.0048025142789117625,-0.0024609655937957164,-0.004768337884691443
2017-08-09,-0.009037376851127266,-0.0016388077523119549,0.012097421498902916,-0.0038605729909657605,0.0012161292916297306,0.0009980938743556766,-4.047232768500386e-05,-0.0033535168494145395
2017-08-10,-0.023711980824525414,-0.014174731800479679,0.007419021877765664,-0.006381956832361091,0.00373729630097297,-0.0003325404215598349,-0.014115331062483527,-0.007210501547361137
2017-08-11,0.0023355151559607545,-0.0018161846561616235,0.004745944156777204,0.0017202229602277797,0.0011168739110676285,0.0018301034903702718,0.0014769878494036437,-0.006173659882892091
2017-08-14,0.010251407453097938,0.00727803237985758,-0.007085289845225606,0.005267586227402532,-0.002417296009266434,-0.0006640867355023339,0.009913162648475193,0.01668715181280489
2017-08-15,0.0011534301395392799,-0.0007526802829981305,-0.007709931316675078,0.0003415424674504397,-0.0029828022423898926,-0.0011634462236166376,-0.00012170035549463609,-0.0029954010037611667
2017-08-16,0.010366219615482342,0.005724769186048029,0.007356582616572016,0.00011387835434684135,0.0018698727838046825,0.002827620979598988,0.0017441804979680953,0.00396543306763264
2017-08-17,-0.012768055255240163,-0.011234244797932558,0.00508734802014188,-0.00557849752912809,0.00354562621529686,0.0009947917223249725,-0.015590593928335728,-0.006223857206028027
2017-08-18,0.008544942800190247,0.0027267531278385437,-0.0015511047050799087,0.001488063100270276,0.00018621548014108313,-0.0006624196701147111,-0.001563174938009948,-0.010116743515938609
2017-08-21,0.003664347247742006,-0.0003021486848882038,0.0037612352656932746,0.0010290061118636284,0.0006502748116374857,0.0014089222769442244,0.0007828111397598647,0.010707006122249174
2017-08-22,0.011179305801911621,0.004835915491311793,-0.00448031151993189,0.004111163902331683,-0.0019506073780555244,-0.0009931494285292386,0.010456976281855157,-0.00288908710750424
2017-08-23,0.004737995973030262,0.00015043023045913095,0.003764005301683193,0.0001137488428335498,0.0034437895985359734,0.0038111614184301867,-0.003585184670164887,0.01026166710849341
2017-08-24,0.003144328630835691,-0.002255513939034115,-0.003097719565419932,0.0014783578262527186,-0.0015767568467836002,-0.001898648511321377,-0.002330955141712332,-0.0031067703635356825
2017-08-25,0.005820057654377209,0.006028701744973164,0.003679752595251218,0.0018170186359334206,0.001672329246935167,0.002315327903981812,0.002336401188074655,0.00479500743365624
2017-08-28,-0.0035610656544367014,0.0,0.015887278895027057,0.00011301493296578258,0.0009277829423264272,0.0,4.0703774725869835e-05,-0.007635684838224632
2017-08-29,-0.0017865306737356867,-0.0040450474419605476,-0.0021654043401579948,-0.0012464249530985683,0.0023166523591731103,0.0007426169267208405,0.0011450431819322038,-0.001082007805298546
2017-08-30,0.001566012068113798,-0.0013537003707293493,-0.00048221796718150856,0.0027237762692173817,-0.0008326771948572453,0.0008242200620052209,0.004737341384139171,0.0056563373102371806
2017-08-31,0.0015641900619891569,0.0076818429269644994,0.011740101940391323,0.0027154764413930277,0.0015734284029902401,0.0017302912225312106,0.006016057521217366,0.005744877505322155
2017-09-01,0.007361033015642171,0.0013450525955980286,0.0019074699121892635,0.0010205141029879794,-0.0029425178946429487,-0.003958250738730684,0.001414292705741227,0.0034511062832687234
2017-09-05,-0.013064774179338712,-0.0067171973746312785,0.011105834943620163,-0.0022643309458608707,0.006959785268058516,0.006208950224414034,-0.007182184323628382,-0.0027275643456319276
2017-09-06,0.006506701813728144,0.006161579486332114,-0.005099651110527015,-0.0006809378241964259,-0.0023957072921638733,-0.003537721857752807,0.003413829140298752,0.0026155717722324834
2017-09-07,0.007356215586441506,0.008215027455080515,0.010409331674411826,0.00011309372561130182,0.004341736938189955,0.0038799606490593774,-0.00012152290024036727,0.006404338375871399
2017-09-08,-0.006638567675472218,0.00014817935244515468,-0.0012487602904230899,-0.003178800004210225,-0.0007353104745690953,-0.0029606271059777756,-0.0011746982039733123,0.0008245882236528335
2017-09-11,0.01336596967706316,0.007850864245333877,-0.01390950036975469,0.0031889369971502823,-0.005707418838908573,-0.003051569454927683,0.010665956756320982,0.009184603609154962
2017-09-12,-0.0010993195500711428,0.0030863360253388095,0.0029320477853171933,0.0012492223521609613,-0.002407183689172143,-0.0010752094994045391,0.0033706783111440153,-0.011784156777130628
2017-09-13,-0.005281388977322332,-0.005421363333527052,-0.007506297144185381,0.0003407560565638068,-0.0020410572837415986,-0.000994308456174875,0.00047989782775137435,-0.002597236087383381
2017-09-14,0.0026545082536386655,0.001768050941738153,0.004378656548724491,0.001359725292211067,0.00018542897536444336,0.002487335444828931,-0.00031987199505945085,0.008285925093300506
2017-09-15,0.005958017168091079,0.0008821717814779806,-0.004993697404288455,0.0009059200539534018,0.0012087832768648,0.0008266224994648574,0.0013463071534693949,0.0018781561706628924
2017-09-18,0.003509306135672574,0.0013224944930267934,-0.009320466663927607,-0.000452584543323864,-0.003899596722713339,-0.0009910586235011287,0.0021266721209303174,-0.005390188308906474
2017-09-19,0.002185837793978296,0.004695414751266336,0.0020907215740946228,0.0010188280640859304,-0.0011189709572864137,0.0005790080118006635,0.0010010210288571297,-0.006597644227088417
2017-09-20,-0.004580298660346704,-0.00219054602999047,-0.008024393981386213,-0.00011340963055284092,-0.001959756057182349,-0.0012400258182481139,0.00036033986003225493,-0.002727824979177673
2017-09-21,0.0,-0.002049319331135946,-0.007603967161635139,-0.0012437862400381805,-0.0013088934974815336,0.0,-0.0026794291131608805,-0.001902695717825087
2017-09-22,-0.005696569011295449,0.0030800719941952437,0.004564701313993336,0.0010191051494632397,0.0017790234368495472,0.00132417494679693,0.00020055315684897046,-0.007053898732737318
2017-09-25,-0.016967715022891516,-0.0057024755952324035,0.010467388330802407,0.0005655165003577434,0.0029904707605596936,0.0037196841594393515,-0.0020447697848074986,0.005819152662169813
2017-09-26,-0.0026901399847214513,-0.002206126387742424,-0.01116196421162674,0.0012432952659453544,-0.0008387184130086434,-0.00016447521304319146,0.000602841538154042,0.0016875062285721665
2017-09-27,-0.0035962833397664706,0.0007370013807748155,-0.009420139990778287,0.0004511829854036975,-0.0051297453611465205,-0.003871786018615486,0.0038943666802404575,-0.009024386950703733
2017-09-28,-0.0006765984757608479,0.002651074668263087,0.001885519931214219,0.0,-0.00018702963590444543,0.00148834895755523,0.0011995836878695432,0.006799432675453021
2017-09-29,0.011512493946373548,0.005875504720100233,-0.005155038524977895,0.001466956392675911,-0.0012191848535539895,0.0009083530688216435,0.003515028014784427,0.0020500960037534988
2017-10-02,0.00022301258289569859,-0.0008763525551030993,-0.006662322551317712,-0.0005091338334891615,-0.0011377164304964271,0.0009347709535292292,0.004338758769393269,-0.0014441050942506362
2017-10-03,0.01584120872984074,0.0033618605527452328,0.0004968550936175209,0.0018114049077730954,0.001412223128600898,0.0022311746736309868,0.0021402405942823055,-0.0014463229745977912
2017-10-04,-0.00021989657469512203,-0.0018936257428461278,0.002813840376879373,-0.0010170815071910422,-0.0002821876280111324,-0.0005773272635194449,0.0011861838085391874,0.0050693328788260494
2017-10-05,0.007469399980551961,-0.0005838939054580994,-0.0053643767904709705,0.0012438309884541532,-0.0010341849088338906,-0.0014022762310481607,0.0059253413613131745,0.00360297437856949
2017-10-06,-0.005015316651487245,-0.0007302209486578226,0.004729503075844965,-0.001468336805165893,-0.0012235401158874337,-0.0008263761850042517,-0.0011390403756336154,-0.003230958504840231
2017-10-09,-0.0006574246164032793,0.00029225808408162024,0.0081757826666502,0.00011308865099057819,0.0011306485720392612,0.0008270596474004854,-0.0016508958881373825,0.002401182072806707
2017-10-10,0.009868266625447264,0.009495867640303635,0.002621229439913275,0.0007918058332170297,0.00037651618077627624,0.0006607909600628847,0.002638316777010541,0.002993692970444606
2017-10-11,0.004560304955486094,0.002460215340674976,0.0031862694835504968,-0.0010167403148998444,0.0011295654744811756,-0.0004956531818309795,0.0015708520124297909,0.0033435156708585545
2017-10-12,-0.00043224691301646523,-0.00086607016378204,0.000814386133850542,-0.001132525631792558,0.0009395654278074872,0.00024829386215685645,-0.0014898832617654678,0.00642609568250796
2017-10-13,0.009082929952491936,0.00520142990128436,0.0075677460313676725,0.0004540191737800736,0.0033802839766756687,0.003963624855000569,0.0012171345040994375,0.002601426095754311
2017-10-16,-0.0006430124758844968,-0.0007187802419759137,-0.006864791440930884,0.0005658224665141542,-0.001684360142314545,-0.0013984667447917154,0.0013336503633740726,-0.004953346169830453
2017-10-17,-0.00514650751582757,-0.0025890108830306513,-0.006830966568647456,0.0014713098024554672,-0.0003750512194184985,-0.00016475085489719987,0.0007050454166812603,0.001185078423146857
2017-10-18,0.0023709974179180193,0.0028844416127375982,-0.003766470931119148,0.0010166011691428167,-0.002532237164303175,-0.0014826585535324677,0.0009784220598751947,-0.0010651301299551275
2017-10-19,-0.008817236099343484,-0.001581941022696265,0.005917656213846323,0.00011283335452660914,0.0010345296692968464,0.0014848600940517986,0.00027401557632700246,-0.002962853517522346
2017-10-20,0.003688360044787675,-0.0012962551153075097,-0.006373059753138954,0.0009026335390767137,-0.0041321654020431975,-0.0027183647702399005,0.00516033988839526,-0.005705522294615517
2017-10-23,-0.00799808348306541,-0.002163205307953886,0.0015623915833617996,-0.0011274627294952655,0.0009430212088501477,0.0009912767986124393,-0.003889336053556125,-0.0038254438648415157
2017-10-24,0.0,0.0015898713135042986,-0.003858794818776823,0.0,-0.0030154091203975497,-0.002475694847342891,0.0017571406519469868,-0.006000116881209827
2017-10-25,-0.002179168937589182,-0.0038961318488335284,0.0001648120231156902,-0.0028222496879934944,-0.0016062567380601411,-0.002647312311024108,-0.0049501764987344155,-0.0028976640751559035
2017-10-26,-0.006769921874681062,-0.00014511183764986946,-0.00840541125580585,-0.0012444078990337948,-0.0013251214168401582,-8.325880675863484e-05,0.0012925262380156788,-0.00823366893970412
2017-10-27,0.014511555000767729,0.002318367948758171,0.004736970715121469,0.002719080441413446,0.0032229310174849424,0.002986672034410276,0.008176389344791923,0.004517239785769789
2017-10-30,-0.0062850968049568134,0.002312789220338507,0.0019023633137824625,-0.00022517466482951942,0.00358923754268603,0.0033081254073841215,-0.003725112561076549,-0.00085060049066632
2017-10-31,0.009378347553021582,0.004182379186264074,-0.003797565383496959,0.00022522537987890168,-0.0006586337992537938,-0.0014014077832864569,0.0015577522670384703,-0.00012180440589726338
2017-11-01,0.00518593330236139,0.0010053104060661067,0.003646328400454868,-0.000952941927591211,0.0006037472514497377,0.0015807107683050159,0.0013222406336645953,0.0048664338536528184
2017-11-02,0.0012897945371468378,0.0030130454604988532,0.0006605716344769696,-0.0005681463277771304,0.0013200826743462457,-0.00016494338060735192,0.0003884206808333346,0.008474414867170044
2017-11-03,-0.005152532440393598,-0.001573425675224338,-0.004703355749991034,0.00011406513923883921,0.0016003331590621617,0.00115719996102559,0.0033385783110484457,-0.00252113482392724
2017-11-06,0.011221640152439427,0.0014323227671209082,0.008539203746006141,0.00011329590718545113,0.0012226537937856108,0.0002476847993795328,0.0015477088676951745,0.006739889455008585
2017-11-07,-0.006402180202445984,-0.003719240916303268,-0.003616953850285376,-0.002840875502178042,0.00037545715344111663,-0.0008254973576533597,-0.0006952138766336269,0.008129525540722105
2017-11-08,0.004725083237077543,0.003302606002843156,0.0034650455582678763,-0.004445241033206315,-0.0012200859881027482,-0.0013213202279296343,0.0017007140405553844,0.004979917275154566
2017-11-09,-0.0061993086988955115,-0.005724979506980921,0.004110828013571766,-0.004922234156701677,-0.0003763918961739998,-0.0026472546695621713,-0.0036277203520195256,0.001061991126612094
2017-11-10,-0.004301989206269008,-0.002735209921437165,-0.008187996581421442,0.0021853447945929805,-0.005076632838618034,-0.005722305126900196,-0.0003097150932414028,0.0010607379257761007
2017-11-13,-0.002160237652395036,-0.0041859297947862695,0.0014860093226882753,-0.0006888562008341426,-0.0004721599393479048,0.00016657093823568836,0.0009296362052080287,0.005063084677132679
2017-11-14,-0.006711497684814605,-0.00072438921147433,0.0020608359165059653,-0.004250562144226033,0.0014183906516773703,0.00025063840836381246,-0.002322270090020062,-0.0021084892276208578
2017-11-15,-0.005231146204566439,-0.004786981702172399,-0.0012339083538733808,0.0,0.0035870096048602473,0.004252244606167244,-0.005005180332158132,-0.010096635324753356
2017-11-16,0.020815355747785258,0.008016339220600521,-8.23831309511025e-05,0.009806127804131926,-0.002539880447350762,-0.0011624739696971531,0.00850074057805017,0.00830174295594488
2017-11-17,0.004936432335362451,-0.0036147736435004907,0.012026351450757033,-0.000685136396041619,0.0013203318002750208,0.0012468648003671756,-0.002938558512149858,-0.00435193728845229
2017-11-20,0.0051262213073266505,0.002176703624586551,-0.012616010451388715,0.0002286045249588753,-0.001600723135247284,0.0,0.0017063952730134169,-0.002952833255369547
2017-11-21,0.013386994937267804,0.007529969048549079,0.0016487064682373376,0.0020575926849997206,0.0001883307672381207,0.0033206595718111576,0.006542675270206466,0.007464062856149978
2017-11-22,0.002516401202266483,0.002730240012480678,0.009217308019892956,0.0015967877969398359,0.003206329270620367,0.0038886334733507777,-0.0008845419441471103,-0.0022345002109347423
2017-11-24,-0.0020917536454643226,0.00816984830264178,-0.002527909692056296,0.0006832958278315537,-0.0008457673660807741,-0.0011538714628146485,0.002309619637752558,0.0012964152741199442
2017-11-27,-0.014671890096363938,-0.005970907367142675,0.004169409233999888,-0.003072387472561222,0.0006588957458144584,-0.0005777308806891313,-0.0004991459364092066,-0.004708329022284463
2017-11-28,0.007445329050792537,0.005720600533204445,-0.0001628614521104188,0.0030818561287233592,0.0001874640289609708,0.001403577496137176,0.010144724583442288,-0.0037851676371533083
2017-11-29,-0.015836327258239136,-0.00398150110196438,-0.0062698205225436565,-0.0012521519102355327,-0.00319608158069673,-0.003957643995459059,-0.0006084215107009516,0.0003562675325028408
2017-11-30,-0.010942035511023795,0.0009991405311668977,-0.007702412605330111,0.0002279870036381304,-0.0031120931332648816,-0.0011587523405661715,0.008754633850732274,0.0015431487115660225
2017-12-01,-0.005639727430748476,-0.003993426826843005,0.004046225185331043,-0.0003206111635662978,0.0036952924608470994,0.003091150029110201,-0.0020754624815857436,0.0023699765642719584
2017-12-04,0.001963136711727209,-0.0035800188470171967,-0.00337195530112111,-0.00034297717699183217,-0.0004722379782271524,0.0015736629812166392,-0.0012100556296619214,-0.004965183416636543
2017-12-05,-0.000652927176536755,-0.0021561016752535966,-0.007096885692240984,-0.0005724912671466464,0.000755849271817155,0.0019026127740535692,-0.0035962708308407976,-0.008316343975178109
2017-12-06,-0.013507600380077589,-0.0020162691117875386,-0.002077792558461522,-0.0009158346254477534,0.0020755789399420355,0.0018985717789881118,0.0001898382883118721,-0.0009590824302081469
2017-12-07,0.0028709294649627015,0.002597747989646626,-0.01315900587216201,0.0004584406526857432,-0.0017886039995631542,-0.0019775796287599956,0.003153372036181379,0.002518736641002439
2017-12-08,0.011671423955718296,0.005326011674011033,-8.434894941455884e-05,0.0010311050838884839,-0.0007551528976915689,-0.0012378586158665605,0.005452892762091155,0.0051435686798433355
2017-12-11,0.005006583808288001,0.00257729050068245,-0.003966924437765251,0.00022912061673219242,-0.0006613465872720159,0.0007435328454092893,0.003013109070745257,-0.00011916624521857155
2017-12-12,-0.006714203249973183,0.0012851900847361541,0.0011863349471583629,-0.0004575847919164877,-0.0008494240343898118,-0.0007429804150670405,0.0017648198323161335,0.004879944071459752
2017-12-13,0.011993117495064931,0.003851190702780949,0.008633065001213636,0.0005717945625103305,0.004065234744252244,0.00347093404471166,-0.00011263213976442366,0.0016580069423635102
2017-12-14,-0.0073260574979996385,-0.005541308542112322,-0.002013911785324396,-0.002059517292708035,-0.0003759306290207487,0.0018128607124805463,-0.004086060124045554,-0.00023623932891525534
2017-12-15,0.0021704518441840737,-0.00028567270147872303,0.0021020768465358497,0.00011472282730085048,-0.0001887862053151501,0.001397401355203165,0.008327436316326375,0.006268457581972253
2017-12-18,0.011262756550858288,0.011862084463790667,0.004614893860962033,0.0010317654618929861,-0.002261624990797295,-0.0029561400753247424,0.006340963154144674,0.006581864431616236
2017-12-19,-0.005283449449691169,-0.0036682277825643705,0.0007516606979649509,-0.002061611006572983,-0.004533414589563134,-0.005105527555811951,-0.00384033029212405,-0.021251625835362442
2017-12-20,0.001311549190994965,-0.0017191935334561759,0.002670670135530351,0.0008035897732279196,-0.002941087853212121,-0.0026491098345584607,-0.0005238284364287304,-0.011572584026191768
2017-12-21,0.006548653869947296,0.00358769147808502,0.0014150005810633637,0.0010483040490674167,0.0007049266779983743,0.0026949541481762207,0.0020594409060550323,-0.003873205436200622
2017-12-22,0.008458211909737612,0.0025740672570895295,0.005236513137702126,0.0009205147264415015,0.0003816999248893449,0.0007464385620905567,-0.00026144796181992724,0.006890373891799362
2017-12-26,-0.0008602633487116984,-0.0002854296205117013,0.006862859144246114,0.0014933921773880865,0.0003803076672108663,0.0013261740799641597,-0.001196217947518452,0.0050105399865281175
2017-12-27,0.002582813911438775,0.0018547658347569662,0.0037776687734956127,0.0004594925797627436,0.004282731676958029,0.005546197041491618,0.00048677526640417135,0.0032832032151577373
2017-12-28,0.006869892247469922,0.0005697541860412159,0.005072364396301321,-0.00045928154330154847,-0.001231967300219905,-0.0006590247727905618,0.0020572064644657218,0.005332516521535213
2017-12-29,0.004690899084409672,0.0007115588548680662,0.006512031434223742,0.0014924043639334972,0.00161276195734672,0.0013183221812713697,-0.0037703773491861714,0.00036179122606561087
2018-01-02,0.018887736617037687,0.007395848793421589,0.012131014811884722,0.000916859617994259,-0.00331495207645649,-0.006663703091658979,0.007157273480663751,-0.0037356917634078224
2018-01-03,0.009581685716872457,0.004800470555111458,-0.002636850395774437,0.004808434166582387,0.001045190395235318,0.0018222900482895987,0.006325022624241283,-0.002902916814539136
2018-01-04,0.004951128963035734,0.010959438453277404,0.00512737855482448,0.001709616904342015,-0.00047498606521068076,-0.0003304739864202766,0.00421461973411108,-0.017226969344457554
2018-01-05,0.008622662456524433,0.005559380742353959,-0.0010361649479244672,0.000682270278914876,-0.0012348043724814683,-0.00033101100891796964,0.006664600143828858,0.0004936791898491055
2018-01-08,0.0,-0.0002764561244958941,-0.00015961279955856167,-0.0007960074584023591,-0.00047490979249042997,-8.301550661193868e-05,0.001828423179368821,0.005182313165251751
2018-01-09,-0.0016283308385899309,0.001106130294477925,-0.0046284750854691525,-0.0030711812737981292,-0.0047576729167282394,-0.0036393767191841286,0.0022633530213953534,-0.012888371605228599
2018-01-10,-0.006320061435863389,-0.0019336573842704263,0.002405158456580736,-0.0021680648617985465,-0.00028739190947957294,0.0006642858437533317,-0.0015296786915036664,-0.011191574442329544
2018-01-11,0.006155171304622842,0.00691864502912698,0.003279242310744168,0.0033159589941083034,0.0006698496375843188,0.0024057401247818966,0.0072959053755325964,-0.0033952403071354498
2018-01-12,0.009583800039245638,0.010031798894344357,0.012117319941670202,-0.0017086975872585564,-0.0006694012394068416,0.0001660553420748112,0.006518855336314022,-0.008075755693545905
2018-01-16,-0.0038374528478932746,-0.0009526584813032146,0.0016540570729914883,-0.0005719789093734384,0.0004788856936341901,0.0009097705417411284,-0.00341821191437941,0.0019080873470718185
2018-01-17,0.01317904474937781,0.00517507515263449,-0.008099385028916384,0.00011443384199294471,-0.0021987443537265783,-0.0027283706922702766,0.009531804959585832,0.006983555535237107
2018-01-18,0.001200788141608955,-0.0012192439510458897,-0.002219746160232239,-0.0010282793962832493,-0.0031610407816372588,-0.0038965469529018693,-0.0016807178190526573,-0.012860925196489514
2018-01-19,0.008195268428655256,0.005561359426154766,0.004449368789751107,0.0010293378431791567,-0.002594556464859732,-0.0030801552556015688,0.004549214278135594,0.0053647372310683394
2018-01-22,0.005749089019368769,0.005126207804823313,0.0018193589642852004,0.0009139956787325154,-0.0003856089201013102,-0.0009184273745260763,0.008131122430352855,0.009147435500419743
2018-01-23,0.004731195521773923,0.003220970899565634,0.004974316982453653,0.0029671573481226954,0.002891334434862669,0.004345616400525776,0.0021226757026922005,0.01384856053717054
2018-01-24,0.00843617678022035,0.001739137784934286,0.012177899643490031,-0.0014792579358597902,-0.0019216096179541786,-0.0006655510730171343,-0.00038879919641210403,-0.005215710739728818
2018-01-25,-0.0005834217393886343,-0.003872646325462137,-0.006675468432262743,-0.0006830360648920619,0.0022145965591209293,0.005078906673528394,0.0004238743254976196,-0.0017474216686358401
2018-01-26,0.013821086036330144,0.008848350502814961,0.0007814808358339587,0.0007974542747968272,-0.002978861835377211,-0.001325172081235837,0.011577983113685075,-0.003501159339609483
2018-01-29,-0.015168940988171009,-0.009169643655443704,-0.005621994291566623,-0.0035324109261571923,-0.0025053647759196718,-0.0026546334042328867,-0.0066295952750654585,-0.013426786761044585
2018-01-30,-0.013647934599936185,-0.008315190459623478,-0.004318770545372663,-0.0034304631464747715,-0.0023185572409575306,-0.003410272570531503,-0.010257236210836407,-0.007250398226833044
2018-01-31,0.008697405940862657,-0.00135255600706774,0.006703457836465088,0.0017211702774146964,0.00029082149782211353,0.0020864090950616365,0.0004966419454004445,0.017937176594675863
2018-02-01,-0.013521316975443343,0.002844147724009982,0.003290292152912322,-0.0018868120269271982,-0.00515883780554538,-0.004417462531144167,-0.0011350320690181048,-0.021522907215258513
2018-02-02,-0.02562581208817083,-0.02025660121381223,-0.013117887393550687,-0.00633799695149484,-0.0037040704547002257,-0.0051169984799255275,-0.021769923871560626,-0.00848983869116049
2018-02-05,-0.03506625935963381,-0.041902149596501626,0.002531843471552664,-0.00556710139218064,0.008217838587318838,0.0005902608953156641,-0.041822692214304125,-0.029709372690932545
2018-02-06,0.032537386553312286,0.01970919357820189,-0.010496423649786535,0.006064505360864558,-0.004366640112672071,-0.00202204856289967,0.019702492579370734,0.00013382554931218316
2018-02-07,-0.03151206627192893,-0.010581066913626702,-0.004705665583148222,-0.0037097040434853623,-0.0029234361677760168,-0.0027860045502678954,-0.005425072861293123,-0.004278239597533706
2018-02-08,-0.03465023291993441,-0.026094298786326853,0.0015225774502147793,-0.008726430911788041,0.0008798578719213523,-0.00431818868810685,-0.03750896172669815,-0.02873280934308786
2018-02-09,0.015976925443534018,0.0042456619734678736,-0.0016803225174144565,-0.0028172397150383333,-0.0017582599965073609,-0.003231102677730857,0.015021757027645855,0.025021451698959973
2018-02-12,0.015726173407572208,0.01530835673646358,0.004808897328354433,0.0068269372805545014,-0.00029360516262744163,0.0,0.014684057961767083,0.0004045851750551499
2018-02-13,0.007635245640699395,-0.0030155372147332438,0.0056632293923437604,-0.003156247667188805,0.0016640075442317936,-0.0003413668388083657,0.0024875291109685005,0.007009593429468497
2018-02-14,0.025047215744163465,0.017715895704570217,0.017052616317100977,0.001758952785263057,-0.0060570150351177965,-0.0036696698362631563,0.013496423971362415,-0.007228986954443628
2018-02-15,0.020533903423300526,0.006226941329436908,0.001169844500285011,0.008078486274202712,0.00029508204244499403,0.004711144240203025,0.012759918505179657,0.009708667952933014
2018-02-16,-0.0032193119436380035,0.004500716065613197,-0.003271582663696204,0.004065525389399305,0.002358124841147724,0.0029836472065452035,0.0002931516340674012,0.005475805096925912
2018-02-20,-0.013726125477044326,-0.009381253872627782,-0.013441710167313103,-0.0034701030315298365,-0.0010789815995511098,-0.004249736271654703,-0.006261487555780376,-0.011821050655656418
2018-02-21,-0.0008187115545756907,-0.004805480463624612,-0.004594377467322608,-0.004527043605084713,-0.0029432564028289976,-0.005463019146021875,-0.0049739955225842625,-0.019758205243057936
2018-02-22,0.0006142538583970847,0.005254724400561184,0.005093103382117992,0.0006992283764146734,0.0013777212637353653,0.0013728141006368322,0.0012963129707952437,0.011380656081820595
2018-02-23,0.017809778501984175,0.00791198530931192,-0.0012668539845070992,0.006641577453810221,0.003833588413326039,0.0046284987245848175,0.015939478896187742,0.01599802501306047
2018-02-26,0.009251960628883005,0.009391774114177354,0.0024575674654647717,0.001736776069063417,0.0011742662070544085,0.0012802793144612856,0.011612147576955278,0.002802382900328082
2018-02-27,-0.029095422812934313,-0.014859274306571635,-0.01043890649807222,-0.0026577585617281185,-0.0031294389731546524,-0.004345959475400618,-0.012487122229121517,-0.023286803441153858
2018-02-28,-0.014367774813663359,-0.00944445291039575,-0.0010388975966705294,-0.0015063559251660141,0.0023548824853634187,0.0018827565689625292,-0.010129812026470342,-0.0006813669233276531
2018-03-01,-0.0018743245628661809,-0.01679223949258346,-0.0022399902343750444,-0.006628525885369774,0.00430313552546302,-0.0010271756442147284,-0.014540606276829182,0.0009543046028708257
2018-03-02,0.004172987227719638,0.0047760453547121,0.005372018620811936,0.005628827915191037,-0.0037089091902865468,-0.003173366554849899,0.005155000289249312,-0.000408319991519579
2018-03-05,0.00145447601984805,0.005330089918024639,-0.0016747674096407872,0.0,-0.0012739719232920388,-0.0003439530687278092,0.011557917223681491,0.01130888819695075
2018-03-06,0.009335954414658953,0.005874812318631184,0.010784458146907872,0.0014000935338240872,-9.79539961938336e-05,0.0008604441567050536,0.002535205655484374,0.004716091666369326
2018-03-07,0.0010276177231784978,-0.00028499335929610403,-0.006401624645603676,-0.00244578542460705,0.0,-0.0003438640785888847,-0.00036656120998956876,0.006168464058972534
2018-03-08,0.00020525583518415935,0.002137320992245284,-0.0023862794212923255,0.001167518524833211,0.002060253920533217,0.001977787960670385,0.0048387256068558315,0.001866226057950282
2018-03-09,0.021351111590037553,0.006398287781945067,0.0009568071147663115,0.0036145248598649093,-0.002153597616172953,-0.0035188817300865205,0.01740287270480212,0.0054541858377563646
2018-03-12,0.00241201070643271,0.001130562577451144,0.0,-0.0016268505191379123,0.0023544663874264238,0.0012918230481617776,-0.0012554378884211959,0.004365954731324395
2018-03-13,-0.009023506726660302,-0.0066330479293407185,0.0019117242474055995,-0.0031417248124605557,0.0016641870416640447,8.612845089173149e-05,-0.006462870694284972,0.0009224699655716595
2018-03-14,0.0016187757490155885,0.0024150286902995255,-0.0006360457292980959,-0.0011674490751559796,0.001954892958768273,0.0022369340982910657,-0.00513118170374105,0.0009210630972060763
2018-03-15,-0.0036362892232620903,-0.0005665191254422552,-0.006364323323672649,0.0007014967558642837,-0.000390379442816724,0.001029732783459636,-0.0010897014312779563,-0.0002627300130350063
2018-03-16,-0.002230364511634053,-0.0007093552860618635,-0.0024019459414951205,0.0021023896704004397,-0.0011712318174789127,0.0011146903930892016,0.0010840010084729457,0.006970955384105304
2018-03-19,-0.01077021290889224,-0.008088355919601997,0.0021669685053569143,-0.004079403419057992,-0.0009763361437910012,-0.003340347725747983,-0.01353019478641826,-0.008620550938743365
2018-03-20,0.011092718880445052,-0.00014300233436304044,-0.004484705499084418,0.0019895406567858043,-0.0019558569272515314,-0.0035233422306979456,0.0017009512962289364,-0.0034256521128233075
2018-03-21,0.00589196557037841,0.001573674427730598,0.01745640608927701,0.00034984242152380496,0.0006856265330343891,-0.000603822511497043,-0.0019195772278746137,-0.007403722356007947
2018-03-22,-0.03332652590922358,-0.01857129438657612,-0.003953194075975608,-0.005954756988306609,0.004111397034291642,0.0017261734219191638,-0.0249967368312497,-0.005860580562331519
2018-03-23,-0.020267336706428662,-0.011062541588806152,0.012938539529958382,-0.0025830980504695233,0.0013657026900788516,-0.0031872354587921814,-0.02131498091667583,-0.01781870364246907
2018-03-26,0.03241615029788081,0.01795714824612027,0.005250357853935794,0.006476430851063419,-0.0027263184279280317,0.0035427769150437882,0.027359167250764038,0.011376983062037382
2018-03-27,-0.018177944580875516,-0.007374436305742971,-0.0061584106879087885,-0.0009360354652200309,0.005663170140889795,0.003616923003451289,-0.017011543610417457,0.003812991826562806
2018-03-28,-0.005049629291511648,0.005826548025555045,-0.01380496145836152,-0.0004685258935276382,-0.0001945253910852207,0.0026597014922737916,-0.002954794958620277,0.025098214559091447
2018-03-29,0.020934865014041293,0.00912412555280584,0.0004771936450476133,0.003398108735576333,0.0020394283444145067,0.004535569866812139,0.012777251649641608,-0.0011912091275073644
2018-04-02,-0.018020037904497133,-0.01377730484064188,0.011686153191860393,-0.0038809199172300524,0.001019174761185182,-0.0005387046021290143,-0.021584533226952862,-0.013515175900232879
2018-04-03,0.009913496059774207,0.006402874390513791,-0.007543604183229413,0.002824887124461828,-0.0031994597374613853,-0.0026498977786321154,0.012816780286551976,0.008462081276858324
2018-04-04,0.00041783064636335965,0.003470062662117135,0.0011876001018218396,0.002229872249307263,-0.0005841386481287847,0.0,0.010699242065654868,0.010522164203202511
2018-04-05,0.0025051678338450234,0.006628131837992601,-0.005140323544257752,0.0008197880388240986,-0.0025316295133893663,0.00034346046353261883,0.007892422701444746,-0.0003956083060904225
2018-04-06,-0.01957493640307839,-0.006584488976967506,0.004689954877408642,-0.0022234351633036997,0.004391774238642565,0.0029980501730162423,-0.022286096885725692,-0.007515528006061034
2018-04-09,0.0010615926158141775,0.008213344091561714,0.0034021703240154633,0.003752013444130009,0.00019461784001695293,0.0005125980007363307,0.0049283920413589755,-0.003188772448872501
2018-04-10,0.019520698300068196,0.01071867731373799,0.0023655815524343815,0.00362293935243696,-0.001749049704694139,0.000256649454510427,0.01590046722069527,-0.0010661150449519097
2018-04-11,0.0004161606796095896,-0.003817899764251731,0.007787899955785216,0.00034886747739837354,0.0009736081452298428,0.0006823547544152486,-0.0052424452182592285,0.0021348550419664214
2018-04-12,-0.0004159875619431652,0.003832531987222332,-0.011630613197024187,0.0036076368299846617,-0.0035973713083509162,-0.0027289580392947377,0.008227076986125903,-0.011183746503140246
2018-04-13,-0.009989581130395164,0.0009900378488454376,0.006555000660688037,0.0005801841653623185,0.0008782740022359459,0.00034135119615075205,-0.002932874711313316,0.005251305000267159
2018-04-16,0.0012613700674133366,0.0015537369353644248,0.0014123209845888773,0.001505887600307787,-0.00048743126896999556,8.587886536037814e-05,0.008221423336118638,0.0061609605383754484
2018-04-17,0.002099441692352322,0.004513412096239566,0.0009402393572395251,0.0004631806994330745,0.0005857111356559752,8.560835039284065e-05,0.010698766138194316,0.01171440069031826
2018-04-18,0.008589889636423376,0.005195030946038459,0.0007827669207129961,-0.0010409888235722864,-0.0038992495183095555,-0.005128957150636659,0.0007402869691617298,-0.002105085469791046
2018-04-19,-0.005816314009032042,-0.0037713649312706155,-0.001955416527053,-0.003126220831662696,-0.0027401956600802135,-0.0037809256497297605,-0.005547917074156139,-0.014503898857080477
2018-04-20,-0.012536597102709157,-0.0037857111810433164,-0.007601890535287481,-0.002438602783412014,-0.003336086081560663,-0.004053585521035297,-0.008478813460567003,-0.009232004244013381
2018-04-23,-0.00804039712814153,-0.0012666759254248428,-0.007975949843974872,-0.0026779282998683485,-0.000984372919536236,-0.0004334243571871843,-0.00015031817455168905,-0.0008103801637604491
2018-04-24,-0.004692997726818526,-0.004086857868544014,0.004855919415812648,-0.001985013936735891,-0.0011827416582728123,-0.0029453279608551153,-0.013467481030923323,0.0037842043174507456
2018-04-25,-0.007715328485880524,-0.0016978895194158516,-0.006496075996334616,0.00011705484196067317,-0.002170743679684617,-0.0031283246082773886,0.0024716650821732244,-0.001884933798530386
2018-04-26,0.014470760392390591,0.004960856864845153,-0.0035085115107064135,0.003509293960573201,0.0028675803188473736,0.0029639247404049662,0.01016579351336877,0.01308503122919058
2018-04-27,0.006174109011489737,0.000987385045565503,0.004241008034887361,-0.0004661821162430524,0.0016760558403841053,0.0022597330497506896,0.0009384183438554405,0.017177276660087726
2018-04-30,-0.007194162599005849,-0.0032407172019534025,-0.007251025196090666,-0.0006998411160317186,0.0010823040313236998,-0.0008677091810357362,-0.007690270933441212,-0.003927370718049272
2018-05-01,-0.004902040155043141,-0.003534210978048624,-0.007063145351023148,0.0007384242782233486,-0.0015658274921015458,-0.002706544182519477,0.0017770384795063876,0.009068416881539143
2018-05-02,-0.007924759506363399,-0.0004256963451038098,-0.0004849855228984401,-0.00035170340577528325,0.0001974447315165051,-0.0007858180950308657,-0.006717339672424272,-0.003646763190770508
2018-05-03,-0.0021586189292073232,0.003122238652189413,0.005095004008440096,-0.00011658463816677234,0.0025643502436321075,0.0001748727905444003,-0.0022038733104673414,-0.0006538258876446212
2018-05-04,0.004543344470544275,0.0035372822241248603,0.002092067418605348,0.000702561366644705,9.854182776081188e-05,0.0013969508839895006,0.012946451525295055,0.010987447672379025
2018-05-07,-0.005815334903869762,0.00014085615628744996,0.0002408766587147504,0.00093655127562986,-0.0004918379667651074,-0.001133238495314104,0.0033833813379424704,0.006728134882746373
2018-05-08,0.005632601078901178,0.00014104506810896922,0.00016052535213439967,-0.0015206788308093078,-0.001672943940557503,-0.0003489675624512856,0.0,-0.005012394036272627
2018-05-09,0.001938928897509351,0.0023961061188368937,-0.0020868008225221057,0.0016405469623239632,-0.0022681305716264477,-0.0001752148146135779,0.009665552015164058,0.00671683705009718
2018-05-10,0.020855716775184607,0.006467695186482825,0.0068366320405601755,0.00292336513955882,0.0020754379365928166,0.005066481144127222,0.009350895449523389,0.007826318480034677
2018-05-11,-0.0016847239765033217,0.0026543787318689116,-0.0014379318160805399,-0.00035057102626778747,9.84904393268593e-05,0.0017382862844588232,0.003051261899969182,-0.00343719766363082
2018-05-14,0.0012656995802307058,0.0018114870480532286,-0.004080017089843735,0.0002335665879487081,-0.0021694161878518248,-0.0018220777633463081,0.00047629875955479406,-0.008558983477645388
2018-05-15,-0.020649062276745234,-0.007232159444462094,-0.01614583132241265,-0.004897560865527506,-0.00553425633981286,-0.007562247398590682,-0.006886967872844707,-0.016235002821264
2018-05-16,0.01506029735647374,0.0014011337973858229,-0.0015512935679184991,0.0012890470137101318,-0.002086895542315448,-0.0013135390936472868,0.0042051018437070375,-0.003012603058855867
2018-05-17,-0.01526058710915934,0.0015385313396258926,0.0005724073456552237,0.0005850003749470201,-0.0005972649041924294,-0.0019288485548394352,-0.0008448495432082925,-0.004992082174780976
2018-05-18,-0.008394194763513774,-0.0036317383774856493,0.0004086552101045804,-0.0010523436228694338,0.0038860230728685607,0.004129523146553016,-0.0025004151129498497,0.0013202204524795924
2018-05-21,0.006077448946580466,0.006308795920583199,0.0005718461950008358,0.00140481020554728,0.0006953564280312019,0.0006125974310118298,0.007519027737803663,0.01186728454410435
2018-05-22,0.003451991441445257,-0.001253725123294025,-0.0005715193738216051,0.0007017301801925946,-0.0003972415531803275,-0.0010491790019978575,-0.002780101336501639,0.0014334136801037456
2018-05-23,-0.0004299402766130278,-0.01101979077111892,0.001061982268841355,0.0008176055710789054,0.004564608424683314,0.004289162125330925,0.0027511470256711412,0.010019533624161747
2018-05-24,-0.00537740688873789,-0.0031031405207937457,0.00856859323093273,0.000584392826598723,0.002567734292448387,0.002789501024437202,-0.0020484373809613876,-0.0020612845428754634
2018-05-25,0.0041088290036488395,-0.006508099244200927,-0.003074660285441455,-0.0016335405830436578,0.003940771003540622,0.002955066606608936,-0.002382564992876368,0.0034854968583883927
2018-05-29,-0.023260843781869656,-0.020364511927334683,-0.000162297242228715,-0.004208203794313303,0.010794923172384507,0.005287203812312624,-0.011501218585809436,0.004760282845533981
2018-05-30,0.007938299186808662,0.015263847866266778,0.001461160009810003,0.003051790558755041,-0.004272125510745184,-0.003879564419776882,0.013344701936148118,0.013572222070621809
2018-05-31,-0.00043736419876883037,-0.00630005317896265,-0.00218857312515075,-0.000936251115776332,-0.0004874261093359422,-0.00043307606731868287,-0.0061258949975392385,-0.00341090895524343
2018-06-01,0.014007320742038587,0.008645370798977758,-0.004955325896935703,0.0022827046238951265,-0.0036943184402080664,-0.0019192581065534675,0.009817719035672523,0.004436401511395349
2018-06-04,0.010144489684774216,0.003000310841426934,-0.000979631964080463,0.002113216475835733,-0.0035319126059935035,-0.0022628773707026317,0.004750943706385291,0.008707859005810725
2018-06-05,-0.007692249419468222,-0.0015669237147123427,0.003922495029546447,0.0011708531253191712,0.002559826426205003,0.0006981228164202324,0.0007277925504698413,-0.002627350850097576
2018-06-06,0.01507326842616652,0.008987387195548813,0.0005697980927446,0.002457365961513025,-0.004026244569750759,-0.003661165554891155,0.008361041746559383,0.002383554733478954
2018-06-07,-0.015273828528206801,-0.005655550674151355,-0.00048810250152531154,0.00034945728899149486,0.004239531810293018,0.0033244300597854437,-0.00010821303214414435,0.0
2018-06-08,-0.0019386313332219185,0.0011375856821422836,0.0012209142530825723,-0.0005829334331407532,-0.0013745299661005461,-0.0016566629597017934,0.002956020934435255,0.0036292787286063
2018-06-11,0.0,0.006391227772774455,0.0017884823744616085,0.001868230253619485,-0.000982885020046509,-0.0009603747011187602,0.0013303400164386137,-0.0014968014153571296
2018-06-12,-0.0025901607086246115,-0.006350639389930635,-0.0033271415316106223,0.0008157581479661946,-0.0005907492176496776,8.710703537762043e-05,0.001291905998861198,0.0059942844692773
2018-06-13,-0.0067084837589190816,0.0014203663142953182,0.003012561044629436,0.00034894469359958435,-0.001181922906852928,-0.0009610358789996498,-0.0031904681691153902,-0.019488598409111768
2018-06-14,-0.006753691147455387,-0.00212738758792419,0.0015422908372948463,0.0029095240155696533,0.0031550669470195025,0.004549590618048827,0.0025178797606875136,0.009494984127186079
2018-06-15,-0.00789681093706951,-0.0051168116736325375,-0.01653429211330959,-0.0005798894897484086,0.0007863998568988784,-0.0013939440185615215,-0.0012760875624876489,-0.0006270626694272474
2018-06-18,-0.01215984158643224,-0.0071427241668773345,-0.0018954650937899054,-0.0001162770634864918,0.0004913185666426401,-0.0010465615360837344,-0.00205693575278465,0.00027860655195866
2018-06-19,-0.011038700735267581,-0.009186215435211365,-0.0025596363391253707,-0.0013940547069108966,0.002649869809003169,0.0005241406577671803,-0.00383264222428481,-0.0010129519904112927
2018-06-20,0.004328407992179928,0.0007404892648410488,-0.004470206141435118,0.001046983531097334,-0.003230856032074958,-0.005585234773172965,0.0017056546524130134,0.011153507098577098
2018-06-21,-0.014062336266401854,-0.007103651814690082,-0.001746208886931222,-0.0020916405473144772,0.002652070384221439,-0.0007900336366195582,-0.006269001456761458,0.004762948371694664
2018-06-22,0.010351861424046982,0.010582845377395289,0.0024156041546103957,0.00011691682537051662,0.00019599058482300258,0.0012293854013507577,0.001823719820327696,0.0078592801290851
2018-06-25,-0.013433315238380539,-0.01386441889856771,-0.0037393797734436296,-0.002328423765331711,0.0013709388388571941,-0.0009643186876892029,-0.013612915480249344,-0.0025992027330609124
2018-06-26,-0.00392346974756097,0.0017947173978856146,-0.0052547940330739396,-0.00011587403731527779,0.0004891190950588875,0.003336329943930627,0.0022141186823831926,0.0032262750186333733
2018-06-27,-0.019230712160511088,-0.00940560311232308,-0.005701830395735019,-0.0021002975518619182,0.00381224870014929,0.0034127913898909235,-0.008284284695117994,-0.003834524545141549
2018-06-28,0.008504454634569614,0.0037678798672795555,-0.00303593021413906,-0.002806794406602031,-0.0009735951918862229,-0.0013083323756626353,0.0057173927982452355,0.008941032761795809
2018-06-29,0.014991988056986427,0.005555459868662904,0.003637288959023266,-0.0023456248095329313,-0.0007803220740045802,0.0005241432306657412,0.0014394180284993396,0.0024613093284422405
2018-07-02,-0.009923853184277243,-0.009108378567828868,-0.010029518972628937,0.000956912960958789,-0.0006838803230238,0.00013147901338572687,0.002138267200557875,-0.005524715125108326
2018-07-03,0.0006992792987416951,0.003013586887549158,0.01013112932642235,0.00011772391060205223,0.0025428867190353532,0.003676389108560496,-0.0035312186339915286,0.007530788307101632
2018-07-05,-0.0025624454902269944,0.009916091533600069,0.003371272825408722,0.003774169090801971,9.750317833279176e-05,0.0031395340794149185,0.008157970442665308,0.011885695060995571
2018-07-06,0.013778722765098506,0.005355532426499998,-0.0015959885471287238,0.002585036602631652,0.0008774430515086085,0.0013913645229186589,0.008458398769077169,0.005328488780468987
2018-07-09,0.01796829325556204,0.009618314137576078,0.0024398528860691826,0.0015231501834713779,-0.0025338759571483793,0.0006945832394626983,0.009004248855094321,-0.007950182232687841
2018-07-10,-0.002262886080352078,-0.00043988297878450044,-0.001846422307055895,0.00011685563915686537,-0.0007812451963367106,-0.001127870224614247,0.0035983461114941218,0.0020640273700172074
2018-07-11,-0.0195057878043694,-0.01671567051529621,-0.010846724226159843,-0.001520450802101725,0.0020534579573214806,0.0019973082484723292,-0.007314620571514552,-0.0032715012884207972
2018-07-12,0.013648042837705932,0.007754492647306099,0.004165231777556899,0.003163716812643491,-0.00039039782106897736,0.0021674070284629643,0.009066355322919328,0.0030392878474527762
2018-07-13,0.0006843891727461582,0.0031074366054428815,-0.004401901762097649,0.0,0.0016591385831976613,0.000778192047383941,0.0007874668588419009,-0.0030300785664888474
2018-07-16,-0.005473037954387361,-0.000442523937203565,-0.0005101399394812356,-0.0007007247105310643,-0.0016563904019729625,-0.0016419141856183206,-0.0008941642070370293,-0.005349091108626136
2018-07-17,0.007337857270153458,0.0017708794053410415,-0.01080394929383155,0.0003504713456869979,-0.0005859609502107954,-0.0006924229336179311,0.004045231920481118,-0.006599464053133053
2018-07-18,-0.0011384519136571347,0.00014724110806318969,0.00025798744076199753,0.00046731359994622856,-0.0007807449863778126,-0.00017344589963408374,0.0021038424896793195,-0.004429487918055197
2018-07-19,-0.012306229299494542,-0.002061927550786935,-0.004298856594405098,-0.0004670953199507055,0.0027365066763018753,0.0015597861337972585,-0.003771767330317699,0.011740329012091655
2018-07-20,0.014305689894000828,0.004723041738323941,0.006476124823511453,0.00046731359994622856,-0.0035093439508023794,-0.0029415961220192743,-0.0011430587479016596,-0.00964945006176543
2018-07-23,-0.006597120692615421,0.0,-0.004804371742649027,-0.00035045806754196995,-0.004891525523472828,-0.003990987546206082,0.0018594189320459975,-0.002096675649920776
2018-07-24,0.01465544837549726,0.0058764759716580794,0.0003448354786839136,0.002103280650555872,0.0006884600467083057,0.003135977760184039,0.005031994918553551,-0.005067256263774578
2018-07-25,0.016249175008292482,0.007448405851419038,0.005515334234738045,0.0018653179496921357,-0.0006879863955622234,0.0013030803009879133,0.008522736139606746,0.007949763747383543
2018-07-26,-0.011103878174593795,-0.004494352536920432,-0.0077991400388178755,0.00011614842830143246,-0.0010810469505733167,0.0009534843892946565,-0.0023591823944482115,0.003327929375207983
2018-07-27,0.0035933853357210666,0.0018934533554209043,0.0005183138095208317,-0.00034840481823250613,0.001574870563418651,0.0012996162030978198,-0.006776168208382227,-0.010686563169164831
2018-07-30,-0.001566298000119315,-0.00014548322767626853,-0.0015540041641225466,0.0003485262464559824,-0.0012780306941978514,-0.001384246845035575,-0.005223662508950233,0.000620542448021677
2018-07-31,0.0053785890451025775,0.001308273085859124,0.002939873181190933,0.002095123291831591,0.0013776397325502288,0.0031194894695203423,0.004929309281083372,0.016751594718597884
2018-08-01,-0.008916663565044058,-0.005081151493445124,-0.007328204929526905,0.0008976039047297046,-0.002362770627483135,-0.003526400395197138,-0.0016703699213590495,0.007078357584991535
2018-08-02,-0.013270259892427916,-0.00656646499392044,-0.005384772884042377,0.0005824003972205727,0.0011842288389845024,0.0012171483223222257,0.005447495935057223,-0.003999146439667589
2018-08-03,0.0077502469950028186,0.0005875185856782927,0.003492853105171001,0.000815468976689715,0.0025623845552309454,0.0031266843323656257,0.004284963270435593,0.01082874723582683
2018-08-06,-0.007690642615184817,-0.004257150778424257,-0.0051339744804317355,0.0018613362414947598,0.0004917897177629804,0.0009519152049453083,0.0036670689803848244,-0.0013237302677729934
2018-08-07,0.010257578640862741,0.007813526853954533,0.0022740706959851753,0.00046428359661776497,-0.0020634850189045206,-0.003113799043518606,0.0033024959504401874,-0.0018080421293701354
2018-08-08,-0.00135385246734121,-0.0008774558834681034,0.002792628802213759,-0.0005803048049805026,0.0008859974478689914,-0.001561058881332622,-0.0004203243383120725,-0.005795976563258587
2018-08-09,-0.0029370997829473167,-0.0029284137343199568,-0.0014794690881722028,-0.0006966078201429138,0.0027548647423927264,0.0007818378925421587,-0.001366130445775826,0.00048568254118075416
2018-08-10,-0.021300776719418546,-0.019970618483063696,-0.0004357279352805721,-0.001743477876351096,0.004316403211177766,0.0016494234808082098,-0.0067003431001277924,-0.007647172149765291
2018-08-13,-0.016439018634721858,-0.0035960334415300332,-0.01508416880379293,-0.0006985820465498227,-0.0002933265458899825,-0.0002598630415435732,-0.0037433093890888447,-0.0019573853312494505
2018-08-14,0.006120663838806939,-0.00015036941675294901,0.0009738014451408095,0.001747404685860987,-0.0009762670623360004,0.0013008835881918035,0.006380688013173597,0.004902678970452046
2018-08-15,-0.02877885104219624,-0.014438508512873205,-0.016626844065553037,-0.001744356588983531,0.002444814381745708,0.0020780599412881795,-0.007467589191415214,0.007683988429785238
2018-08-16,0.006263691045166553,0.007019752151586012,-0.0008094609704913935,0.001281606464603735,-0.0002924423260024511,0.0012961488565854662,0.008091845646860829,0.008109117436671642
2018-08-17,0.01053388267326505,0.005909951083762355,0.009270916232611892,0.0011637163564337527,0.00039006721380041576,0.0008629515216880268,0.0035201308163608225,0.009244993351627873
2018-08-20,0.004501382189629366,0.0054235236643893625,0.0049942495470025605,0.0004647289472474725,0.003122024329009321,0.00258697210881631,0.0021401587220399865,0.0007135552475134865
2018-08-21,0.012735674604732905,0.006143266099947864,0.002928336094692563,0.0015104791051967492,-0.0013619377694781276,-0.0024943248377015115,0.002345171361966436,-0.006062590934855061
2018-08-22,0.007918103498786078,0.0038720488241426043,0.002211997942183075,0.0003475217096393646,0.0018502673258029567,-8.618709347396614e-05,-0.0005938138631281786,-0.005621389053364068
2018-08-23,-0.016173786744037355,-0.007120798029109587,-0.009446452957847074,-0.00011625038631990492,-9.679150526142877e-05,0.0003451277628361282,-0.001327570490596397,-0.0025257347370711836
2018-08-24,0.01855328249969479,0.005827020270044114,0.01746886601762876,0.001739772490043201,0.0002917495752390309,0.001982489148567801,0.0060184321948553166,0.005908533255089221
2018-08-27,0.01429568764633915,0.013368979535786973,0.00376657902932398,0.00034751194656568174,-0.002235555740682349,-0.0015485079378148026,0.007895327122523277,-0.003596143523076245
2018-08-28,-0.0036369750849268856,-0.00087946934993266,-0.007941321771505638,-0.0004622674917814651,-0.0022403847044911718,-0.0037912771886320362,0.00048268610415935775,0.013474365062601246
2018-08-29,0.006159765874625744,0.00542838126302736,0.004574213948543848,-0.0005796351177048686,-0.0002924333084333153,-0.001037903786836325,0.005381053640762357,0.000237856771299505
2018-08-30,-0.026076823601301702,-0.009484909574972944,-0.004903656511020316,-0.0008112448737390698,0.001854784189549985,0.0009527001993614448,-0.004048394365524288,-0.00640909123375577
2018-08-31,0.005122078039372591,-0.007955155421011217,-0.0011439392301669793,0.0012757037532244997,0.00019546182831264858,-0.0014710092789774754,3.4551525942561057e-05,0.003941638417452431
2018-09-04,-0.019457892924315878,-0.00846457224901398,-0.005109698001402485,-0.002081778993407224,-0.002285403295053001,-0.001841492373732767,-0.0017225299629147761,-0.011897747666194225
2018-09-05,-0.01441057506029264,-0.009135950846956398,0.0034534613352918964,-0.0010489382700470395,-9.771008344605647e-05,-0.0006090977900651273,-0.0026913695275694316,0.005779926492274212
2018-09-06,0.0009586337949827328,-0.0030226975926325172,0.0019414156485668688,0.0008171333584905405,0.0020553605624320515,0.0027868483576294345,-0.0030101875197219297,0.0028728275064973108
2018-09-07,-0.005028692036182614,-0.008035336843918106,-0.0027302937827557994,-0.0010489796605114288,-0.004493176627881734,-0.00416909408041144,-0.0019429753161932517,-0.010862643355318058
2018-09-10,-0.00986765872074391,0.0061134345246161015,-0.000706542689065337,0.0019832085770068453,0.000588660577388378,0.003314045772656593,0.0017381616426808133,0.004464994323034821
2018-09-11,0.0021878076535017943,0.0009115460638826622,0.0006186451072049959,0.0002331745397166074,-0.0036286912584075903,-0.002260116949321822,0.003297709985767616,-0.00011968589931798945
2018-09-12,0.005093333587776305,0.0042493219581258845,0.008390716640166218,0.0023283671220362123,0.001181095146840283,0.0020048251425239805,0.00024177374520761852,0.0004802348119428146
2018-09-13,0.013513321082615493,0.0074051404276136434,-0.003591101333891067,0.0018584744752672133,-9.805172491283987e-05,0.0020862428556487345,0.0059147824496685875,0.004924359286487823
2018-09-14,-0.0009523520121322848,0.0015002303131619321,-0.006504970809317334,0.0009276478997533033,-0.001868240723369996,-0.0012150041656409094,0.00017185022245724824,-0.006334425469953775
2018-09-17,-0.00905618662263763,0.0008988477957350138,0.005220350246058381,-0.0006948561040839296,0.0001970345662187789,-0.0006082850051029043,-0.005294210353559592,0.0032473108294948094
2018-09-18,0.0096199364883085,0.01047573986578798,-0.0014963310274801467,-0.0001161138625437319,-0.004136275306010684,-0.004085379735585093,0.005425910183418647,-0.0047955171841750355
2018-09-19,0.013816336673420082,0.003554635204737755,0.0038786565809445506,-0.0018550805982924246,-0.001681236379209583,-0.0014840751091462767,0.0010657710477341986,-0.011684990579443166
2018-09-20,0.011043109766537773,0.012396512984734764,0.0034246522572403126,0.0013945021926109469,9.925617223638383e-05,0.00262257310816838,0.008104019295306575,0.009385472245919901
2018-09-21,0.004647884553951043,0.0004375105347189656,-0.006825928084458366,0.0002310848603850335,0.0003963461649605371,0.00017422812621825656,-0.0009136629595729584,-0.0003621318135993423
2018-09-24,-0.011334587464654766,-0.004517060949785989,-0.00017619740455376842,-0.0004634745426104203,-0.0010894516764249351,-0.0022661571080666576,-0.003321902297903745,-0.01795790340977854
2018-09-25,0.003977309822599251,0.004976648404976025,0.0015863250483771907,-0.0008117759769994404,-0.0009910505766540512,0.0,-0.0009281580660732702,0.00012483457504175455
2018-09-26,0.0020976692812286757,0.0004369871445839557,-0.005279352979018381,0.0010451752766813538,0.0032740679986216215,0.003581770573455989,-0.002992054468538341,-0.011973306603179967
2018-09-27,0.0048835713027366445,-0.0020381946947326535,-0.008845643281780058,0.0018555367986334836,0.0,0.0013066692666883206,0.002794241395894348,0.004796983955757561
2018-09-28,-0.006711416501005596,-0.008169288454566104,0.006336448595585464,0.0006943194521789042,0.0004945349106550978,-0.0006959398470338662,0.00010340315603896144,0.013568005932121707
2018-10-01,0.00023309109054858723,0.0011765926125673065,-0.001685016298391906,0.002893315310274147,-0.002535687316133073,-0.00137895396140586,0.0034742700887369082,-0.009296368132347577
2018-10-02,-0.012578764457576774,-0.005141614282440421,0.011548397044346626,-0.000811065042949588,0.002581685787930832,0.0008743966891813226,-0.0005830388048374546,-0.0022515292225422368
2018-10-03,-0.008256413045542699,-0.0017721397756933488,-0.003951915050342092,-0.002667263273441134,-0.007428095418622882,-0.005851201568438769,0.0005491317574923826,-0.010658413281003143
2018-10-04,-0.02497642604218875,-0.01168645710012306,0.0005290529796950771,-0.003720602020060193,-0.002593757871137692,-0.0041281787874998255,-0.007815598639145271,-0.008365149694968266
2018-10-05,-0.0036592060407868443,-0.005986941178797389,0.002819877382429281,-0.004435312471942954,-0.002401349165629396,-0.003880539393553706,-0.005597568305460321,-0.0005111326335559552
2018-10-08,0.0014688787887138233,-0.00481863364376478,-0.011072074713894375,-0.0022268933430664717,0.0004010191254848472,-0.0010627762442030342,0.0,0.014450348913883193
2018-10-09,-0.003667481936049266,-0.0025722849116786017,0.0005331220730910857,0.0015273713820533885,0.0019046997255407483,0.002836966086090742,-0.00145921824766726,0.0013863655287675858
2018-10-10,-0.029693134016320455,-0.021237825138391786,0.00248666770063255,-0.007156851992520363,0.000499867278840771,-0.002740235506355715,-0.03166331435527514,-0.014853990038943499
2018-10-11,-0.010116375981233938,-0.013949308385863612,0.025691013434101517,0.0008269333000932022,0.004100801126738274,0.004165496758908871,-0.022026403202620948,-0.028622386802864108
2018-10-12,0.029381745422798478,0.003615363430677254,-0.004750349180877911,0.0053133594351222335,-0.001195614212215701,0.00017644798293003916,0.013888245395100585,-0.002631170155599327
2018-10-15,-0.01067275167090298,-0.0023492300095618868,0.006682258271583086,-0.0007047713542535083,0.0005987061636005819,-0.001853177250655369,-0.00561680218544347,0.006726499311167755
2018-10-16,0.025087962453439472,0.01711140141346501,-0.0017241116227775244,0.0034080625763450723,-0.00010038164275516515,0.0025637736353310014,0.0218659002410857,0.020568992357807625
2018-10-17,-0.012236756416538763,-0.00571080921134115,-8.63742311474347e-05,-0.001990876372221062,-0.0028898146319602525,-0.004938498025906957,0.0001784794311174842,-0.0038516041125550293
2018-10-18,-0.026263840723874443,-0.016143957045617996,0.001122698440194414,-0.004224837877552345,0.0017990476798206423,0.0,-0.014441346200727456,-0.0019330833252673152
2018-10-19,0.009414936746048985,0.0056800079664747205,0.0007764317521294917,0.0005893292970113873,-0.0011973030622322023,-0.0012404394143440411,-0.0005423180985831833,0.00865098169890377
2018-10-22,0.010839323404820522,-0.004392959206879987,-0.002586010225269386,0.00047057400104133507,0.00019959061868957129,-0.0012422482422196346,-0.004488833314474028,-0.013952903171761566
2018-10-23,-0.010972461273666134,-0.009454594599830446,0.005876763551604158,-0.000941316795870395,0.0025968246250820393,0.0014213118537427238,-0.005091064849611859,0.0044139362471431465
2018-10-24,-0.032274610372249324,-0.028316819942960314,0.0023198236435848507,-0.004949510666113155,0.005378864575551923,0.0014193839866345481,-0.03029844338255272,0.009435178201626204
2018-10-25,0.019281123768984054,0.01260618635484878,-0.002228717024418514,0.0020129023122166245,-0.002376996211061244,-0.0012396427522228803,0.017940330252458336,0.012803775954000507
2018-10-26,-0.011503416670038291,-0.006790563374561409,0.0031786521678458524,-0.004490791190759458,0.004468846122607006,0.0016844923561925018,-0.017587176293879514,-0.024020208015623656
2018-10-29,-0.01732586362269528,-0.0027674939497264184,-0.003939360261170033,-0.0009498676906383174,-9.905183112179916e-05,-0.0011508487130044154,-0.005540167637920312,0.012694501322716656
2018-10-30,0.019473872414569104,0.012079849485611138,-0.0043847864976440665,0.0023773384630882965,-0.002175444628953249,-0.0022159129635553887,0.01481824312743485,0.013686236661559104
2018-10-31,0.010841292722578721,0.00741934506793096,-0.005613139108367582,0.0,-0.0024772910429528006,-0.002843502099478812,0.010680922077361155,-0.01173477102285847
2018-11-01,0.03575061061460727,0.012808106381534401,0.01285276342099273,0.00458624929779794,0.0008560540577986497,0.003030638765815885,0.010642090771766144,0.004723930953389299
2018-11-02,0.006410287497525813,0.0014227148689656133,0.00017151910256396619,-0.0005929082291658005,-0.0055705038783508964,-0.004010769740712905,-0.005923462927484913,-0.008259968788275396
2018-11-05,0.0026950118243658228,0.0,-0.0024003324100665413,0.000830264136296277,0.0006001600671710072,0.0017899922206292551,0.0055173674943969075,0.014863717241887064
2018-11-06,-0.0017102963798447668,0.004104081718877994,-0.002835798085983776,0.0026085597144474004,-0.0010992052465255142,0.0016971715870259807,0.006327882261415008,0.005050858409482606
2018-11-07,0.018844707878815647,0.013362938289629644,-8.619558903444346e-05,0.005794771246091068,0.0,0.0025859554336902235,0.021409009030132875,0.011934692666494051
2018-11-08,-0.025942809233901687,-0.009773453476362604,-0.0021546152083956605,-0.002468895068516108,-0.0014017473242501355,-0.0029354402351925435,-0.0018151704560509518,0.0007447116516374752
2018-11-09,-0.018495572226295942,-0.006580222465341623,-0.011228151978489587,-0.005657668131301086,0.003909021458494699,0.0007136897995576597,-0.009768281459305639,-0.0001237723528109136
2018-11-12,-0.014070381330091197,-0.01640117568996069,-0.007162820324765118,-0.006164655426448062,0.0029948082048947278,-8.836423037439367e-05,-0.0186848572809164,0.0019851099298029418
2018-11-13,0.01146777279792821,0.004329049681054187,0.0003518677181439944,-0.0016693197563089068,0.0007962614178771421,-0.0013382947025752934,-0.0018711244836893126,-0.0009905568602128767
2018-11-14,0.006046909709424231,0.0007981774047798318,0.008267391966898296,-0.001911415300117958,0.002088625917311404,-0.002677665903036641,-0.006836823256815006,-0.0024789427168842026
2018-11-15,0.022288899347047364,0.003190317715404456,0.0011339606953078007,-0.00023983128085924843,0.0006941198239036606,-0.0018793805541557074,0.010436599027652038,-0.006834367420805787
2018-11-16,0.001959876161018448,0.0011130063122435363,0.00740616997802257,-0.0029932128448393325,0.003074987413636654,0.001972354789330222,0.002600376800448778,0.010759624978563753
2018-11-19,-0.013447135514413788,-0.008735788373074316,0.0004324115306661991,-0.003121434655862232,0.001482952355833067,-0.00098446085352355,-0.016914361556903956,0.001361628867849296
2018-11-20,-0.02156135607493259,-0.017304791987072243,0.0,-0.00313307632745341,-0.00019783899639536084,-0.0024190386847340317,-0.018506050821365472,-0.010259551771846787
2018-11-21,0.018490154732125674,0.01402236719169192,0.0016426250921932617,0.005075658124609417,-0.00019724362905793047,0.002155761405620238,0.0034076638398732317,0.0008742303277728958
2018-11-23,-0.011688392061408592,-0.006592570679964549,-0.0007768338236752159,-0.00553120105567162,0.0005926635917425926,0.00044811710265602045,-0.00667869864326609,-0.00199656831839623
2018-11-26,0.012329882102085188,0.015053468262774539,-0.0011228924348919422,0.004715624644609839,-0.0007900218939087544,0.00044773646143725365,0.016144286719424805,0.001875559403600624
2018-11-27,0.00695988172669737,-0.0038270519821481663,-0.00596681464067883,-0.0004809585337730571,0.000988602865297894,-0.0012534067639005109,0.0033644135009589515,0.004243173182471249
2018-11-28,0.02394488104063397,0.01424676158722682,0.0037407596049732206,0.008306749200885921,-9.883512254194038e-05,0.0026893066612694305,0.023025049764516137,0.008947139487313072
2018-11-29,-0.008679057390404865,-0.005050591471348009,0.0031201301691909933,0.00023868145262029294,0.002566161977876291,-0.0028612291729184225,-0.0021848384446089275,0.00024653253750539506
2018-11-30,-0.0009726218572372325,-0.004282963014375585,-0.0017279847238081958,-0.0020293022108309744,0.0019684941530311306,-0.0006272874356919589,0.006095211973885073,0.009481476814516165
2018-12-03,0.020204642084584057,0.013222921025189294,0.007529883500850154,0.006920856124086994,0.0021860452783206696,0.0037171592588243207,0.013241315593433,0.005367392958272932
2018-12-04,-0.021236094582651632,-0.0259433362784649,0.00609912432039339,-0.006205161701830164,0.004617237109245664,0.00017918630743696262,-0.03240221967477874,-0.014802071131562955
2018-12-06,-0.009263825259171021,-0.009362451097416402,0.0001707363609755319,-0.0034818180495229667,0.0025425628223441077,0.0030479551647752956,-0.001517139717407523,0.024753356164599394
2018-12-07,-0.01870089231695682,-0.01010276986830494,0.00810992789134457,-0.0019278456560719581,0.002926588493850968,8.993129249246223e-05,-0.023235846743715927,-0.013099211720526638
2018-12-10,-0.010531389362715138,-0.007736609501355685,-0.003471894702593792,0.0007243989235057313,0.0005833780726465232,0.0030384201145952083,0.00189687251996018,-0.006454450432452519
2018-12-11,0.007602750683381565,0.003152062000321587,-0.001189661703648759,0.0018096174071966509,-0.0025274178310953355,0.001782222396270683,0.00022739385141323787,0.0004906478715420715
2018-12-12,0.016347701391759673,0.014717963790228161,0.0021269354947484054,0.003251413724738361,-0.00272877929773363,0.0010674844659104288,0.0050350441436757265,-0.015435543256094864
2018-12-13,-0.00024734279129901005,-0.0017927000735553644,-0.002207336227265433,0.0024004305431764017,0.0005864726747772941,0.00266515378583132,-0.00033904630011361014,0.0057792207668190265
2018-12-14,-0.014108820840904035,-0.012897795760943742,-0.0039989894119348834,-0.004191275845670472,0.0015630104698085567,-0.0010634230209304318,-0.018464765660947235,-0.002879367964490065
2018-12-17,-0.009289426197275241,-0.007939108418559382,0.0069195729103175285,-0.006493171707050549,0.0029242847828223617,0.0010645550933237047,-0.019618347088472543,-0.037664992754449345
2018-12-18,0.006790575709870517,0.0008087210176359605,0.0023754880187698557,-0.0018121409708674596,0.002465213952891787,0.0035731616763172713,-0.0010963364504592565,0.01030681523967214
2018-12-19,-0.016606951204501397,-0.009597797334699565,-0.006093958623821227,-0.009015461176260509,0.0034982122489222167,-0.0007964734524613659,-0.014975787606491098,-0.01097628209514423
2018-12-20,0.007794328457506827,-0.004079898770640966,0.015413416962360094,-0.00872948100861004,-0.0012583551720309893,-0.0032804413768405816,-0.016277752718273364,-0.01501487564852999
2018-12-21,-0.006960502661918833,-0.017412176850718164,-0.004360924625816387,-0.004960247946066865,0.0008725802385571857,-0.0009780515781744326,-0.020489906399443814,-0.013918599196660497
2018-12-24,-0.009345838129723227,-0.01164008795143534,0.010950096100037499,-0.007478454809616952,0.002518658566999399,-0.0023141184324695363,-0.026422665277450963,-0.03562273517710268
2018-12-26,0.019916039807514663,0.023202677563537,-0.002999441684935489,0.0168277159017185,-0.004735609840732624,-0.0008038854373753068,0.05052481698769906,0.03345405159110948
2018-12-27,-0.00128450939337299,0.0029205309078004227,0.007604847107346435,-0.0006175148806470965,0.002525083744143286,0.0,0.007677422300629733,-0.00013503049847940485
2018-12-28,0.009518963084626408,0.005309924257952847,0.004064011487183938,0.001483007707252737,0.0054236494596668905,0.004733166164372582,-0.0012902541769787002,0.0032374864729594055
2018-12-31,-0.004587234461878809,0.0015335036899957188,0.0015694898830167503,0.0007401952042820348,0.003756824555976257,0.002755450670487436,0.008758763669044933,0.002689539079900216
2019-01-02,0.002560041204340946,-0.0020415408761941256,0.0006598089159148834,-0.0013561728243058901,0.002111061874738418,0.003102255723568481,0.001040738116670159,-0.02172466165821374
2019-01-03,-0.01813093809398203,-0.009035033684131166,0.009066170423806419,0.0004941427852063196,0.007948896362576896,0.00044182138352000244,-0.02386307001605603,0.006990853060951707
2019-01-04,0.03224975772683769,0.03062095080747218,-0.00808623590052937,0.016783358491694766,-0.008076336168264642,-0.0006184530669401944,0.0334956725906248,0.011707112602090008
2019-01-07,0.0022675564450664876,0.003839175382982285,0.003458482876331992,0.00970988434280362,-0.0027774851728087357,8.820350453686565e-05,0.007884888947429669,0.009822741772525179
2019-01-08,0.00377078597051006,0.006484725120972534,-0.00270804061547536,0.006492119984532252,-0.0024973036829631923,0.0022096557032911246,0.00939512657689301,0.020652703721906196
2019-01-09,0.017781307212307418,0.011234212840099511,0.006418158373500793,0.0011940467271009947,0.0005776285399554659,0.0037915348407600025,0.004673668888534932,-0.0014360500307263324
2019-01-10,0.007135684688945654,0.003920985722667636,-0.005886691481276518,0.003936767921951967,-0.0004812258573297923,-0.0026353263302852925,0.003527294996434227,0.013596323247797804
2019-01-11,-0.004886488433912373,-0.006834925369877731,0.001727170986037363,-0.0032087116762005152,0.002985300845833816,0.0018493390364362483,0.0003866933475633605,0.002837583665545651
2019-01-14,-0.008347567380421528,-0.00458794922835859,0.002380897199235621,-0.0032183624284519707,-0.0005763804588420074,-0.00263723667992799,-0.006101123144092169,-0.0033438830611187687
2019-01-15,0.006932256628730427,0.005267594045514912,-0.0017200351443329431,0.0033482338779025067,-0.0009604271187458879,0.0006173752876408312,0.011460882858806087,0.009549709015685304
2019-01-16,0.012294043331280813,0.002783679534901884,0.003199863787636481,0.001549482778999911,-0.0005770036153912583,0.0019376682711920168,0.0024197457648715837,0.007030448667196154
2019-01-17,0.004372411259525588,0.0035923718983028596,-0.001308546962521917,0.002737276441425518,-0.0018280424722851851,0.002022193410348594,0.007586735118366272,0.004823745156535386
2019-01-18,0.004836636938993166,0.010087803328895584,-0.008926410300850951,0.0028477691360950796,-0.0031800660999139474,0.001754442500609965,0.0133098071805966,0.0034106602838517297
2019-01-22,-0.017328170104540797,-0.01546376126652349,0.0035531343340227117,-0.006626935532665357,0.0034803750086838114,0.0016646536330717776,-0.013510292095773369,-0.0030214001575087357
2019-01-23,0.010286324327832608,0.004581192954460134,-0.0013997379433262624,0.0020255211736539547,-0.00048169421075605623,0.002535811342687433,0.002092177409532381,0.00012603642452679864
2019-01-24,0.009696833427510265,0.001139977846199125,-0.0015666428373899421,0.0010698686603636265,0.0031810311532032287,0.0026169690635657883,0.0005315036002440099,0.003408938635721004
2019-01-25,0.013205301207791731,0.011387732577506027,0.01461726258147622,0.002494570725644518,-0.0023057180648516917,0.0008697856705024432,0.008462002503496713,0.012458079399467303
2019-01-28,-0.010426555164723461,-0.005468930163788355,0.0034999210730881636,-0.001540322311028075,0.0002885176575535553,-0.00017418764624432814,-0.007600852191868013,0.009818252268021244
2019-01-29,0.001676316304364045,0.0022643321412874062,0.005596580714432919,-0.0005936000557348331,0.0028888333007373035,0.0021736470992443913,-0.001326995743072712,0.007876817053258822
2019-01-30,0.021754672966672883,0.010973006237746441,0.005726722578225818,0.007954628585069567,0.0023036372596301202,0.004597153644976482,0.015831010865065442,0.008059760415738637
2019-01-31,0.008422958191843577,0.00047870493004165127,0.00048117377030232333,0.002473734538991579,0.004597823737043205,0.0069943460602706065,0.008782301837410467,0.010417919728424874
2019-02-01,-0.007888756858902002,-0.0003190348523420816,-0.002004008016032066,-0.00048472860880144353,-0.005350777553248864,-0.0023825201072202873,0.00048144636877656133,-0.006354033269308612
2019-02-04,0.0016374298590646763,0.003670606634022855,-0.004337356751223598,0.0023620828090038515,-0.002209433394648519,-0.0013793971931326254,0.00703568845785818,0.007480381370239986
2019-02-05,0.013775235763885174,0.007791623969968242,0.002581475453272253,0.0035344745215704076,0.0017329582630369877,0.004057833969837832,0.004191982749888856,0.005748623200020564
2019-02-06,-0.013588057074116033,-0.005049010008111421,-0.006758902044908588,-0.000939034062873878,0.000769066079188585,-0.0018914440475464867,-0.0013183368045747157,-0.00654932457625601
2019-02-07,-0.010039799755376277,-0.013320766290903285,0.002430293392984062,-0.003407938346044803,0.003265142997511905,-0.0001727194771682372,-0.009532847925028065,0.00827067040355467
2019-02-08,-0.005660297941298187,-0.0032142427804601192,0.0037982966608789415,-0.0002357993970186767,0.0013400179967228976,0.002498735243543493,0.0012216539874077004,0.0
2019-02-11,-0.0033207164281341406,-0.000967598424108651,-0.004911042708701019,0.0004721107961478399,-0.0015289387832374546,-0.0022345848918629008,0.0005546483790992429,0.0027341756630776537
2019-02-12,0.008329075432836452,0.011620340236377702,0.002103577179937588,0.004833113345924955,-0.0013407106334047958,0.0013785517270166192,0.012859259554328872,-0.006283103571075088
2019-02-13,-0.007080357257770342,0.00015959382340580142,-0.003956062177902009,-0.0014083233397701456,-0.0024928840644058425,-0.002580926564105801,0.0032469162945016894,0.005129552306510021
2019-02-14,0.0019017803762360064,0.00031913671456318404,0.005592889654295163,0.00011757015035596119,0.004709609170297613,0.001121490001885217,-0.0022181027703582767,0.0032050849261084924
2019-02-15,-0.0014235476638272404,0.014511048091494727,0.005964900110646543,0.0031718919689933678,-0.0009570008446948552,0.0012059505331416531,0.010897154479580617,0.006743895465402883
2019-02-19,0.00784024542967332,0.003772530011224795,0.015224309695700766,0.0003508243942194067,0.001724111877994483,0.0006022061772792409,0.0017305377839411662,-0.00023506991131283517
2019-02-20,0.005657629736484093,0.002818707398825726,-0.0017363346220005127,0.0008198058625996651,-0.00019156767404926445,-0.0008599845697326858,0.002015401275418105,-0.006230341846814369
2019-02-21,-0.0021096885943283628,-0.002030060963892022,-0.011306137470128319,-0.0009355195021337748,-0.002963981080266742,-0.0028401091752867647,-0.0035558518084667368,0.0009463971061682841
2019-02-22,0.011040684183859062,0.00328606919304697,0.0035985360836492397,0.001989616704399566,0.0029727923806384116,0.004488156037815605,0.0062003092653564185,0.0059085527684563655
2019-02-25,0.011152575173784873,0.002962988299351599,-0.0010358346885893654,0.0008186041710367409,-0.001529869831990771,-0.0003436081195137275,0.0013609982258688813,-0.007871178102905385
2019-02-26,-0.0034469403563129886,0.004820373208294759,0.001675034536747555,0.001283927905653126,0.0029686098787879978,0.0015470673584523364,-0.0007152417149032253,-0.003078230485067057
2019-02-27,-0.008530877983380925,-0.0040236064621356205,-0.0070871108191714605,0.00034983921130993245,-0.003531723154149069,-0.002832150950588641,-0.00042972088111281614,-0.0049892982654115015
2019-02-28,-0.013023490095372736,-0.0013983305299511972,-0.005613959130088775,-0.0005824653890537101,-0.002587520994603687,-0.0013768513589705877,-0.0018627003510173212,0.0026267563868145327
2019-03-01,0.0011780775630381157,0.005445806841982703,-0.017017506627186707,0.002834172601382301,-0.0032815430007783197,-0.001746805027574183,0.006243826208964354,-0.0030959308748009784
2019-03-04,0.001412156873934034,-0.0037140013679535233,-0.0026255308667169075,-0.0015182285226349457,0.0030895367875005686,0.00225231339103793,-0.003637296602627016,0.004538330611723929
2019-03-05,0.009870840745246134,0.0009321290036194974,0.0013162525939691694,-0.0004680605098812407,0.0005780735881717458,0.00034558600870360223,-0.0013599151280119237,0.002734561375213218
2019-03-06,-0.00558542325667255,-0.002483090056396575,-0.0009037184460104486,-0.001638582973506053,0.002790159997785757,0.0009496904809294104,-0.006056977808870712,-0.004623787048732231
2019-03-07,-0.018488121724832385,-0.01275685344804467,-0.0008222882461903502,-0.000703572401427266,0.003356869209363511,0.0032793326288460545,-0.008365850041795131,-0.002144659121823822
2019-03-08,-0.0071530562990350655,0.00015785861617900743,0.010945553273622899,-0.0016421633136906033,0.001434553866283217,0.001290381479049918,-0.0019997449615011265,0.001074785178768467
2019-03-11,0.018731915331145377,0.008665462493107068,-0.004884390198699684,0.003289927666645154,-0.0007639298540622619,0.0011169348471997687,0.014501628071768247,0.014667212596533918
2019-03-12,0.005186346512796369,-0.0006247890224426733,0.006053709964792153,0.0017571512383662835,0.002770971369355113,0.0027454725790223566,0.003770791961875908,0.004583031375059221
2019-03-13,0.0011724460693833816,0.00859631343855538,0.006992949727453013,0.0026892473614470447,-0.0003812006484401609,-0.0016259157818915293,0.0066189983077939996,0.004913592462488792
2019-03-14,-0.0053876961214816,-0.00015501845342935638,-0.011547098821608426,-0.0006999299281121862,-0.00142991738486542,-0.001971280485513427,-0.0006397412321893503,0.001513546755551154
2019-03-15,0.014602173715068334,0.010849560099411182,0.004574769560006908,0.0009329286168813233,0.0031499579171254677,0.0036069544938150955,0.004940784537762477,-0.003138534422791106
2019-03-18,0.011141904507645517,0.003526381598703665,0.0005692420438265788,-0.00034922636467782375,-0.001331905402746525,-0.0005134515564949593,0.003625522855065011,-0.005013576003036535
2019-03-19,0.0004591562987490416,0.0019862541089772368,0.002763299214570525,0.0005832993332923753,-0.0006670577573637537,0.0001714649099058274,0.0002482388694311499,-0.003047312868278196
2019-03-20,0.0016062060857962024,0.00045753634131706633,0.006484057947534483,0.00431216389153688,0.006960209996502265,0.006762999443917117,-0.0030101189813631635,0.0030566273681909006
2019-03-21,0.0013746287758926723,-0.000609647820912329,-0.004026413261163153,-0.0002320254691465795,-0.00047339373737420587,0.0018701708093276093,0.011294401830439504,0.017813163718465974
2019-03-22,-0.02928371419339104,-0.019216168845395454,0.002344768069306058,-0.0035984729364165746,0.007389509487582657,0.00611027418911525,-0.019246006859297893,-0.00725406313463739
2019-03-25,0.0023566037375117865,0.001399566473934577,0.007663119616744263,-0.00034950756610641065,0.0025386567209544353,0.0020246952916420646,-0.0007518357124335351,0.00127558799492955
2019-03-26,0.0030565835121241225,0.0049688932042271095,-0.004963137418149799,0.0024468169827154274,-0.0008443038315218976,0.00042027030570257473,0.007453904231711661,0.007992606423228299
2019-03-27,-0.01078286455355526,0.0004634680759727505,-0.005229296137734152,0.0006980771219873283,0.0029107195562352306,0.0013469208997602955,-0.005228929288848327,-0.002872855961867593
2019-03-28,0.006635032016440334,-0.0024710544294610504,-0.014152850613865509,0.001974933391603484,9.323952107953559e-05,0.0012605032210266653,0.003790297722007674,0.00970345843183007
2019-03-29,0.010357830626893216,0.00418034977604731,0.0009023839948698598,0.0025505663040354953,-0.001591059930548977,-0.0007554996629181021,0.006305549929327414,-0.0009193304550345616
2019-04-01,0.01654258120716401,0.012796784225541202,-0.003934131206699276,-0.0002432836022352447,-0.0068762746842983,-0.0037237844400697107,0.011859057194642864,-0.0005757889747270983
2019-04-02,-0.003208936846767596,0.0003044162221188529,0.0037028271386223555,0.00046457539257049874,0.001702350975317346,0.001353219691980767,0.0004901606633769262,0.007023147128673024
2019-04-03,0.006898015362037491,0.007761563057216092,-0.0014756542074283452,0.0003482534489771538,-0.0031162877256788457,-0.0021113500389040585,0.0015736841061348983,-0.0011432871710093107
2019-04-04,0.006165950434452894,-0.0021143644157942676,0.00254513588527594,0.0015089204805944778,0.001042210605381566,0.0016081617220184974,0.0026530351122491247,-0.0016026639202497694
2019-04-05,0.007716769805145018,0.0025727013501863905,-0.0010645913747292512,0.0018546451925536278,0.00047288714453719294,0.0016054961359053266,0.004840127370154601,0.006993126926260862
2019-04-08,0.0,0.0006038306455256048,0.004344964459018774,-0.0005781870711213388,-0.0016076579070350983,-0.0014344134771300254,0.0007625689404575642,-0.005578282441783933
2019-04-09,-0.0020271128243434244,-0.006335962247312921,0.0052240582686200465,-0.0006953696633871242,0.001800132989311365,0.0021119801428253204,-0.00512515936001956,-0.005266116835975776
2019-04-10,0.004739435791721203,0.003795459145218061,0.003085645543724258,0.004402997008675191,0.002364159022709922,0.004888890593222728,0.003411086320166623,0.0092071197504493
2019-04-11,-0.01078182368500702,-0.0021172727962057714,-0.012790430232882732,0.0014989151803719292,-0.0022644625109603522,-0.001006453430498877,-0.0002774493089509056,-0.0006842513304601283
2019-04-12,0.007266123287605453,0.006971742166959727,-0.0009839698252590567,0.001497253655742048,-0.004633280198111822,-0.0005882706114568315,0.006765985338597513,0.004793268113080007
2019-04-15,-0.005184665022057167,0.0004513977004014791,-0.0018879040751599296,-0.000690215593604826,0.001330190684832866,-0.0015955971058728702,-0.0006551489062045501,-0.005110900963351206
2019-04-16,0.007477813851321846,0.0007521101227538907,-0.008963785785923273,-0.0005744141518282397,-0.003415059846730073,-0.0027772622524194768,0.0006555784076811566,-0.022602915342022634
2019-04-17,0.002924100499774207,0.0028564464337828,-0.0019085831288392363,-0.0024180368875695857,0.0001901162061523909,-0.0001690810511634222,-0.002447005160658433,-0.009110207156450167
2019-04-18,-0.0006729260853661767,-0.0005996669601594506,0.0007482870651696061,0.000461324605486535,0.0023793735279171724,0.0008441292368288611,0.001968977226631141,0.00766161868573878
2019-04-22,-0.006508051372219992,-0.0016498222472748347,0.0,-0.0017304648202071116,-0.0014239419994475089,-0.001602184261448203,0.0008621647737181437,-0.010995452474126588
2019-04-23,0.0022587581085680153,0.0019531297775168266,-0.002076929420084306,0.0034666046633049508,0.0018066350185150792,0.004138817061980271,0.008991692694398923,0.013246566667050708
2019-04-24,-0.013522716711603544,-0.006897735244552061,0.0029137401441747812,-0.0013819161834054405,0.0037961382843711977,0.0033644897753417613,-0.0022190192271318576,0.007353927894307555
2019-04-25,-0.0013706542835520974,-0.0007548356114088772,0.0008300695036758121,0.00046147039435640025,-0.001229006160581303,-0.0005024339858950011,-0.0006162218603251723,-0.0020860494830017284
2019-04-26,0.00388933189728502,0.004079842632470632,0.006635175033447016,0.0025360105079748063,0.0026506253967142346,0.003522787544588457,0.0046569602855859316,0.007895991075942188
2019-04-29,0.002051032397479169,0.004063265150084261,-0.004449212353194509,-0.0004594452730839471,-0.002077042757825498,-0.003928599946403044,0.0015678128848197748,-0.009792492530355745
2019-04-30,-0.0009096471798887285,0.0005994334664738421,0.0030621129817147708,0.00011430063702255744,0.0019866254405493944,0.0004198282065301928,0.000510267176587087,0.00954039877416002
2019-05-01,-0.007512165746530797,-0.005692067170925852,-0.0066006224629272525,-0.003280182508861529,-0.00045371501909108325,-0.0003194465205380581,-0.007517028629120959,0.0008066417010037519
2019-05-02,0.0022938821505640306,-0.0015065481896316957,-0.0038205903541769226,0.0006955616146642196,-0.0028400962951103947,-0.0036192550642561994,-0.0021584855660224944,0.0010367703729945443
2019-05-03,0.011899299766382487,0.01071209660848993,0.005919618726200282,0.0025477135508971127,0.001329141716206017,0.004476356035822748,0.009787677238421777,0.008512647522084027
2019-05-06,-0.02057907844309892,-0.01134497875090501,0.001326117121353887,0.0004616912791166605,0.0025599299309773116,0.001345519868202194,-0.004114686801652057,-0.0031940151469774802
2019-05-07,-0.01962605521992422,-0.017514572159320063,0.003310996887363693,-0.006003992980625816,0.003404210145041775,-8.395611827316518e-05,-0.016700154974524484,-0.01808001466953224
2019-05-08,-0.0014129423909676753,0.0012294878385057384,-0.0024750055657883907,0.0003489459708396758,-0.0018853243213332593,-0.0033596031506557544,-0.0013888630031856364,-0.0010488639062808947
2019-05-09,-0.015802023817191868,-0.004604899328878753,0.002398422606480155,-0.0015096677348408472,0.002643806080702582,0.0009271236294725593,-0.003025752026066697,0.0025664644121072833
2019-05-10,0.005990932117889036,0.007401732055069665,0.001897717514232511,0.002790977782235915,-0.0006588244215410821,0.0005895091933385554,0.005023075103000041,0.010705034747434228
2019-05-13,-0.0333490177689304,-0.02326642175259186,0.010211626950944463,-0.009161391168019839,0.004994387114520604,0.0005887470911065673,-0.025130139379641037,-0.001035953792438149
2019-05-14,0.014046143618586804,0.010029673274293938,-0.001711902564663248,0.002223444529331431,-0.0009380167509793758,0.0014297547678321365,0.009043714693868665,0.003687918182856409
2019-05-15,0.0019442988444164921,0.003568661194437217,-0.0005716127335255727,0.0009345637595941092,0.0031909066522144425,0.002770650019033427,0.005857337623488945,0.006774596910215758
2019-05-16,-0.004850932131219454,0.008039599796848096,-0.007190107507202059,0.003032539684972413,-0.0019649720528919223,-0.0015910378114003532,0.009261238436409247,0.003991921797725118
2019-05-17,-0.01803568737497485,-0.0065950916190183895,-0.007077611679961793,-0.00034852290660303265,0.0004693018690555828,8.418128613629783e-05,-0.006465016273216717,-0.0019312241488333992
2019-05-20,-0.004219364445436691,-0.004014066310388142,-8.290208125960596e-05,-0.0009308025391200347,-0.0016866890901496845,-0.0023479475345020706,-0.006612123902554057,-0.014454725432554993
2019-05-21,0.012711953414928479,0.0066656319003750575,-0.002320944800343727,0.0031452805816849505,-0.0011257918330219718,0.0008403249212158848,0.009015631935716861,0.008545842065185605
2019-05-22,-0.004922679108762096,-0.004003852688778231,-0.0009970317877491253,0.0008125089645978356,0.0030062051386741118,0.0012598017011007379,-0.003071495549235803,0.0029773124788092797
2019-05-23,-0.01286172522326301,-0.009121842225667365,0.007734533613593886,-0.0049886030465328135,0.006089021183898424,0.002180892227996223,-0.012218421065148477,0.00228344184840501
2019-05-24,0.00100241055063921,0.010766194981593591,0.0010729131367257505,-0.0013988404021709755,-0.00027938934894178313,0.0020919690637148936,0.002268036111617855,0.003075509118505293
2019-05-28,0.0035043031046202433,-0.009725293213554309,-0.0038747008151563955,-0.0009341494169152753,0.00437714066223216,0.0006684707223083564,-0.009300419767116819,-0.009879956453942573
2019-05-29,0.006485682687406902,-0.006391240671042908,0.00033105118696652447,-0.0026874803162105776,-0.0003704107017999947,0.0004173402186102848,-0.006710595731388769,-0.013304034440095092
2019-05-30,0.00545218695076044,0.0037653521490754738,0.0067841455794739325,0.0021091267236750255,0.003617742559598902,0.005756991152146007,0.002731226646285112,0.004184726448717591
2019-05-31,0.003450527060177011,-0.00906536656048662,0.013476862164072179,-0.00725015519285388,0.006655040182948158,0.0023223819117097477,-0.013475486704906281,0.005787550623779891
2019-06-03,0.00908884095441631,0.00583594753953931,0.014432812396575123,0.0016093850131839726,0.00481099118441497,0.003079841259362226,-0.0025428478625191264,0.002417160708600763
2019-06-04,0.002190610784150504,0.011447457987302734,0.0003197259638094696,0.01004106432244778,-0.0036620851794019194,0.00033102981920518637,0.021706975193910294,-0.004478105904259344
2019-06-05,-0.008015120357070193,-0.0003101068246368355,0.00255692921232642,0.002339215693037966,0.0,-0.000662003203802719,0.008661897367591154,0.020874068697801507
2019-06-06,0.0004895159067288546,0.004032119417394675,0.003267681746441209,0.0020999393477831862,-0.00018355271223047254,0.0019040724135088727,0.006502796506779207,0.0019209883516828619
2019-06-07,0.007831731272990083,0.012665990565301488,0.0056402851919619135,0.0025619988826730555,0.00395230679609937,0.004462577784420274,0.010006876929086639,0.003720495931783141
2019-06-10,0.010441856026447649,0.002745690589280869,-0.00995334973762696,0.0015098105695399155,-0.004944030623658779,-0.0036198641297535694,0.004588866425778049,-0.0032573528706831834
2019-06-11,0.011295406801006935,0.005019776377608531,-0.0011968524989021123,0.0013918929479510567,0.0,0.0009082537877453944,-0.00024200587255052142,0.002704358782716021
2019-06-12,-0.010694047449346766,-0.007416389766952025,0.00519253494403471,-0.0023161245470665337,0.002576225516115249,0.0014845973330763762,-0.0017652247549053701,0.003372149370835409
2019-06-13,-0.0016813345450864547,0.0009152187204068962,0.006119340633088832,0.0023215014335227213,0.00247758187477487,0.0025534076499078573,0.004125905784300166,0.004256553962745491
2019-06-14,-0.01106836927471877,-0.007312720420268426,-0.00031596300165459557,-0.0006944958193633166,0.0007326307766233331,0.0004106607697340614,-0.0011049708204897701,0.0005578552197149644
2019-06-17,0.003947057930827613,0.0007211527332113832,-0.0006320654488249922,-0.0015067432645544665,-0.0001827131503712165,0.0004927520882227476,0.0003804336850075085,0.010702587392337426
2019-06-18,0.024175868584597637,0.013316620149496305,0.005060083591572395,0.006963953450072058,0.001921198565584481,0.006648796256670364,0.010471093575040724,-0.000992753035737759
2019-06-19,0.00834537781457212,0.006184137454072092,0.006057242183997058,0.004724843162106529,0.002739164951382822,0.0063601733718336995,0.0022572762981458716,0.005409805606624518
2019-06-20,0.0146606634034534,0.008758658704520306,0.025177896911959374,0.005047786529583931,0.0016391413233560748,0.00542833078131566,0.00955440476718894,0.005051784206249854
2019-06-21,-0.003262586118316757,-0.004265049393219034,0.006635612181659978,-0.0031954074647878583,-0.004091147339725709,-0.003626388076916398,-0.0014538072380635425,-0.01409509311320889
2019-06-24,-0.001403067066752195,0.002141515564870744,0.014850786310930397,-0.00011482205544355306,0.0034687916981661626,0.0025073538285942387,-0.0012244981954430134,-0.0034361125536895853
2019-06-25,-0.01030190471353376,-0.005953091374421571,0.0019411266395166216,-0.004237050781201512,0.0015473432019244004,-0.0029854062929072223,-0.009807880329747887,-0.014790754075882151
2019-06-26,0.009462872573096748,0.0012282976632256304,-0.009165393111099984,-0.0004598875470631647,-0.0040876751780050125,-0.00202240032072043,-0.00099751243810009,-0.01997967193108041
2019-06-27,0.007030834163674005,0.0024540848524550185,-0.000977700846950591,0.0027612351171277805,0.0030097229711012474,0.005837910390896983,0.0035458046702874224,0.01287339328334447
2019-06-28,-0.0013963285147249316,0.005660877892555316,0.0027100317696175935,0.0003444753276808932,0.0004542886452940653,0.0025795763608646993,0.005146162756586303,0.0034441623246890263
2019-07-01,0.011885127700107745,0.0047163386350395076,-0.019369383559800002,0.00029916587167821973,-0.0012564590542336607,0.0018947101687021295,0.009078553208611506,-0.0004575316525767814
2019-07-02,-0.0025332850979424837,0.00287685171022245,0.021359735486276676,0.00218790943938596,0.0035555230489203726,0.0027361859647165865,0.0026042110252326722,0.017399170032655453
2019-07-03,-0.0018470870891338365,0.006794512582315448,0.001649060899963084,0.0037939957349701903,0.0019077862547303148,0.0027294277438034698,0.007995187312054286,0.011926442082404343
2019-07-05,-0.006939652902513083,-0.007648329931740139,-0.011150231525253074,-0.00400749562794156,-0.006346905400308911,-0.008804891107516588,-0.001137974292640398,-0.0035578779624749757
2019-07-08,-0.0060564298569114605,-0.005742683083885813,-0.006432617734537516,-0.0019548757164327135,-0.0010037886095054516,-0.001372970287640607,-0.005494886305082214,0.0035705816562630055
2019-07-09,-0.00304666685254551,-0.00425611592230235,0.0035037454291328984,-0.0011518301822898147,-0.0006393864003140237,-0.0021027518639451515,0.0012464572589623302,0.003335517500575591
2019-07-10,0.008462763252907513,0.003511048831119634,0.015787490178783115,0.002767171366458543,0.0005485494776269473,0.002269224845406592,0.004778317307610358,0.005762372658705495
2019-07-11,-0.00186473974807555,-0.0003043209944765257,-0.008443584154164463,-0.001954532776839324,-0.0049330006702285045,-0.005902413628777414,0.002343726389129941,-0.013001285949836516
2019-07-12,0.0007004532473571246,0.0012172979124627226,0.006254723814186791,0.0016131579353877434,0.0011019333098947204,0.0009762095850627261,0.004477290859598471,-0.0013398575481305963
2019-07-15,0.003734040380117598,0.000911988091296223,0.0,0.0006907588711755341,0.002109065102648522,0.001706242715435513,0.0003326586848817481,-0.0007823820632408829
2019-07-16,-0.0013948219691167774,-0.004099851205664029,-0.008462554430785363,-0.0020700819377978963,-0.0021959808309276463,-0.002109153944385045,-0.0032255700799801446,-0.0023490952451041824
2019-07-17,-0.003026908211171908,-0.0013719333747931328,0.01646531748539748,-0.0012669616379867854,0.00467687427107677,0.00528406953191074,-0.00680473829781314,-0.003364166320600326
2019-07-18,0.006071987500053444,0.0030532870694561787,0.014117951186161548,0.00046121644463470446,0.0024646166488173638,0.0023445589366366537,0.003660953207820894,0.0
2019-07-19,-0.005106866918613284,-0.002891953770405964,-0.014727392803034478,-0.0017282214494258596,-0.001821397271671965,-0.0015327617949475458,-0.005555155281147028,-0.0163140166520388
2019-07-22,0.00023312737979841458,0.0010686485213224906,-0.00014876383044060137,0.003347967937204155,0.00045634503805747073,0.0030707046900591006,0.002456311917491849,-0.0009152041618470941
2019-07-23,0.0011663041897436166,0.006251656924243898,-0.005652618252780628,0.001726839508756628,-0.0016414172618606226,0.0005635629622127158,0.007150508433576563,0.011333606954454511
2019-07-24,0.0016309653958350712,0.0007579204282996965,0.005086339018351538,0.0008041637003064483,0.0014614272246622484,0.002817332401902961,0.004699176863913079,0.0007927517141483875
2019-07-25,-0.008839127872716568,-0.010145318949666304,-0.007070008058076338,-0.0013772314816811182,-0.0017330101479102744,-0.0032108750826698174,-0.004776879731664074,-0.005882098194324503
2019-07-26,0.0021121361440845643,0.001988708946128348,0.001648937368628589,0.0021838839453702796,-0.0001822435819183177,0.0013688952980999147,0.006700374908233275,0.004551167137545331
2019-07-29,-0.0018735787375471213,0.0021371936023026894,0.006659678193005059,-0.0014909033225555257,0.0009136129317464103,-0.0006434259713272716,-0.0018214389916424434,0.002718418825055968
2019-07-30,-0.007742717741046068,-0.011578175446709804,0.003344956160896251,0.0004589054614649868,0.0004562657862023922,-0.00032160458680552395,-0.0024547683095174078,0.008020027658676598
2019-07-31,-0.012296064155327913,-0.006627823202561389,-0.013112972808538625,-0.0017221101215274537,0.002555225685908491,0.0008854270356752902,-0.01094033836292696,-0.003921888087168868
2019-08-01,-0.019631463151615458,-0.0027927644280404396,0.02402219643390402,-0.0004969589147916231,0.01134187629856287,0.008130034510645645,-0.008708101162568815,0.0
2019-08-02,-0.009768013368721129,-0.008868752671201241,-0.0038120684590625675,-0.00150252109841853,0.002073995151463004,0.001040327042598932,-0.007529197162295831,0.004837390055884239
2019-08-05,-0.03699141002575812,-0.02496088880647207,0.013981852270352535,-0.010418149338365268,0.00863679721555699,0.0007191053438939665,-0.03007324344522566,-0.0197047740980405
2019-08-06,0.014340801107057377,0.006762284952251951,0.008128386897085838,0.0064334694506511525,0.001605593149984097,0.006229355214857124,0.014022862490298715,0.011078249314274924
2019-08-07,0.004544099034100801,0.0038380471394858784,0.015189695160357397,-0.00011540958380418243,0.0,-0.00015842192522208531,0.0005906170227358842,0.009714349070201411
2019-08-08,0.01231460923723282,0.009718053602344678,0.005034686098196239,0.003951887885885297,8.915033227774316e-05,0.002698953442645813,0.019620291570758397,0.017563533764614503
2019-08-09,-0.010178550747682147,-0.006942287850234541,-0.0033161732510501585,-0.0013897782984576557,-0.0015134128370977162,-0.002929648127267037,-0.006811891081113575,-0.001209541900355049
2019-08-12,-0.01203917510785002,-0.007944025774906827,0.009698502260031328,-0.003478097909808908,0.006331463707007767,0.006272957309290561,-0.012173035197685644,-0.002641380348371025
2019-08-13,0.012693666065926479,0.00944908418924717,-0.005959518154781018,0.004421476432185267,-0.003544316018780247,-0.0007887955399847879,0.015552024900698846,0.0014346008695846901
2019-08-14,-0.02882941288330676,-0.027447019021421437,0.0068415942238304606,-0.008919431301425917,0.006669972323280371,0.0029220902022444317,-0.029567920918367352,-0.01520837287967669
2019-08-15,0.006711128901033536,0.0034255130794924593,0.0066549698650941735,0.0029216056974179505,0.006360613563763495,0.004881795272919209,0.0026419621596156517,0.009959546160223987
2019-08-16,0.013846558234950956,0.012030478910101783,-0.006402214255277094,0.0033795705350103677,-0.0026334653576032263,0.0018021819958724539,0.014754744627821559,0.010304966081699618
2019-08-19,0.004046400352923252,0.006104462451810511,-0.011696303286335752,0.0029040517945726485,-0.004753103139067516,-0.0032851870328002297,0.012047664087375898,0.007238323139075353
2019-08-20,0.0020150464916266486,-0.003352995006656978,0.007795380191040424,0.0008103966382051464,0.004421661707624702,0.005807184269639665,-0.00766263988714333,-0.007077588610627572
2019-08-21,0.009552841049377925,0.007049058119284357,-0.003164420123660472,0.004281251160989763,-0.002641190953182493,0.001794296093783565,0.008135904217079881,0.0041671556030362655
2019-08-22,-0.012948442778941915,-0.0019089865317272192,-0.0025395077899371676,0.0018439439883422004,-0.002207245740768915,-0.0036601934305005024,-0.0003081225662102671,0.0045867758497573075
2019-08-23,-0.014883997812431216,-0.012432369391311315,0.019589847185487175,-0.004600613948134158,0.006724640678745786,0.00367363966225831,-0.025687492160164416,-0.014023229599019804
2019-08-26,0.0053776858793253,0.008231268668312808,0.00013875475282665306,0.004968487952670797,-0.0009670980574494337,7.795258153597828e-05,0.011058736559697913,0.0077177336607789915
2019-08-27,0.0017831255849243277,-0.0008004768044437283,0.00957073902105865,-0.000460200811440048,0.0043110489751063685,0.005373361096701279,-0.0039239535801044445,-0.002844511430163732
2019-08-28,0.002796839528119488,0.0,-0.002816539407023644,0.0024157706830059134,0.0003503649681166898,0.0,0.007042162249796924,0.00329149125777084
2019-08-29,0.011156382940479936,0.008651068994755207,-0.007164566813753437,0.001033115527268702,-0.0019261349744413847,-0.002168793212135256,0.01277243670555439,0.007764795908601352
2019-08-30,0.007773256431441666,0.003970862719901325,-0.0025672712303844714,-0.0009174052607386907,0.00026285234835077276,-0.00015524508730102582,-0.00044395698642507586,0.0007594350114326076
2019-09-03,-0.0062206070280607095,-0.001898564508145184,0.013913043478260834,-0.0028687327998661027,0.002196478988887085,-0.0009421637437330155,-0.005847278691775815,0.009976128895338165
2019-09-04,0.016775137678191054,0.014106950252995576,0.006243592878966586,0.00207980864186319,0.001578058817953254,0.0018700767962809284,0.011349939454589064,0.008374542450141798
2019-09-05,0.0113273790866244,0.005314233596081408,-0.024001119491110168,0.00392041603587745,-0.008052654523996283,-0.007310764111475354,0.012855658032162598,-0.0072403036865744674
2019-09-06,0.004382778560725775,0.003264894917025085,-0.008523132778435305,0.0009188596978280117,0.0006180895424254818,0.0036036338792910794,0.0007720789556562302,0.002252524904537756
2019-09-09,0.003151654122359737,0.002944315371312234,-0.0037344897557421985,0.0010333118900522908,-0.006173107593176463,-0.007337932646817813,0.0005031708723828299,-0.004815458846716192
2019-09-10,0.0007247204692082398,0.0016997100251820996,-0.008557937047107611,0.0005729867990114101,-0.007275986496344311,-0.00841543199238004,-0.00023428693518801058,-0.010322651704473107
2019-09-11,0.0070033659705603934,0.005553149846979855,0.006063676329913781,-0.00011504781344329196,-0.0009830093493322645,-0.0007931876323654663,0.007111090048940838,0.0010864354188968584
2019-09-12,0.007194057868871395,0.005828867823102213,0.002056360685188219,0.0005734798880459024,-0.00223700617202649,-0.001349853048242089,0.003463628022020604,0.0053182418480033355
2019-09-13,0.005714521820119112,0.005642819948763256,-0.008279177519783909,-0.0018325614674935542,-0.009146188607704553,-0.008981663363857195,-0.0006640162110150838,-0.01068789867179365
2019-09-16,-0.00781268860934059,-0.008947469064847446,0.008348294532203537,0.0035563935106879274,0.004343650382302888,0.0050532182093177,-0.003088228360511036,0.008729855130026998
2019-09-17,0.0,0.003366432920275386,0.0019813102518067005,0.0005721058040291105,0.002613221337437688,0.002553657178272273,0.002531273541722223,0.010817772802242498
2019-09-18,-0.004056202869906489,-0.0012200112150099196,-0.006285306153149484,-0.0005717786861241247,0.0003595132273437329,0.0024672316073808265,0.0005983383782681706,-0.0034246105153433737
2019-09-19,-0.004073044122305136,0.0033592363790706514,0.004050828215713009,-0.0011432696116738805,0.0004490075888834433,0.0028590843267330968,-6.63425051379285e-05,0.003543922467725169
2019-09-20,0.0009623080588674338,-0.002282736456007406,0.011820485442912032,0.0012589416829718036,0.005746916873693442,0.006887993085147759,-0.0047246631435075015,0.0
2019-09-23,0.0009613829123431561,-0.002593044332142136,0.005596383832365381,-0.00045669047782459504,0.0014290019712284163,-0.0007075893112084009,-0.00023495204350187926,0.00160479821897197
2019-09-24,-0.01056430327111435,-0.0038232269027174137,0.005286918308423871,-0.0013723307711047683,0.004992764441074993,0.0031477074472296973,-0.007846850631958557,-0.002218468109520977
2019-09-25,-0.0007279273162349442,-0.0029168875230612956,-0.018545379403875573,-0.001030552399865381,-0.006564679538346163,-0.005647865453255019,0.005915052356690653,0.0019430264231148353
2019-09-26,-0.00024285539731461192,0.003695477098326183,-0.0002820880237280887,-0.0006883524233424199,0.0021430000891677903,0.002129710226677073,-0.0020833093112361256,0.00840256738383549
2019-09-27,-0.012873376311218987,-0.003374838538405478,-0.005148429100112373,-0.0011469520227340713,0.0014258790794847709,0.0002361997894153589,-0.00538742554170768,-0.005555245818310017
2019-09-30,0.0056592325820008504,0.0036939778853375405,-0.015525325955691782,0.0011482690322233147,0.0008006145335452963,0.0033057092916837227,0.004638022513577589,0.0017188061535762245
2019-10-01,-0.007095570898638437,-0.009814617257817293,0.005472814807717441,-0.002304049602067315,0.002769448884075043,0.0011480781466988166,-0.01189478408712541,-0.009437001505633202
2019-10-02,-0.007639280390390191,-0.020442887363104068,0.011673634369571584,-0.0058872747008944515,0.0034635265941522775,-0.000392743307419563,-0.017664857392911015,-0.004222206557124908
2019-10-03,0.012913187342397547,0.006640403075327317,0.004530648552570016,0.000580587007901201,0.005220915324908093,0.00392951101973904,0.008192834464238574,0.009675956807970287
2019-10-04,0.004412753168061556,0.007852943298490844,0.0,0.003133782450399192,0.0019366439630050802,0.004149083257641628,0.013532177527896705,0.006029966688688715
2019-10-07,-0.008298968993383782,-0.0012467743147835941,-0.008527071931805796,-0.0008097997351897979,-0.0033388547781034728,-0.005067337106960168,-0.004314749358428349,-0.0021404251980526867
2019-10-08,-0.007137483578547821,-0.009361675735495179,0.00874259511120079,-0.00370536726778814,0.0021158773544058818,-0.0008619228406124835,-0.015524598043480053,-0.005255978135435768
2019-10-09,0.007684618212733696,0.007245143104367413,0.0009160434363713055,0.0030215971804445907,-0.0025510595486073484,0.00039221813000867023,0.00949644250716819,0.0019408215385658956
2019-10-10,0.010332144814848787,0.0070368288956668135,-0.008729359144837523,0.001274758351892391,-0.006261862802295792,-0.005879440972935468,0.006763438367441532,0.0016146076817611377
2019-10-11,0.01607007915355796,0.017857097365525876,-0.005539370732339566,0.004166055150544468,-0.006834157189764434,-0.001814054958328759,0.010366991760744515,-0.0004300587877748008
2019-10-14,-0.004313460902595323,-0.004118883334179535,0.003999125640758994,0.0006914303307647973,0.002769923314948519,0.003318331726255952,-0.0011136480883396915,0.0004302438179095702
2019-10-15,0.008904772412902329,0.011642095220985027,-0.006970593591764218,0.002188289557145673,-0.004811903839796905,-0.002677012258647693,0.009900429562777369,0.0012894343343585746
2019-10-16,0.0028628208216867623,0.0015141250075858537,0.0057302703836425994,-0.0008041206689001212,0.0019696187951192545,0.0011049509169980265,-0.001606578687571969,0.00010692630490849453
2019-10-17,0.0038058787970218777,0.0024192067510715454,0.0014243781997433924,0.0013798716058728289,-0.0003572989867798304,0.0014197075123429936,0.002949419801240305,0.006545201491134245
2019-10-18,-0.005213255625568958,-0.0004524844649357318,-0.0010667370445437419,0.00022915901782205594,0.0008939284239981582,0.0012599689800782965,-0.004377225387480088,0.0076753683691992425
2019-10-21,0.009051787925217436,0.00543213013232946,-0.004770136663166058,0.00034482195402030236,-0.0036622988791146227,-0.0022807817791337115,0.006779372803289441,0.0076162796098055985
2019-10-22,0.0007082710067869424,-0.0024011346136664224,0.002932997222985456,0.00022959273225975352,0.0023308993757509278,0.0017341560137986711,-0.00326676547263971,-0.0029395445073243653
2019-10-23,0.0002359232380062526,0.005415785550180852,0.0023537934253772264,0.000918097341674029,0.0003579082526197208,0.0005508843032020483,0.0029095329680870474,0.002211158178371253
2019-10-24,0.0,0.0017957246434905372,0.007115918371069618,0.0011464592430823206,-0.00017909105502078582,0.002202400456676301,0.001633757591974705,-0.002521388526847801
2019-10-25,0.007075500308811433,0.0010455233599520053,0.0023316740895991117,0.0008021726265718954,-0.002145859775367742,-0.0017268563705984397,0.0040948695176179495,-0.008532041058960327
2019-10-28,0.0058550513932693615,0.00447630435372548,-0.008600036764796815,-0.00011500507599970788,-0.003764357443955979,-0.002987480799898301,0.005636682780558289,-0.006055214991418145
2019-10-29,-0.005122636279078274,-0.0002970393614754041,-0.0027730332148816483,-0.0018309636661749673,0.0008998817464644926,-0.002601697094289923,-0.00029640002644526486,0.006092103990832598
2019-10-30,0.004446560674655542,0.004160552832891851,0.005490226541611021,-0.0012611867123385467,0.004853150249048976,0.0035574283366464066,0.0030670741747937935,0.0036120830534893678
2019-10-31,-0.007921504410567715,-0.0023677271082142015,0.009998499224238566,-0.0034437837103855617,0.006350841112537475,0.006065473475176164,-0.0026634400512488554,-0.0017991759172762967
2019-11-01,0.015030344613593538,0.008899562860936516,0.000912763389017579,0.004291623154446311,-0.0018869163783222787,0.000981902930620171,0.009264135507073501,-0.00021217235300086124
2019-11-04,0.009949052242562262,0.005145589205040713,-0.002876007780098777,0.0020735115767611667,-0.005083531514557094,-0.004706426896944893,0.004017799691161672,-0.007000662080552833
2019-11-05,0.005727520172404521,-0.001901652278523902,-0.016180006273117664,-0.0010349236313281773,-0.005378173114090945,-0.005753001914228673,-0.0011064143353118894,-0.016982953185674998
2019-11-06,-0.003189010917581614,-0.0004396895177909421,0.004290245395359271,-0.0011504656339139663,0.0028837071436267347,0.005628122011044789,0.00022814663187853412,0.002172770642768329
2019-11-07,0.007312575020686829,0.0030787681821082824,-0.015521486102876958,-0.0004610426492692721,-0.007997858805380509,-0.0078034800252967385,0.003516732195474992,-0.00997523653653809
2019-11-08,-0.0090743110912328,-0.0005845276917596509,-0.006364394703267995,0.000922698985263537,-0.0013589566153588972,-0.0013506571773275189,0.0024656404245815278,-0.002409132944441894
2019-11-11,-0.00709742146338721,-0.0013162307199379164,-0.002401934875323586,-0.0005764453839484096,0.001088351576481239,0.0003183948457057273,-0.001909288746380744,0.002195734817879602
2019-11-12,-0.006455862406938073,0.00043950486341670647,0.0026995120660886496,0.00023073625327252323,0.0004537053033579763,0.0009542636602117849,0.00210803229042833,-0.007558272173231795
2019-11-13,-0.007658472185503973,-0.0035128476226872207,0.004002059820052306,-0.0010369440498275706,0.002716688311825477,0.002383461805527176,0.0003234880526639117,0.009161150727385214
2019-11-14,0.0007017500552279898,-0.002790922805009921,0.004203521155341949,-0.0005763010967813065,0.005058249942006654,0.005230824964251646,0.0014557152989211897,0.007765207021111831
2019-11-15,0.007945778304862205,0.006333831261929657,-0.0025259154943226836,0.0029993234268543834,-0.0008086673913264564,0.0001580209387299636,0.007236368023424644,0.005426515208215799
2019-11-18,-0.0016230239390586654,0.0011709034673590413,0.0029664162029099383,-0.001265188497356684,0.0017089092740825151,0.001103296497671824,0.0007375483547384931,0.004857504366077681
2019-11-19,0.002090270954125062,-0.0013159142705359006,0.0005050304911609071,-0.0035700308907815614,0.001885652789702208,0.0019686118533903674,-0.0002881165716198675,0.0017188061535762245
2019-11-20,-0.004403589541174258,-0.006294888867265813,0.0005046655432805469,-0.002080764493138987,0.0036743460845765075,0.0014147101970161113,-0.0037189829487651593,-0.0005362978646372696
2019-11-21,-0.0020949287357757695,-0.001325718954625188,-0.005477043362080103,0.00023209179577587946,-0.0024999374795204865,-0.002354316444663329,-0.0016088779838022704,-0.014055494958699066
2019-11-22,0.0,0.002802724187337624,-0.0018840181654777854,0.00382111855662548,-0.00017943348357374322,0.002753298798554349,0.0022240268418678433,-0.003700347938997983
2019-11-25,0.01003027862974748,0.007943508355160445,-0.004791662812458131,0.002653439440744032,0.000447820331782367,0.003451475337411747,0.007750050013410892,0.0031677271377281713
2019-11-26,-0.0030021326049326502,-0.0005836061469167708,0.004814733391401704,0.0011502701201053789,0.0018798106886035448,0.0025799869874962855,0.0022657996418566917,0.013284034376064513
2019-11-27,0.001158095468591469,0.0026284799637270595,-0.005299919828770094,0.0012642753769958048,-0.0025907147053008117,-7.749908853516008e-05,0.004457296560190338,0.0047279752440980705
2019-11-29,-0.01573345232733725,-0.0069910409920966865,0.006203971517371398,-0.002181189966000918,-0.0008060034960583051,-0.0020276845175141167,-0.0037085955700546513,-0.004598627270402056
2019-12-02,-0.0002349862204500397,-0.005133514130639116,-0.0005078146228696401,-0.0006813180119501494,-0.0035900352124518253,-0.004341072490546161,-0.008494780075978703,-0.015150111399748645
2019-12-03,-0.005172804894246541,-0.003685558528800703,0.00957984896245434,-0.0013867050150522253,0.008917675756923593,0.007712452191935837,-0.006706553391219061,0.006436992622924853
2019-12-04,0.007563289309373555,0.009174248928467632,-0.0013658431498282386,0.0030087939071310466,-0.0038393123107535176,-0.001327878539590377,0.006170243059971048,0.004119361598412308
2019-12-05,0.004456990217514445,-0.0019062551354966928,0.0005758841931267078,0.0015000406330134552,-0.0023305262789172776,-0.001094249342002307,0.0017979169052151356,0.0005394613012934535
2019-12-06,0.005838120094620702,0.009108347529296346,-0.009928092682104261,0.0013821413632606472,-0.003054203884919615,-0.0005483674637323244,0.009134330469707574,0.0020500186234686524
2019-12-09,-0.003946854386027265,-0.0052409570272368144,-0.00029060665275248976,0.0,0.000810982905627311,-0.00015678402190555385,-0.00314422802395542,0.0019384236314523573
2019-12-10,0.003496673734245004,0.0004388359302422984,0.0028347098739491816,0.0024157366991832685,-0.0011705332952275382,0.0,-0.0011153022034855464,-0.005803278055839245
2019-12-11,0.014634045995387535,0.005266395489892384,0.00688553265084435,0.0020658282451053722,0.004147120101722912,0.0039169577978799275,0.0028387455393095173,-0.0101613210090572
2019-12-12,0.017398993782767658,0.006693881927657852,-0.003527249493396556,0.0022899697324496593,-0.007900442419303433,-0.004603353341362526,0.008619037535101626,-0.013541379021674294
2019-12-13,-0.0004499797805999073,0.006938560373565439,0.004478873140076667,0.0010285226373263345,0.0058817942266680134,0.00650630742946956,0.0005994118125713932,0.0002214973438885437
2019-12-16,0.008484593160913434,0.010684451992942545,-7.198680622300113e-05,0.0019402733045574827,-0.004678082087946733,-0.002258811726901566,0.006869809512893843,0.007193902877670411
2019-12-17,0.009119594688230537,-0.005745512849406498,-0.00021575647831872935,0.0030764284842124123,9.065704238331307e-05,-0.000780684792362929,0.00021913682625429587,-0.009450469032473152
2019-12-18,0.005423000145639678,-0.0013001705904707173,7.200752478642158e-05,0.0018165528750448967,-0.002711606881242168,-0.0007028026436801671,6.264192475580188e-05,0.012188442841904346
2019-12-19,0.00044942174959183845,0.0,0.002589559770448613,-0.0005233737408376626,0.0007802049376208764,0.0009872465347147141,0.004098946565679551,0.008862488371768729
2019-12-20,0.002021636915072289,0.0007233467540483929,0.0010044438566789715,-0.0014800267788575017,0.0,-0.0003131240673683866,0.004384269931039686,0.005490075109912507
2019-12-23,0.0013448424360025246,0.001590038377071501,0.003081942822633188,0.00045624330214355524,-0.000906377539238945,0.0004699843132063286,0.001527801424229036,-0.005023371870545912
2019-12-24,-0.002238753223164469,-0.001010333592712298,0.009431992518777577,0.0007980770729747455,0.0017244676507350842,0.001017833570807758,3.095550901233146e-05,0.0026344479079976058
2019-12-26,0.0071798489476739835,0.004334035895984911,0.007857298625196796,0.0014798705648906285,0.0014491668770522104,0.0017994446720928092,0.0053233489447104265,0.00437842612164574
2019-12-27,0.004009557696093458,0.0017260132201664113,-0.0003511943393945671,-0.0004547523278161103,0.0014482035813216942,0.001404952317614061,-0.0002478802146594905,0.00316098893675143
2019-12-30,-0.006656265169389997,-0.007466836137351662,0.0021077991140190377,-0.0006825310912378368,-0.0006326071249368459,0.0017934668509034246,-0.005513202453450772,0.0009776969705710403
2019-12-31,0.002233850871136367,0.004629807216434356,0.0018929327941459295,0.0009109092024786047,-0.0036160648469041323,-0.004124997419812426,0.002429242840970236,0.00716383424903122
2020-01-02,0.020280801944948967,0.010080508562541501,0.0073478173310379535,0.004207214685398419,0.00462750125408351,0.002110083881034841,0.009351925744638168,-0.011747148184378164
2020-01-03,-0.01856719447458899,-0.012403791035973888,0.013268521727000326,-0.0010196119926602076,0.00668277724358779,0.003431481496106059,-0.0075721654387679305,0.006215999268505579
2020-01-06,-0.002448212446244602,0.0038978298823766355,0.010489502076611812,-0.0010201622881254035,-0.0010767318166101658,-0.0033422432336064345,0.0038150741483060635,0.0011921256025819726
2020-01-07,-0.0006692707977121737,-0.0027323513479087236,0.003935150508558971,-0.0009073824409594478,-0.0014368147567643819,-0.002573034957642606,-0.0028119225017524396,-0.011149252778807406
2020-01-08,0.00580475295189653,0.0028840078625957943,-0.007501524641443713,0.0009082065316190491,-0.0023383243937861176,-0.0014075739360858153,0.00532962553921279,0.003064770061036892
2020-01-09,0.006659122266523987,0.0023002915102148247,-0.005651653463197515,0.0026101664630762134,0.0007215307619661271,0.004776021627518556,0.006780698860548329,-0.0005454179776582802
2020-01-10,0.005292366354423983,-0.0037295363064431264,0.006026192495848015,0.00033978036797743805,0.002161902745339006,0.0028048140540692934,-0.002877744296168716,0.007643322828307708
2020-01-13,0.015573551300680721,0.005183458690575904,-0.007419483430124996,0.0,-0.0011686519669961148,-0.0024085677598431054,0.006877508538551957,0.012028491561195898
2020-01-14,-0.005615535435103958,0.0010027415706164167,-0.0008915435213457945,-0.00011373147588644716,0.00197997071931022,0.001246215531135686,-0.001524894616684036,-0.0037474380991769918
2020-01-15,-0.007819097842350575,0.0,0.005834242779070742,0.0002266322231372353,0.0025146908027675607,0.0021780501818080555,0.002260110787859926,0.009028143733117666
2020-01-16,0.006348422696452305,0.004150025219205489,-0.0015695082440052577,0.00033932076143905476,-0.0020610760786627935,0.0013969235491291254,0.008318202142105324,0.007989142634757584
2020-01-17,0.005655846417949695,0.002992725045756206,0.0018454259925253513,-0.0007915410289948133,-0.0008076671405312652,-0.00015459850178500822,0.003112663632107937,0.0009511440392686588
2020-01-21,-0.025308217121407295,-0.007956633970600757,0.0010915790702048511,-0.002150310340284012,0.003953135937371233,0.004806304407104944,-0.001958162987945933,0.009501680877159968
2020-01-22,0.008211022401056978,0.0020049298702751184,0.0003406555206315609,0.0018144315632586672,0.00017903508022176773,0.0005400780233413283,0.00012076208454558923,-0.006693197727863143
2020-01-23,-0.010345452139162492,-0.002429790464776871,0.002248122121045526,-0.0030563690220922757,0.0025053216360124697,0.0013112394213410372,0.0011467476230677676,0.0084226932681144
2020-01-24,-0.008007215357178632,-0.004298704112364771,0.005845572586286041,-0.004201605073195114,0.003570474733650464,0.0016942608889927158,-0.008893187084339838,-0.0034452132519333656
2020-01-27,-0.03452897362535079,-0.020722500988048398,0.006825312844883635,-0.006728140665401616,0.006758747456076186,0.0019217737679735336,-0.016029356654636673,-0.004819377400702263
2020-01-28,0.008360223774573905,0.009405074991434503,-0.008926785569624784,0.008610311836505957,-0.0033566867301398906,-0.0005370615782506194,0.010479157958183327,0.004000504751466405
2020-01-29,0.004836658273255301,0.0001454205745212711,0.005417872354848807,-0.0005687060143846345,0.0047864029312028045,0.0032247674222296574,-0.0008259106525267956,-0.0036701471262386987
2020-01-30,-0.014898014447861208,-0.0008734086437161004,6.732120695107646e-05,0.0010248569065101076,0.0009704234054439542,0.0006120877476831765,0.0032455884270370383,0.0007368566167218482
2020-01-31,-0.020241896939542925,-0.016899513623984785,0.005792420039608892,-0.004096153504206224,0.0050236395197078565,0.0026005008186174017,-0.018158203324755262,-0.012199121576198624
2020-02-03,0.011161200353155154,0.002371060450913731,-0.006495688802043542,-0.00016025722210843973,-0.0008520825907895047,-0.00078787492204202,0.007428577493905575,0.0033006592797242273
2020-02-04,0.025833810013639047,0.016705909264316254,-0.01300895070524588,0.005966429319439026,-0.005800061321196037,-0.0024493522462458728,0.015241143712777738,0.010292719971893405
2020-02-05,0.005723183660890641,0.009597176339209756,0.0012293105482077404,0.0041061533702644315,-0.004331590267275365,-0.000614026101017684,0.011548054439592503,0.0006301990524766321
2020-02-06,0.0009107057770405547,0.0027366138517752603,0.005388399719282511,0.0007951774770798004,0.0007104969113660431,-0.00046048863494108083,0.0033649890068307986,0.003359047266205728
2020-02-07,-0.01387313667398471,-0.009480002990734593,0.002645857569860688,-0.0014755848199051735,0.00479056570451708,0.0038409219040131948,-0.005329737604127249,-0.00020953757446773302
2020-02-10,0.0055349545432832326,0.0020300680215958877,0.0025712490701368385,0.0013644584110137359,0.0019423219563199368,0.0023718300520430002,0.007465655134241578,0.011196063789987054
2020-02-11,0.013073572012114454,0.006801593502776093,-0.0034419552752806837,0.0006812384700205509,-0.002378965848949144,-0.0014506604709157989,0.0017328154960642994,0.007554016383515938
2020-02-12,0.013583681617609367,0.003449879275212897,-0.0008127480224853212,0.0026091680021718133,-0.002561743716507081,-0.0004583701642425497,0.00644262850055477,0.005956282235711097
2020-02-13,-0.01317842900950461,-0.007018925402587306,0.00569345014846645,0.0003395015335148077,0.0008858197359211673,-0.000688422343024131,-0.0010669474022614311,0.006023558496530912
2020-02-14,0.0004528752972334793,-0.0017311267134737518,0.004178427664004669,-0.00011304755812102663,0.0024775464689248405,0.0024490174554336885,0.001602180156963895,0.010351145706612774
2020-02-18,-0.0065611928699425,-0.006358382625730408,0.012818816524224008,-0.0020364871787077465,0.0015881804659010346,0.0019085104760965255,-0.002577039968217898,-0.0011049335922165282
2020-02-19,0.00728746788489798,0.0033450436714221876,0.005831221275388376,0.0004534083821463586,-0.00017581708469438517,-0.0013715158658949012,0.004781223813532964,-0.013473704212559334
2020-02-20,-0.015600150767993037,-0.005942901570814563,0.004084659090851872,0.0016997549116810617,0.0029081887498247916,0.003357818651073652,-0.004107952649596847,0.011925188351356697
2020-02-21,-0.005741788389717506,-0.0046661269476890865,0.015025216397275942,-0.0009052331943932845,0.004042595528423121,0.001977046536532523,-0.010298730655538213,0.002921043151604019
2020-02-24,-0.0374219877899562,-0.039994249750293975,0.008985128746405113,-0.01075491829028663,0.007789985160964408,0.00015208933360932875,-0.03316526783875795,-0.013658821022095036
2020-02-25,-0.0079193399702302,-0.016481024837117664,-0.017874260693127697,-0.00698144046742033,0.0027789597770124796,0.0009865687505334897,-0.030302209027694538,-0.027084788564299744
2020-02-26,0.007982556549376296,0.0012414099730364558,0.004370503298157802,0.0010376515463086378,-0.0005192577501947904,-0.0037151309904572827,-0.0036781315759799593,-0.010779870614583298
2020-02-27,-0.02399835976195952,-0.029598655672920637,0.00019483522153040944,-0.013470279563663534,0.004852280130911435,-0.005326869955137203,-0.04491175869018449,-0.05321597749543805
2020-02-28,-0.0036878194607256054,-0.006068225361449797,-0.03649347478693177,0.00408477401741858,0.01121075904788671,0.011245907814127598,-0.004201446148229815,-0.02413684029118479
2020-03-02,0.021717414988585926,0.012853328956270005,0.005526297603759334,0.00758786294918945,-0.0006828847344235722,-0.0009932612811353048,0.04330655671993244,0.0427113823846188
2020-03-03,-0.0067633562561759675,-0.008090051286892885,0.031434333360162325,-0.004286355852137325,0.011620101179944387,0.011389569100075159,-0.02863247020777271,-0.002306166610622218
2020-03-04,0.01775296581194663,0.029905705168999486,0.0017545277375516921,0.013730082325721593,-0.0021960978185388003,0.0014261749196335938,0.04203309006209799,0.03775452766711007
2020-03-05,-0.021027237687948785,-0.026552936333772315,0.021600945458936538,-0.01262640170874263,0.008887914156803012,-0.00037466491262017065,-0.033241584464195895,-0.02142537004920808
2020-03-06,-0.020502911442925154,-0.014994470837401241,0.00038096105467699815,-0.011275859234247454,0.010152039007224944,0.006974228661189352,-0.016531294062327118,-0.01723410468226294
2020-03-09,-0.06827811375357107,-0.07757079212004758,0.0016502348575044845,-0.043033723510819466,0.008970239281277381,-0.024279289862354614,-0.07809446834249267,-0.0770926001722908
2020-03-10,0.05081562902670056,0.03686805599069687,-0.02110133630677158,0.015357718918634689,-0.018357332764965983,-0.02251728008680176,0.0517450221645781,0.04224867450530079
2020-03-11,-0.046576769705706456,-0.05096494751568925,-0.0035603512879937016,-0.021780614684632438,-0.009979073033697383,-0.03287502200778425,-0.04874864215003105,-0.06008789228192679
2020-03-12,-0.10010670654367826,-0.10990211749754031,-0.0398882588306293,-0.039956083761835015,0.0005084258943734987,-0.04771941882207176,-0.09567710658242101,-0.10130307409699357
2020-03-13,0.0720854060147631,0.06053340280463115,-0.03051623730778741,0.03143970120927286,-0.006519102314463843,0.04332756760468026,0.08548629150401088,0.08727753134579697
2020-03-16,-0.12479247369657309,-0.103194284648495,-0.011446115323986206,-0.054965837978315,0.026416574644988033,-0.01422181635986064,-0.10942372475970041,-0.17727701482573843
2020-03-17,0.06892189207118093,0.04868290820682564,0.0135554799295321,0.009385192003788845,-0.025072248958034726,-0.04097282235829791,0.05399218690621077,0.05780668229564534
2020-03-18,-0.08636488123081121,-0.05727491727411804,-0.019921988429849713,-0.0441329899240781,-0.0138806712525259,-0.050029740333731754,-0.05063311507609225,-0.09512763944821767
2020-03-19,0.007769362838530025,0.015561794721854927,-0.018905499074657994,-0.02246902653242233,0.0032814087914461165,-0.04940772715512831,0.0021249975064445703,0.0035148721305489072
2020-03-20,0.007388595027510991,-0.012384668763356421,0.014995707221804766,-0.022423895097377522,0.025477539114207692,0.016087501923648606,-0.04309408562035899,-0.049832851938074074
2020-03-23,-0.023915988649016895,-0.011689866342557864,0.044179590424960224,-0.01605785825072914,0.011835093308457445,0.07391830093881646,-0.02556808407863298,-0.046414244398698457
2020-03-24,0.07513882594225385,0.08473138983534723,0.048530353360380474,0.041235503536926954,-0.0068020006136843,0.020500912262975568,0.09060312810056415,0.08996659013252484
2020-03-25,0.035247892557980665,0.03251403368267636,-0.01368964099270864,0.028128024634237914,0.0005841814926770272,0.04787093524232233,0.014970079142843762,0.05384487048077857
2020-03-26,0.03786312110552337,0.04473859498162458,0.012822223412266576,0.04573273870454875,0.0024208435651975613,0.0008162720934110634,0.058389812306948397,0.07052180295043264
2020-03-27,-0.05684404385968067,-0.028487342669352822,-0.006460489804721581,0.0026032162762912314,0.007411230469454244,-0.002038038271637177,-0.029785520272099464,0.0010003109925700304
2020-03-30,0.016491942125985037,0.02024212329385744,0.004400644787818209,0.008568113674516598,0.0023144277088382736,0.012170213246153416,0.032475847397383184,0.021841469188890406
2020-03-31,0.006784541916989184,-0.008714989245178772,-0.03184668568859872,-0.007980320674409014,0.0018146638178080376,-0.0033085200139021387,-0.014905751655653998,-0.02416883089030386
2020-04-01,-0.042777595904062826,-0.04433208463950522,0.009456223354449733,-0.027449752540832817,0.004071151256134664,-0.014529591991619295,-0.04500480538435492,-0.06571223947319893
2020-04-02,0.03367007947827383,0.019573064481623437,0.0163934225377782,0.007776395495024957,0.00016381661381537072,0.002635841740716627,0.023075480392957592,0.0033712903728737587
2020-04-03,-0.018951688877402728,-0.022844907135920134,0.0049374590529023266,-0.021420378974024823,0.0007388836650503716,-0.005175197011189514,-0.014454161160440737,-0.014508463695744767
2020-04-06,0.05463311670115645,0.05304525641568536,0.027710521817620126,0.024336851052904285,-0.004510546768044854,0.019735603666922064,0.06716621323748573,0.07407415189986843
2020-04-07,0.005151689039490037,0.005596877786223864,-0.005354484768834378,0.0,-0.004448778767693118,0.0015387162077229455,0.0010194113540331617,0.009233900727584343
2020-04-08,0.010250695017321787,0.008163181064144265,-0.008907968786563414,0.026015043013468464,-0.0012405808061074497,0.01802998869730721,0.03356852875262906,0.06819148855154733
2020-04-09,-0.003664395912494345,0.02263522164617715,0.026123560972308058,0.06546000572639699,0.0021539863042998597,0.04701812696238861,0.015217282120742581,0.0560760771283757
2020-04-13,0.0014148095665209581,-0.009537316809179908,0.017140343933811808,-0.014327931077945388,-0.0021493566195782687,-0.009709495529315548,-0.009129999132601374,-0.04207345262386952
2020-04-14,0.02288107618545565,0.017805246359497318,0.007868093580683189,0.004188291078936146,0.0013252401845451622,-0.004902530348412704,0.02949264692698228,0.028046112300921022
2020-04-15,-0.025683306639789905,-0.031238796138602698,-0.005101958505246418,-0.00932306880083722,0.00893613310034902,0.006697068889588653,-0.0212477387538188,-0.039634673955223354
2020-04-16,0.00538566337019053,0.0005526072256598624,-0.0008649946516461338,-0.0009903956589043528,0.0010656758192510996,-0.004970159940960173,0.004824143677948811,-0.011389163932257196
2020-04-17,0.022272019994391323,0.0265194601098373,-0.019417471147623044,0.0050823139547262475,-0.002621465981284765,0.003304299428215751,0.027015040249882993,0.031580185499540336
2020-04-20,-0.012686117074414915,-0.01489064278806218,0.007126124562213176,-0.015045314942948584,0.002628356127459597,-0.005667711891031213,-0.01761772115946114,-0.03718282325196309
2020-04-21,-0.027653481202816632,-0.01948649213089826,-0.006825274631933054,-0.01827996251010766,0.0027853989224841946,-0.003543666828971115,-0.03036302440552352,-0.01814975595658952
2020-04-22,0.02729095448396146,0.01690209476843818,0.019670860003665247,0.00880006362393404,-0.0031040343996482367,0.00061840759489451,0.022194425815420527,0.01528858073655126
2020-04-23,-0.003635214093788308,-0.003104975080193917,0.00995486708021609,-0.0005055225097115867,0.0006553618214031331,0.004249580823660226,-7.179173813043338e-05,-0.008350456380728621
2020-04-24,-0.0014034447754189827,0.011542491584298764,-0.004285520778353313,-0.00936060757077617,0.00024530760653673767,-0.000692566509244652,0.013938615326561266,0.004279244091797363
2020-04-27,0.020235903074090178,0.0132223125874249,-0.006640444141094992,0.004086297536540551,-0.005321555614987372,-0.008083307621286506,0.014418518976818007,0.03422667368014931
2020-04-28,0.0019284252695548343,0.007508109804293284,-0.004456556273727319,0.00305162328830777,0.004362833738944083,0.0027163438006501117,-0.004598330491915936,0.008240379015726829
2020-04-29,0.029145104117006326,0.025017624764084756,0.005533445721913166,0.017622195530567097,-0.0004920001736471447,0.006579059452048952,0.02617827821111396,0.015027681361369893
2020-04-30,-0.021106111961071927,-0.020771842392550588,-0.018116569301821484,0.0019931475915424546,-0.002377855235997761,-0.0067669790965199095,-0.00931028599470396,-0.011558420779346212
2020-05-01,-0.03602625991396369,-0.021743013588451432,0.00617125761149806,-0.017249489107910687,0.0013826191926364917,-0.003957881385065809,-0.026473450122787456,-0.033766882773291096
2020-05-04,0.010758942652365322,-0.0003614213112934639,0.003504803873276119,-0.0013983495695756298,0.00016431798083726967,0.0015582763673691602,0.0027580464796683746,-0.004895155780548999
2020-05-05,0.005602158433593685,0.001807508550725423,0.004241037483481591,0.008655009871087804,-0.0007396387457125897,-0.001322277320411347,0.00923897937759044,0.004919236208108968
2020-05-06,-0.003064137882789253,-0.006495691953786076,-0.012855591040204617,-0.005678261719040512,-0.0036993199104307095,-0.011217649939446739,-0.006778139641934744,-0.01794960694735981
2020-05-07,0.008102954816345598,0.015074544339014562,0.015350754880484763,0.0025378591619567015,0.006106073885199459,0.002678474124893082,0.012066609087298286,0.014262073436491773
2020-05-08,0.02106407690726586,0.016997533180644453,-0.006010293229887331,0.009493720446178244,-0.0032807229689403306,-0.004793042343853915,0.01654617427496885,0.02375427582386047
2020-05-11,-0.006514658754837921,-0.00087966791985572,-0.006233636774804485,-0.004513956812229658,-0.002797470782651912,-0.008763376547751167,0.00020475391004270982,-0.014535382889848347
2020-05-12,-0.003825117128508415,-0.012678305505438137,0.0038890673962401756,-0.001260034409326538,0.0033006082919202484,0.009637570679484897,-0.019931369706448265,-0.04546656740908883
2020-05-13,-0.001920022522371001,-0.0076691012901870526,0.00962264814750724,-0.005296423735328792,0.002056112138410171,0.0022877356447921215,-0.017685770016719338,-0.024241696943500868
2020-05-14,0.003847191526118454,-0.009525401097362218,0.008850059782004704,-0.0034232907379474486,0.0015593920505954095,0.008264372766664918,0.01196717536932912,0.003487080942745857
2020-05-15,-0.013687363400882835,0.000907366371629692,0.0056438144895878395,0.0013988267447080371,-0.0006554024750093923,0.0035126722623495255,0.004597204955450573,-0.003909386481956045
2020-05-18,0.03913415443276169,0.040427668846304554,-0.007564144999551381,0.017659990537748804,-0.006150272380788913,0.005678949781570797,0.03045941651075612,0.05915707633183409
2020-05-19,-0.008012879931366346,-0.013765506629103363,0.00965020617044443,0.001248401794458287,0.0028054547348195236,0.0007735099963706027,-0.010271048354813517,-0.013448616237639821
2020-05-20,0.013193609839708298,0.020848096558432783,0.0023742810342795018,0.010598250669255682,0.00024678508734954363,0.010975647549112288,0.01698819031159826,0.008902581275680443
2020-05-21,-0.011427158338788268,-0.01159563992258561,-0.0145763375976391,-0.0002462690791383837,0.0006581021786984387,-0.0007649589395644085,-0.0069042274815895865,0.0008271980640266463
2020-05-22,-0.020698934540955616,-0.002801596742946999,0.005916836449104457,0.0024678845714161124,0.0018907719636742648,0.0,0.001899099302068219,0.013500424131497768
2020-05-26,0.021959723017915156,0.02862168658734321,-0.014214859559966153,0.007509825174292661,-0.002625785926781421,-0.0013768991800982011,0.012320578151587602,0.03737932896646545
2020-05-27,0.003223442999400472,0.012120223757490223,0.0018024320171106112,0.0020773295781315593,0.0008228237290697216,0.004137124355171995,0.014879058819234903,0.019916332052194674
2020-05-28,-0.0069611583007237465,0.009444894799471859,0.003350344766475555,0.0009752280296411175,-0.0009043033931294131,0.0008394143038412683,-0.0018449785933137841,0.0047532736070690085
2020-05-29,0.017255166614697837,-0.003508686601578659,0.0073584122707384125,0.004019947405035973,0.0032086021612551807,0.006480063091041766,0.004456237513076111,-0.009973339865446018
2020-06-01,0.023058721611836752,0.022300443394356773,0.004603768848692402,0.007563941351654835,-0.0003939115821912642,-0.00044059008266650324,0.004041414905362917,0.02311774421821866
2020-06-02,0.023834233805790195,0.009348860257228697,-0.0064768271714218395,0.009913289726692032,-0.0016428464047871794,0.0031908210379620883,0.008279923956725277,0.00807891230218094
2020-06-03,0.0232792766358898,0.02388699837977515,-0.01845018380928054,0.004668219637483206,-0.005922559090163704,-0.0006061067144437216,0.013308382434572996,0.03205587788927722
2020-06-04,-0.014094928418134423,-0.00428522351179117,0.010526269495827023,-0.0030973706474833884,-0.003971479225233443,-0.0030305676036652685,-0.00262665513338034,-0.009948825145293938
2020-06-05,0.026335562488035036,0.01721399780339583,-0.02027532426346157,0.009441218962772613,-0.00498497520709551,0.00516784289259653,0.025629442136071656,0.037867832911789634
2020-06-08,0.006109312474403161,0.013005397780445183,0.010822142733466267,0.0011844810067525025,0.001085581977823269,0.003327070699550294,0.012087327265454029,0.024796023523725896
2020-06-09,-0.006800821697703685,-0.012993008568344955,0.00964183116931494,-0.007804985635596284,0.0035863291963402766,-0.002109742794810021,-0.007456399977096573,-0.01659174809504471
2020-06-10,0.007336381734311503,-0.0021940566228453307,0.014324773012967418,-0.0014306239129104892,0.007479616928948385,0.006569434509969829,-0.005579943041604807,-0.025424855915073707
2020-06-11,-0.052196999875718686,-0.053557431281143764,-0.007214084989501601,-0.025662426054872456,0.0035469099152272143,-0.011928752853422542,-0.05764882436418606,-0.06419789858450908
2020-06-12,0.021260426682436107,0.017258458349922456,0.0014163170663434865,0.009923259915970428,-0.0022193617440409152,0.004859866931233636,0.011975261578239804,0.035842913147895006
2020-06-15,-0.009081735953079817,0.004103207805047804,-0.0017832572551969017,0.009704046783193476,-0.0008236648327080154,0.014205417152397093,0.009335678394708946,0.014138352353622263
2020-06-16,0.0063645808267183135,0.012357821977930783,-0.0004928345355281749,0.004084185759507086,-0.0020608962257159247,-0.0027567036116840082,0.019248027745170537,0.019689221416592906
2020-06-17,0.009612768798581195,0.0037436197007261196,0.0019106166939522051,-0.004666365350897261,0.0015694510391712768,-0.0019423479813881483,-0.0041538219054042536,-0.014511256841138076
2020-06-18,0.0005012730918350083,-0.005351034741632343,-0.001968455156468263,-0.00036031123719004743,0.002226793165314378,0.002245746213212607,0.000384787532243136,-0.010953529185660171
2020-06-19,-0.00025056548967394843,-0.004890896615452167,0.011032995719469696,-0.00336723358173896,0.00032946071719308634,0.000747473728706094,-0.005714613910734578,-0.014519337764555496
2020-06-22,0.012274460442992519,0.01195938578361666,0.006462217682632332,-0.0007239559803620121,-0.000905169409169404,-0.000970869232158944,0.006414863638247503,-0.0009986597666670205
2020-06-23,0.009651240677558404,0.005504188424652723,0.008419646377624934,0.0014487693507463373,-0.0003292841569101368,-0.0018675025109905485,0.0046037586249128015,-0.00412476987012611
2020-06-24,-0.013235295530002467,-0.025599616180889462,-0.0034839130582626776,-0.010248072770767669,0.0018948323334377903,-0.0027696451792150745,-0.02550862144126409,-0.028489012763909694
2020-06-25,0.004222752120946582,0.014210257590276498,-0.0006027175913517757,0.0003652681708834482,0.00016434824177746776,0.001051311340968475,0.010720461899069722,0.012772105325091987
2020-06-26,-0.012120053008271126,-0.014499911504180951,0.004463149702982783,-0.009498721899386275,0.0027131294350180024,0.0008999124434601047,-0.023751362839674828,-0.019193440746743007
2020-06-29,0.004506870295577947,0.008100395919118819,0.0005404803669293301,-0.005654852051898085,0.0009836974869747994,0.004644035618587505,0.01469728081087962,0.019306602545188456
2020-06-30,-0.0032401891980525788,-0.001803786249792938,0.004440918278166173,0.009149233265163925,-0.0018018188756180331,0.002832886936661394,0.012809522461943113,0.011854246241322697
2020-07-01,0.011252759379495103,0.0037786005144904156,-0.004481089931769877,0.003112970830600803,-0.0015607341971737299,0.003950108366180594,0.0070049868740453825,0.02304848617299049
2020-07-02,0.022749898717679073,0.010965574338000827,0.0021606086958432247,0.007359581458487918,0.0012337613088386767,0.002449080515761093,0.005507015647445934,-0.002862887647014367
2020-07-06,0.04303660861818526,0.016350897172872525,0.005988741319838731,0.007183196160274408,-0.001478630782927759,0.002591754212858177,0.015437251526053686,-0.0004992189079700005
2020-07-07,-0.016689848694126264,-0.014654203174471858,0.006310260659329048,-0.006648941335189007,0.003208761142547756,0.0013294024095831247,-0.010313809385642858,-0.019857516200677994
2020-07-08,0.02593120141851224,0.008406109270332918,0.006211565862881185,0.002678006438650682,-0.001558412730637171,-0.0016224577529927453,0.007648709385901231,-0.001401670835629254
2020-07-09,0.0,-0.011381868050952981,-0.0027044004055614135,-0.002184424636806681,0.0032039285007143814,0.005614338959230691,-0.005692988028458856,-0.006252553807867489
2020-07-10,-0.006433790611233614,0.010702069483264687,-0.0025938951172596036,0.003405539570921823,-0.001965665072949152,-0.0018365213322237839,0.01021040292116715,0.003081696355316854
2020-07-13,-0.006706736449966777,-0.006417569660606137,0.0012411575864292868,-0.005455654830544221,0.0010670511201957833,-0.0026493278325364633,-0.008658711958294485,-0.011904840095254388
2020-07-14,0.0013969732482816966,0.01469401050939556,0.004663568910189042,0.008532685708826815,-8.263236097483251e-05,0.005829265804466299,0.012958942823085406,0.008420801132522637
2020-07-15,0.003022468588920857,0.011298552815892426,0.0008813320073604025,0.005680243376253502,-0.0003269859294026123,0.001981390101581715,0.009187028744598758,0.00976349424769607
2020-07-16,-0.01414002751970067,-0.006451508970745312,-0.009451688651900159,0.0009614994479447692,0.0007372893760930754,0.002782472240673961,-0.0032932433169863273,-0.011959038266933564
2020-07-17,0.005643178520685632,0.005860036357313803,0.008238009985450212,0.0027613868236437966,-0.00024541209053363655,0.0027015583496017292,0.002898972916715037,0.013005352580873097
2020-07-20,0.012859294536520238,0.004881024181028648,0.004820170160796611,0.0059868457645906314,0.0006556129554891044,0.0027667912811339956,0.008081671231104481,-0.011948699612490787
2020-07-21,0.009233679200151057,0.002036968792211491,0.012050997596656066,0.004641916465563778,0.0010646912428162736,0.0013078190175541682,0.002127242601499546,0.0024445744894407984
2020-07-22,-0.004345953904069,0.0026583849866319564,0.015202340363078104,0.0020135928436648687,0.0003272432913123957,0.0032633476860357558,0.005692281354984896,0.015271886961980119
2020-07-23,-0.00804031720785714,-0.007953796304037919,0.008825301770064575,-0.0007093505870777728,0.0009810451490182004,0.0007232569062105565,-0.011931673306469937,-0.004171223148830672
2020-07-24,-0.0009263213085661803,-0.005502323296574296,0.008578870839228259,0.0009469707001805716,-0.0004898238958513934,-0.0022397896122849925,-0.006440410732533541,-0.007362400923649481
2020-07-27,0.015530949167273711,0.013120316662570186,0.019753770786684832,0.002363443759570316,-0.0015532621302817295,-0.0030410594619716402,0.007292854310216645,0.009463024080088367
2020-07-28,-0.008217401229345556,-0.006397008449214092,0.00834113103275036,-0.002594204750189122,0.0023739892766494464,-0.0010161575747347218,-0.0063425441349844736,0.019888337521739352
2020-07-29,0.0161107403599694,0.010521230644150892,0.0075102306547618625,0.005556922099717587,0.001306980611184505,0.005452164178403551,0.012298548648475238,0.019376737170593517
2020-07-30,-0.012684160902580843,-0.01476308236500512,-0.007400261112960993,0.002116415550684536,0.0013862831865787406,-0.0010849732442190785,-0.0035678360255015917,-0.00645802122602368
2020-07-31,-0.0068822122321074986,-0.021293269479957022,0.00908793109962347,0.0018769898947952335,0.00024428250036345744,0.0013759480187633955,0.007902017034600695,-0.0018396510249870657
2020-08-03,0.006929905311207518,0.019500377450657913,0.0011325390830079218,0.00024734561454686776,-0.0004887353029149333,0.0013396510122238858,0.006952132979676229,-0.013269463378076884
2020-08-04,0.013305670244110557,0.005532766365843544,0.021277725496816835,-0.0003531049276020992,0.0034247034298540147,0.00368910760631036,0.003862832068904032,0.014942075699821533
2020-08-05,0.010867203831756544,0.0033012790183948315,0.009283241730161151,0.001764050856927435,-0.0033317251051731,-0.0013694987041625861,0.006210905112839615,-0.0050301052108671085
2020-08-06,0.003135335752685764,0.0010967577363494296,0.013274069532868138,0.0022303695427794423,0.0011415712816014167,0.004258096918747123,0.00668444568971438,0.0016028332093229736
2020-08-07,-0.020540237365389014,-0.0040694028220926715,-0.01588530528005727,-0.0024596884394643137,-0.0021178192228469284,-0.002802802257176995,0.0007178175966213729,0.014280688042144885
2020-08-10,0.00250739191840732,0.003300313439274616,-0.003458957447482258,0.0004696585197594416,-0.0010609031801138702,-0.00216144137269636,0.002989058409953227,0.0015777370752498854
2020-08-11,-0.002728513230547014,0.003602667246648261,-0.05369440853432972,-0.009036420696522884,-0.003431273993114825,-0.006283770782876119,-0.008254714884972203,-0.014420631265225636
2020-08-12,0.013451877175793658,0.022163363848776374,-0.004668202325739945,0.00023689044664876313,-0.002951103981932879,-0.002470817316352125,0.013942205437079691,0.01008223923349516
2020-08-13,-0.0029245531309654016,-0.0044282045076362575,0.023618065792215592,-0.00272288065095716,-0.0020557215818698404,-0.009034808164629982,-0.001807662793257836,-0.012294648962222765
2020-08-14,-0.0018051851920980466,-0.006134938791858668,-0.0043092158240957135,-0.001780577917707249,0.0004941640550000237,-0.004411192485142101,2.990843983696756e-05,0.00012351594703163826
2020-08-17,0.012658459556258661,0.00756183158910817,0.02169391289315903,0.005946179531920004,0.001647180324908737,0.0020675280468311907,0.003176200992084377,0.008132963800351556
2020-08-18,-0.0011161523425010644,-0.0006127881194425422,0.009008003623491856,0.001536897955781269,0.0017264249067980852,0.002874201306027002,0.0021606473468913645,-0.004767119780434648
2020-08-19,-0.012290519207937445,-0.004444352297868992,-0.03156545548841261,-0.002833129431989989,-0.0013132224364016398,-0.0026455909337580463,-0.004163724427966198,-0.017563341591631088
2020-08-20,-0.0031676507581804847,-0.0032328829576763196,0.006913929262821528,0.0033145430560508338,0.002876752675494698,0.0035367183922558887,0.003113371716811697,0.00950112741548459
2020-08-21,0.004993554743180306,-0.00509642933021448,-0.008010905834894388,-0.0001177334491190285,0.0007374189405207066,0.0018357056335926991,0.0035474735284004577,0.0016100181227991506
2020-08-24,0.011065762642670451,0.013194522633183325,-0.005658401286623649,0.004602421744003493,-0.0013924176240204256,-0.0017586897799355405,0.010133124463178378,0.006429364793556713
2020-08-25,0.010051228629372133,0.0006130460398625637,0.0012154763574758753,0.0010572741627077331,-0.0023774042132084228,-0.004331767461774105,0.0034995694874340177,0.0025800118243668457
2020-08-26,0.0026538862140990105,0.005818304829403598,0.011808847672626355,-0.0001176381075075339,-0.00041119892344898545,0.00036883704477364,0.01002547681394228,-0.009190364225398207
2020-08-27,-0.008381248726454626,-0.010199440007280347,-0.011561927956646234,-0.0015255351208918189,-0.0035360413884063524,-0.007960546471427521,0.002186595314542128,0.014716914488727806
2020-08-28,0.013122955454386132,0.00707492179881597,0.0173802350530341,0.0008229104788579633,0.0016502850279045411,0.0030458341043957393,0.006459281392577454,0.0065815088670424515
2020-08-31,-0.022173706251034653,-0.00763594972268633,0.002386259791001155,-0.0014092445059549208,0.0010710277372250054,0.004444828053838723,-0.0036225520786760113,-0.01017088498822527
2020-09-01,0.017063481241079703,0.001077178673873913,0.0011902895553947967,0.005443063949461591,0.0032780074826659344,0.006319048718770093,0.009418593642057882,0.0007339232562166842
2020-09-02,-0.002649006877114779,0.013374330043423033,-0.013131628719242117,0.0011749587739684486,0.0013952730806523483,0.003965624767242826,0.014464148784627762,0.01857975116490529
2020-09-03,-0.019034908816458418,-0.022603318267736205,-0.00810423703378893,-0.0062177423358456,0.0013118222430645865,-0.0021944995087809227,-0.03441431791561733,-0.012000622870893873
2020-09-04,0.0004510998259747989,0.0013969289128250573,0.0027602959130217375,-0.0027140619455174875,-0.0055668865459422845,-0.010630144678331788,-0.008164608140641127,-0.005222651728784666
2020-09-08,-0.01736560031429213,-0.012244204630345479,-0.0019269219593246456,-0.005563115649022454,0.002140233219936505,0.0009632109499277952,-0.02732295623410952,-0.01221050777697652
2020-09-09,0.014918505015786954,0.01867257440623682,0.00970825655471863,0.007855799302471045,-0.0004927834607955095,0.0006662451479593212,0.019747257068489787,0.009888897055511103
2020-09-10,-0.016056066810566594,-0.011706656619194566,-0.0032231430104036063,-0.004724065858273563,0.001232894383920602,0.000739499557707024,-0.017363816440908675,-0.01223969891664789
2020-09-11,0.009652953183072022,0.009974939949908501,-5.486005292487661e-05,0.0020169569702621626,0.0015593885605242885,0.0007390929759800713,0.0005093474992545755,-0.005576102590637788
2020-09-14,0.016161960136923836,0.005401348580941656,0.007892586821005798,-0.001066029878286967,-0.0009013752958411114,0.0025119547423244626,0.013171317899588697,0.024423647814556304
2020-09-15,0.010528658606701269,0.006446488233899705,-0.0023927480714920346,0.0027271920970888264,-0.0004923875113748144,0.00110560253979064,0.005051820890787706,0.01204197331853174
2020-09-16,-0.0013299856558440792,0.0,0.0028345831622316187,0.0,-0.0005741643249554951,0.0006621414877077125,-0.003968284121154908,0.005288498613467807
2020-09-17,-0.003995560552704225,0.0013725721306101502,-0.005489995652194879,-0.0010644503599106514,0.00032814699235528266,0.00022086932607989773,-0.008795131101490772,-0.019488207936595336
2020-09-18,-0.007800392998528749,-0.008071845578864534,0.0013117087099276947,-0.002485601498805723,-0.0009029281210473084,-0.001838640702696348,-0.011512872586877165,-0.02255816490883522
2020-09-21,-0.009209328716509813,-0.025334031787623168,-0.020087296599797022,-0.008067061137871034,0.0018079259579037998,-0.0009579546831117725,-0.01112968359835309,-0.030064920789458327
2020-09-22,-0.007481346725321636,-0.0003150583189075462,-0.004846314367596194,0.00346887758947223,0.0,0.0005900865734722593,0.010184518756227057,0.011961309351999683
2020-09-23,-0.015532341143459805,-0.00835153267714872,-0.021606497297661065,-0.010130832821890534,0.0,-0.00722258928842856,-0.023191000160784236,-0.030121921876093194
2020-09-24,-0.004640002084985606,-0.0009533628572968578,0.003718800733685912,0.0006010756069942946,0.0004919425833975755,-0.0025243072201703853,0.0026653370330647075,0.00537293556907481
2020-09-25,0.0009323670085581437,0.003340063231920043,-0.0028499771605223767,-0.0018047215005313477,0.0008200833969793653,-0.001042146338440908,0.01616693421953963,0.020622345562107958
2020-09-28,0.011178184907169042,0.015060238126824332,0.01006056066236427,0.00650957533184382,-0.0001639840905617307,0.0050660368029336045,0.01660964816675481,0.020463785795779232
2020-09-29,-0.0006908757968761003,-0.0010932320825499664,0.008432402483858015,0.000838411132988437,0.0007373584805208111,-0.001259511733025076,-0.005446091721539648,-0.007188995900858419
2020-09-30,0.01613261704167157,-0.004846897906737535,-0.006004867330144381,0.004069675210729429,-0.0027016072208179143,-0.00014886036855299434,0.007581989007456658,0.0030488193728359647
2020-10-01,0.009299245087459607,0.005813227093189655,0.008920516455577454,0.003435276255385755,0.0005666793834300243,0.00278241787197131,0.006420095193631292,0.020010074791982246
2020-10-02,-0.01146052889435345,-0.002030747919332887,-0.0008953758525005462,0.0,-0.0009848635317241117,0.00014860949277095692,-0.00949467590509323,0.017258366095677102
2020-10-05,0.013412122405795035,0.01518241278596677,0.004872915921881216,0.0075148902941453155,-0.006327508608553911,-0.00333810512258248,0.017733633247393632,0.00573665426688863
2020-10-06,0.001794461584859075,-0.010638385578798593,-0.011760774579356315,-0.0022493861866399456,0.002315343861616803,-0.0008188437911617052,-0.014216395295079454,-0.006553280208888235
2020-10-07,0.010971706306810658,0.00857108365000725,-0.0004512229536247636,0.003559740958432034,-0.002887841988319262,0.0002979926140300737,0.01740678816943486,0.0014657617107187715
2020-10-08,0.008195115986662227,0.006953134803687311,0.0035549310375408982,0.0022469526734825163,0.0018204889801980428,0.002457530953565712,0.008862262549819144,0.016711555314147697
2020-10-09,0.006810113182108779,0.007825576472398454,0.018161347296547614,0.0022412399944313766,-0.0004955148286952538,0.0023023585676993363,0.008930059579815186,-0.003959244309100107
2020-10-12,0.008727780956561793,0.0057855287117203336,-0.002871682500567352,0.005061691489453679,0.0010742943496135915,0.005780872936929082,0.016087745108301466,0.004697966805069731
2020-10-13,-0.004109807455252357,-0.011201882607021041,-0.015728823528417535,-0.004450419448712051,0.0022287477999611838,-0.0009578135641286067,-0.006526043110488433,-0.017144645517211177
2020-10-14,-0.006733291598185143,-0.0016840087805231052,0.003094772946095059,-0.0024706268759693284,0.00032934504545800714,0.0009587318504993281,-0.006283372817695976,-0.01219800287406525
2020-10-15,-0.007216222376373094,-0.01180794614865599,0.003646120384284801,-0.0007079134501101203,-0.0010703294550327147,-0.0010314059207624515,-0.001235800789330166,0.005186737839811606
2020-10-16,0.003524293120301669,0.0046553991147089135,-0.0034652086045857677,-0.0011802412835395515,-0.0005766168801685234,-0.0016968784608191179,-0.0006041801936795821,-0.007125523056089156
2020-10-19,-0.0028534915565414654,-0.0037071885133561633,0.0005047466985432791,-0.003544354410358719,-0.0016499220807120185,-0.0019207946826790279,-0.015203733526706786,-0.015590546359740887
2020-10-20,0.011005784361953541,0.004961357770099983,0.0048209014703402,0.003556961542690029,-0.0021477325422156746,-0.002072641909477757,0.004005797346492201,0.007164722345926577
2020-10-21,0.002830505339995737,-0.004782450603330712,0.007531414803434444,-0.00011766563189763435,-0.0013250234872165256,-0.0016320617429980144,-0.0018930185927991117,-0.0029951711935292114
2020-10-22,-0.0002172184263612431,0.0007749280386011304,-0.009800687777642758,0.001772693171725015,-0.003481551154671303,-0.0022293235553498825,0.005485277253135523,-0.0001249602872871458
2020-10-23,0.005863429932073672,0.00650582760038243,-0.001062475196895396,0.00117919273814171,0.0014143721435702084,0.0025321602631085405,0.0033952528715837094,0.0060089701485104285
2020-10-26,-0.012953555864442023,-0.018005588387486338,-0.0005037860400700644,-0.008836870085957682,0.0026582621882711432,0.002079793967167065,-0.01847978699916375,-0.014310719198299848
2020-10-27,0.004374485769137015,-0.007835794196680457,0.0026323226696718383,0.0004758661812840348,0.002236946210091295,0.004077060530605747,-0.0034479589559260893,-0.0160332885809924
2020-10-28,-0.025043478953417964,-0.029853241678745257,-0.01614344386479838,-0.008317824346466551,-8.265407743124342e-05,-0.004946563344835231,-0.03417857314681905,-0.023864662311475104
2020-10-29,0.010051228629372133,0.004721789105276208,-0.004144728133141373,0.00287559404309623,-0.004216293162087159,-0.0025969370724445717,0.010163669134168885,0.013407081527884834
2020-10-30,-0.011278149881988497,-0.00518566691677369,0.004561020978312902,0.002150651392705205,-0.0032379410083387405,-0.005206835665876319,-0.010424698877430139,-0.006614947440909291
2020-11-02,0.012748876731644598,0.013031447791981066,0.009704919089013941,0.0023827890876249036,0.0017170427876629368,0.0039191077414042486,0.011208106184335431,0.023893347707252488
2020-11-03,0.004417089901404436,0.02621001760827335,0.005676996717700833,0.008599875537561807,-0.002246638986028504,0.0009701688886989412,0.017655935709215642,0.019255840967957072
2020-11-04,0.0314423763052607,0.01096829349652384,-0.0005588578456844351,0.009356257874771678,0.00842203713767109,0.01498897448058667,0.022349217213100347,0.0017513063955127972
2020-11-05,0.01705387145231141,0.024023651973649418,0.022983923404670703,0.00351965450420777,-0.00016503826710256853,0.003747063555645802,0.019503115627405254,0.004745660052995371
2020-11-06,0.004611071298173286,0.002118954034151077,0.0014213621387162423,-0.00350730998482196,-0.0033909192704265623,-0.003147358471429551,-0.00022862351305186213,-0.006836331890540115
2020-11-09,0.00688517829502433,0.02914959741685208,-0.04427097823171633,0.0076261612212797925,-0.007385748914263024,-0.007563178247417368,0.012565763142778241,0.035419360748019324
2020-11-10,-0.011396617461996716,0.008952314109243131,0.0033127817282887495,-0.0013973029952978333,-0.0028428384946617147,-0.0025895218312315116,-0.0014667366087905975,0.014625869512451928
2020-11-11,0.006497514051361231,0.008436253974302366,-0.004326595410341194,-0.0003501165786723437,0.0015926953527267695,0.0018544606171329026,0.007428546550170889,0.003812030383774312
2020-11-12,-0.007496786767575259,-0.014567869168883862,0.006060679556170845,-0.006765067204715258,0.005692819604520505,0.003998192492819186,-0.009700687784843787,-0.0130548754062777
2020-11-13,0.014058017630324882,0.015368840190111532,0.006819714153532219,0.003405785467030409,-0.0013317180025691489,0.0011801069862709124,0.013844561518333132,0.02669578455509103
2020-11-16,0.012414558641716145,0.010378941318206047,-5.650127239831271e-05,0.005618055533239241,-0.0007505105814528124,0.003240913850419247,0.012482269869612983,0.011243770025812783
2020-11-17,-0.001021942170619461,-0.0009987761943190954,-0.0036691725592956637,0.00034849982882501074,0.0025859407268100654,0.003230651742077262,-0.005378476535278676,0.0009265444060129191
2020-11-18,-0.0034779797130468637,-0.005284048100150596,-0.005722348480656891,-0.001860991706785442,-0.00033281866428180873,0.002122405005365424,-0.012034527773814196,-0.019440081772296947
2020-11-19,0.0016424033415467498,0.007035205952007573,-0.0018804594035273237,0.0033801968783373493,0.0010820207756252476,0.005550510401368225,0.00420989694029994,0.003894300884494495
2020-11-20,0.005533966408739044,0.002993931598368693,0.0030257979459697992,-0.001858481348534946,0.0017456956852335281,-0.000872192499979163,-0.006847470642593945,-0.005407222532349931
2020-11-23,0.002649920400331407,-0.0012793112975881815,-0.0196938167555728,0.0015127183746352912,-0.00199179325259613,0.0012359942392849987,0.005994309251813101,0.001891091018807911
2020-11-24,0.013417272939938885,0.014944612181189587,-0.015328336846880064,0.0030215292614059752,-0.001579952605845425,-0.0022503010431603743,0.016113645001198496,0.005308254395647305
2020-11-25,-0.005616734672738044,-0.0012622808809855668,-0.0004717367343725076,-0.00046378737158669914,0.000333179050953758,0.0005818535046546724,-0.0015416297275281376,0.0005867289592507152
2020-11-27,0.009481526477367552,0.006880184210845464,-0.010146901518740647,0.0016232583765314335,0.002997243625422419,0.0035635527760105035,0.0027852247933879415,-0.004456369067582178
2020-11-30,-0.026179129260266443,-0.02175424230637324,-0.006674981596057172,-0.001041549447639456,-0.0006637775648187239,0.0034781349169592524,-0.004427391487522581,-0.010483902791641686
2020-12-01,0.01970039137033952,0.023521102296725216,0.0210595460814611,0.002570429652447581,-0.005319933977318669,-0.0037917024691028756,0.010937564383390885,0.012857134602815457
2020-12-02,0.001408748857877784,0.00013914773982626194,0.00752153069206285,0.002784007627706808,-0.001671019258813522,-0.0033408656671291004,0.0021036261309537174,-0.007875035668252761
2020-12-03,0.011454853346413385,0.0016711953400012636,0.007873502810363364,0.0005785007833727374,0.002678447136990947,0.0039350858137545686,-0.0002725697714274222,0.008411521575896197
2020-12-04,0.010331869660448634,0.00848023285773336,-0.002835427586930339,0.00416278552666749,-0.003923541351662729,-0.0055167882550183345,0.008617677382026345,0.015272309166571851
2020-12-07,0.0,-0.008133403646586435,0.014914066598165077,-0.0004610433791912838,0.0031009245149622444,0.0008757992706225348,-0.002054890730966763,-0.008678615799928346
2020-12-08,0.00039334225845233384,0.0034744909049493344,0.003487910186290799,-0.0008061281431092082,0.0010025622598344164,-0.0011667562633276285,0.0029259277674380524,-0.003501659683602054
2020-12-09,-0.008649356940565678,0.001385224792175066,-0.017094017094017144,-0.0014987448591814445,-0.0014191020498477425,-0.0036506984588006164,-0.008968667842753852,-0.006208241574182871
2020-12-10,0.01288913833640204,0.0013831821711163261,-0.001913054093070632,0.0018469011857820128,0.002256874936957143,0.0049834201747880336,-0.0003272281338819738,-0.0043612848919617475
2020-12-11,-0.007047853241819002,-0.0030385955609423254,0.0018586706605219216,-0.0010374722167247885,0.002001519816132502,0.0010206424927010627,-0.001172628797239672,-0.0009471689933352456
2020-12-14,-0.005199261979316305,0.0006152700568256009,-0.005507636250083436,0.00023097402101845965,-0.0005825091076504529,-0.0007284924718677921,-0.004477061614517441,-0.004384429147415214
2020-12-15,0.010813213841541991,0.010205608101155894,0.013990959829817351,0.0031144534565672455,-0.0009994536762628625,0.0019685966145703837,0.013519012749386272,0.02047156084551216
2020-12-16,0.004754196223533347,0.003874829076990993,0.005519095329445722,-0.001494662952080339,-0.0008338959730653794,-0.0008005008191386276,0.0015696250055481364,0.001166007760361687
2020-12-17,0.0065062160284963255,0.0070307989240179225,0.010520363984510617,0.0014919090612857122,-0.0007258510379802852,0.0014591547224911405,0.005591986914135427,0.009669309311133745
2020-12-18,-0.001175109755555015,-0.005201940788886694,-0.0016974258370123785,0.0008073783272317669,-0.0008354940726081894,-0.000728275119169175,-0.003992863900718846,-0.02007599569346752
2020-12-21,-0.014708730906192291,-0.012797608666404225,-0.003173869592184575,-0.0035760865441162304,0.0006688653189259597,-0.0019686993089169658,-0.0035756766388265193,-0.005652008608892145
2020-12-22,-0.007961941192025868,-0.002509025861844316,-0.007903112071065643,0.001274048452870602,0.0016712675604066973,0.0027759534064197844,-0.0016851201062408894,0.00698661827864222
2020-12-23,0.010232787042862013,0.010760045297064424,0.00664787877129025,0.004509410162733207,-0.0020856727225238014,0.00021850077575624738,0.0008985294455885473,-0.006467678004668631
2020-12-24,-0.0043693514116688315,0.00041503116206920154,0.003985267471422693,0.0020717956702167584,0.0014209640645685973,0.00342309154583309,0.0038906090772115043,0.008755100374238545
2020-12-28,0.002792729893470902,0.008153305156868518,-0.003629142996869339,0.001264214294004029,8.359795547940863e-05,0.000653123429500635,0.008590617656057287,0.005960749475783844
2020-12-29,0.014919570873212162,0.0064427780357949604,0.003642361648136694,-0.0012626180741867055,-0.00016718193489073663,0.0004354716905632383,-0.0019077492876737878,-0.008532560725024063
2020-12-30,0.013327989682079489,0.001362117786752881,0.007655178894261816,0.0020683386455599972,0.0006681742661172052,0.001305098154455342,0.0014265349119269022,0.005498381429570154
2020-12-31,-0.0005802093838219724,-0.007616966531596492,0.003714145601823482,0.0008024645830471133,0.0006672848759767813,0.00021718755901845022,0.0050811360504881,0.009629368678169437
2021-01-04,0.00638642544321999,0.0052082964972497425,0.022258360658879317,-0.002062061263091386,0.00025040639363127504,-0.00506724322638441,-0.013614109545268982,-0.032497403191909746
2021-01-05,0.02403868465157233,0.010362621389812698,0.0029616260665272787,0.0003444656694542303,-0.002333835103206283,-0.0032020835866285458,0.006887459759505665,0.0014599037680860238
2021-01-06,-0.00845094266988411,0.011471019407461869,-0.01624105266038789,-0.0018360066025009392,-0.005847940670599794,-0.008102286305254891,0.005978355776470545,0.0017015728109834871
2021-01-07,0.009469703461796986,0.0010676187102263146,-0.00233462025122122,0.0028739706114471186,-0.0035294339132083685,-0.00014761753718439685,0.014857552507073324,-0.0019411565061410174
2021-01-08,0.02645415037316412,0.009329619696496483,-0.03420993723985433,0.0014903563307571144,-0.002867465575328687,-0.000736055955444681,0.0056978656519866,0.00972397654560564
2021-01-11,-0.01352572006396402,-0.013072875972943598,-0.0019614419353504164,-0.0053792247587847175,-0.001945050161130113,-0.004272048032362474,-0.006740978516848517,-0.013241564778337378
2021-01-12,0.00982013571363849,0.004549067905591286,0.006473960214956609,0.001265804071790111,-0.00016935675273843653,0.002145084260558816,0.0002111576830630124,0.0023178020221150675
2021-01-13,0.0022019183130055353,-0.0013317603810389933,-0.004307374345463466,0.002987881927637437,0.003474765547136771,0.007750387024187511,0.0026931021114087184,0.012171300613957214
2021-01-14,0.009337197737720349,0.008002002779599282,-0.0005190998467168306,-0.0002294060385604757,-0.002280243573002383,-0.004321249260990867,-0.0035020052935075263,0.005892410517138513
2021-01-15,-0.014148365037432331,-0.015612667525516155,-0.012407628760563338,-0.0016043260735025822,0.0027086040794273014,0.0015448593103397634,-0.007292710667477054,0.011476401203556419
2021-01-19,0.016559330040580855,0.007258269504146764,0.00847307255811236,0.00286965695547603,0.0005913317935781759,0.0017630664455665634,0.007852005297772191,-0.002836270208369851
2021-01-20,0.01755647171192587,0.006804967413601926,0.016282289539807593,0.0018317110475234433,0.00042175666694932445,-0.00029387758471421943,0.013838582106484365,0.019081994561989113
2021-01-21,0.001778742819895207,0.0007954979376145754,-0.0006271772092728556,-0.0005715245944047931,-0.0014338909077873385,-0.003960187424053241,0.0009118685197062604,-0.004768536699213954
2021-01-22,-0.008700180473635633,-0.004767575237238364,-0.007873145210082533,-0.0019432608714042843,0.0015203119601165938,-0.0007366574363989464,-0.0035395412718244312,0.0023371886968199806
2021-01-25,0.007522735777172107,-0.001197467952478548,0.0008626173693986328,0.00022920948157345578,0.004047936311931011,0.00427407597762719,0.003943884476846682,0.007578670392265785
2021-01-26,-0.007288833321650423,0.001465326623590002,-0.0024705999829396363,-0.0014893436718783626,-0.00033639570189969437,-7.311028500622818e-05,-0.0015610107948894614,0.007058674349960992
2021-01-27,-0.027757824596669645,-0.022881444214621016,-0.006335623059913753,-0.002866553838617225,0.0011766279650429201,-0.001761384454790793,-0.02444043478968294,-0.017695294108151294
2021-01-28,0.006999368095514713,0.006398857604804409,0.0009273614616172043,0.0029902875941247853,-0.002601887957189075,-0.0016169685904626752,0.008600180653565603,0.005380903669718329
2021-01-29,-0.024876554829014963,-0.020697892625299974,-0.0004053281700162614,-0.0026380478799267193,-0.0017667586516635359,-0.0015467077058857193,-0.020019681559777958,-0.011518330426716905
2021-02-01,0.027011790877135677,0.011880048371827767,0.009385291185094458,0.0032085839547169037,0.0012483168248254017,0.0019731526972774915,0.01664576953402319,0.022834369025989565
2021-02-02,0.01296803001739133,0.010102346476423163,-0.012167796413785958,0.002415585835222389,-0.002526991525606981,-0.002654598751915982,0.014140218328297482,0.005983814739828119
2021-02-03,0.005048901202174383,0.002432605527662224,-0.0015106298641213156,0.0008038816638247237,-0.0024493181196704183,-0.002366793195654804,0.0007864441492000385,-0.0025166830695690923
2021-02-04,0.0003585645912596025,0.0010790293654536764,-0.021530474690833024,0.0020633336464399576,-0.00033825056508074436,0.0017047194648995845,0.011365559262910496,0.006881144857524335
2021-02-05,0.008608416400389896,0.006195003274870103,0.009872160109213546,0.0014879827727238837,-0.002117273193142033,-0.00266350782282887,0.00393578258433025,0.0035306144284650287
2021-02-08,0.0017781101507285957,0.0069604203491904215,0.010070118005137685,0.0029702569488123665,0.00042402266380858755,0.004303072454167722,0.007221885685773977,0.005447528144375102
2021-02-09,0.010649648034237957,0.00545005180139424,0.0032649110578624185,-0.0018230475059722862,0.0007634578017279292,-0.0015513084478870898,-0.0006658903556655549,0.003499342875445066
2021-02-10,0.003512576952324764,-0.0034377189827650145,0.0036611162023989507,-0.00022812183622655802,0.002543368002531299,0.0023677099725010198,-0.00043557630990398444,0.005399225346859771
2021-02-11,0.010675433824776537,0.006765788706807996,-0.008685078696598514,0.0004566984524270179,-0.0007610148500776237,-0.002657571868233677,0.0016152498594628195,0.0021258558647299086
2021-02-12,0.0008656595089013841,0.005534409605716606,-0.0030372306060941767,0.0015975396510672368,-0.0033001427119097038,-0.0032560286110858705,0.004939382598625475,0.00022293636682935158
2021-02-16,0.0024222124538804124,0.007207390606428499,-0.014353488272303538,-0.0015949915887611965,-0.007216243286280788,-0.007053985728233014,-0.0008656825909740817,-0.007701403778347382
2021-02-17,0.00034524734160656934,-0.005854897618500998,-0.011352850687983307,-0.0003416372368698628,0.0006837813806541693,0.005009900352323626,0.00022938431507246726,-0.001237182002188808
2021-02-18,-0.013802673962784562,-0.0049729587813348575,-6.0088418961767864e-05,-0.0013697041864396686,-8.522521462461796e-05,-0.0019342514734524974,-0.0042559542904545555,-0.00428027922817209
2021-02-19,0.006473026956006045,0.002893620912560957,0.004148551901348441,0.00011387918015892673,-0.004016590006593934,-0.0072310632286827214,-0.0017661171650000806,0.005768897469460965
2021-02-22,-0.029375918378995336,-0.002491815050050028,0.014969164015496528,-0.0030857392690748497,-0.0016302000926531335,-0.006233004062009884,-0.007691685422798744,0.008321898758430146
2021-02-23,0.004476963928078392,0.0009201612799560888,-0.0023007456922117253,0.002407748180836,0.0007734209101253331,0.0007557733492185026,0.0012145091296660304,0.006245877674771361
2021-02-24,-0.006418115990742268,0.00315249897170089,-0.0007095264939214196,0.0010293633206346353,-0.0013741950011737503,0.0015104051744598834,0.011019356412453662,0.007648039249781968
2021-02-25,-0.022788481746806144,-0.017022284178695446,-0.018816524708764826,-0.009483099593837196,-0.013329967571949375,-0.015832724653892738,-0.02409578920576161,-0.019139766024996452
2021-02-26,-0.013404234510366986,-0.014120107985241215,-0.024182906697045592,-0.0029984692311444405,0.008978011507743577,0.013252828148907714,-0.005152692163671646,-0.014578660769814067
2021-03-01,0.026800559587458528,0.01878111606251953,-0.0017304170540851649,0.011226782982702632,-0.0011241908268444512,0.0009772486878110165,0.024240113222086634,0.004438185492234847
2021-03-02,-0.009787908471640128,-0.0010609467789882698,0.005447934683729505,-0.001492554623035991,0.0018172143347867653,-0.0011353447005943984,-0.007803071116826099,-0.009630706539041078
2021-03-03,-0.002013674496869289,-0.006107298698504682,-0.011021541189334294,-0.00321940300083412,-0.005355049727862604,-0.007425086615862386,-0.013245677849687443,-0.005719814080594077
2021-03-04,-0.023294008738997785,-0.009484375332558082,-0.009836893780889033,-0.003806765598081685,-0.004950405319427698,-0.008168113151667211,-0.012374732459700777,-0.0113913117041059
2021-03-05,0.0108919718351006,0.0064733575893989315,0.0006288110395962221,0.003010924348103794,-0.001396507473202191,-0.0013082569344413653,0.018396480297032225,0.010940134268455415
2021-03-08,-0.026936577605759182,-0.0034835768903648257,-0.010368190918767173,-0.007273247712128006,-0.003932585442083303,-0.009325052910833964,-0.0049788807079338415,0.00863475021679072
2021-03-09,0.02195473161141903,0.013446263484683474,0.02127113294736649,0.0013954175484436337,0.004738137584465507,0.007545934358003548,0.014277464665160444,0.006620483215736606
2021-03-10,-0.004483315444455016,0.00424541502864062,0.005098279923459348,0.003136025366897499,0.002095693691216649,0.004709438869244131,0.0062245913931422425,0.009978411049872182
2021-03-11,0.03152551295388739,0.0052847681572669725,-0.000866011298261804,0.003703957010143588,-0.0003486674299225667,0.0006151011865147549,0.010139419977394093,0.011676062505073581
2021-03-12,-0.0178278504268623,0.0024970550621581378,-0.00018572795011984056,-0.0027685694810317685,-0.007235445169769039,-0.011519921806881106,0.0013466985965771006,0.01675712577235311
2021-03-15,0.0024078114393193406,0.000786604556396231,0.004396503999798185,0.00011671485333986098,0.0012293481356271396,0.003418274001043775,0.005963627070928679,0.014844296355981834
2021-03-16,0.004249870132682743,0.0017030098365686808,0.0009248406787658592,-0.0023138467841435917,-0.00017568254218924828,-0.0006967513227964517,-0.0012613840867286008,-0.004087092728673802
2021-03-17,0.0012877857933806247,0.005884520067175991,0.00714498527693741,0.0013910074520200322,-0.0016667561395740105,0.0009297219008552737,0.003409805962739876,0.0008638812085961511
2021-03-18,-0.018375530185955835,-0.009100265571036603,-0.005810023730399405,-0.00763938232037098,-0.006238488166322553,-0.005728381601993848,-0.014549753603290805,-0.010142575523351072
2021-03-19,0.012354988665780775,0.0027550453936366903,0.004183119739068708,0.003849393419718794,-0.0006185224725792082,0.001479050375451818,-0.001850252225839455,-0.013625282326520605
2021-03-22,-0.002958638818966852,0.0009160622164252619,-0.0014702614866924923,0.003602014880408344,0.0032733908051958416,0.003576369446351757,0.007984988195278042,0.00707240515804286
2021-03-23,-0.019102166143459054,-0.013856339445554755,-0.007300628474884996,0.0010414861402365805,0.00493805131259073,0.002943712740774096,-0.007870833092044394,-0.0014263361803872332
2021-03-24,-0.022877746059145276,-0.005037019845858137,0.0034608341081703298,0.0005786177208551013,0.0013165670543160424,0.003012153844088594,-0.005083717972871105,-0.005604395084122582
2021-03-25,0.004643888241831373,0.00746056827705055,-0.003633653726877295,0.0017340237347300835,-0.0013148359845769342,-0.0011550470815524516,0.005625862517144586,0.010182069149967887
2021-03-26,0.026001446659714267,0.012959550092488614,0.0028434090575977233,0.0030000301415902264,-0.003334139130832914,-0.0006939593264768673,0.016114961416526796,0.02156668512320037
2021-03-29,-0.006945472483526172,-0.0039163560515784734,-0.011896005111092234,0.0005754380231415279,-0.00343366901760378,-0.0023913635241656905,-0.0005051403365230467,-0.005816341964118399
2021-03-30,0.0032133787080077525,-0.0013107033815482616,-0.017091823816998808,-0.0024143469390388583,-0.000883681842033579,0.003093201734418738,-0.0026528718324622114,0.0012999924841348154
2021-03-31,0.005087569449119034,-0.004330570119559174,0.015167857324082767,0.004840733049819468,-0.001414750472613191,0.0026213839896025437,0.004053172672591865,-0.006059292606302891
2021-04-01,0.009748936133771924,0.013048455216181365,0.012628087827510459,0.002117807938286198,0.004430148724407612,0.0062714094846059165,0.010799103221150075,0.01817992722028161
2021-04-05,0.003898904824669591,0.01457228647244091,-0.0003704010382533651,0.000459105238810098,-0.0028227274311426465,-0.004900074888139039,0.014353183530644742,0.0038489881684009575
2021-04-06,0.0055483344755382635,-0.010643986367115943,0.00802867506459215,0.0017222262561464863,0.004865481873718824,0.0066933294815116895,-0.0005907490694976314,0.0025561535076596975
2021-04-07,-0.014713973685950066,0.0020738795840318236,-0.002818323186048577,-0.00034436581975205716,-0.0006164839066421512,-0.0019871638014153925,0.0011572716620815715,0.0007437016100575455
2021-04-08,0.008213595638121074,0.005691307100134768,0.01075202788807239,0.0003444844484215004,0.0034360028508266804,0.0036762773338940846,0.004747007418619109,-0.003715448097156182
2021-04-09,-0.008517051096721517,0.0030868132608967702,-0.00753747660190629,-0.0006877993462526266,-0.0026342076419798577,-0.0020603227549604863,0.007270021547605809,-0.0011721605615893083
2021-04-12,-0.005975762829353415,-0.005513651801861363,-0.006063609158189043,-0.0010321758759588295,-0.0006160643825010581,-0.00022917554418855346,0.0003644559734317099,0.005867084665655442
2021-04-13,0.004133029922268827,0.005802056147198531,0.007086479573175097,0.0006888671549867276,0.004139882924652616,0.004435499113114139,0.0029640851182490824,0.004984755197325219
2021-04-14,0.005051641908585092,0.0007691603375532541,-0.004344315528953313,-0.00045916194312756176,-0.0012281154242443915,-0.0013705020748184804,-0.0034153740391582588,-0.005276346109437835
2021-04-15,0.009121260373090356,0.00832601155613566,0.016162763416190717,0.004017061687263901,0.006410554443762928,0.006175545417512973,0.010742304438992267,0.01750474544977676
2021-04-16,0.0025826207722392525,0.0072406576231087705,0.006047777218550321,-0.0020572797456402947,-0.002704572847470721,-0.006819586662465182,0.0033425257451993318,0.00218940620985153
2021-04-19,-0.003679807071578889,-0.0017656969776268516,-0.0027652942409929215,-0.0016032756958593852,-0.0010500250558342916,-0.00259402717008117,-0.004913041389227435,0.0019769236522102496
2021-04-20,-0.008125698565208284,-0.01794040019599419,0.0035565515706876827,-0.0017213539357566754,0.002978043346017367,0.0019120041501661245,-0.007321330724996855,0.00820273709464292
2021-04-21,0.006144179781685022,0.010292023501265568,0.009911155680072392,0.003332941424238234,0.0005239266931773567,0.0034359225647180303,0.009461888615189817,0.006590714943019993
2021-04-22,-0.003515914314749513,-0.00331091893130675,-0.006483147356353358,-0.0018328642163867315,0.0007852470751108509,0.0009890859239569672,-0.00913298309313959,-0.005422433347093358
2021-04-23,0.014484667762509451,0.010220902137542565,-0.003831414124593202,0.0026391062211370553,-0.0013078724098660732,0.0008361246095751618,0.010842431466030922,0.005863791375621208
2021-04-26,0.001281343173266336,0.000758734636253422,0.002644245538133694,-0.00045741266909715694,-0.001048393676109094,-0.0004554293983856095,0.002087733381378243,0.002965752006641731
2021-04-27,-0.0005484668374513557,-0.003285471780614002,-0.002517371003141977,-0.0013743797358927168,-0.0039337286635861,-0.004482956982915565,-0.0002157199268183474,-0.00010216462728285247
2021-04-28,0.00749964293044858,0.0025356431702345805,0.002944390689552989,0.0019494941214921457,0.0013163696185924945,0.00015239681539780392,-0.0002874009406319544,-0.0021413083061396776
2021-04-29,-0.002360318607414369,0.0003796535466751294,-0.004133978948338446,0.0011442150919549476,-0.0017528004446067946,-0.0012209103258268295,0.006372827019028637,0.008584469845299925
2021-04-30,-0.017652557565415394,-0.012515915420662105,-0.0033690142851713345,-0.0004570699491387442,0.0008779390743032245,0.0020626577081277464,-0.006570640822697205,0.003951841204747453
2021-05-03,0.0,0.01101012999644424,0.012978352341882271,0.00039029200959683763,0.0017031639414311073,0.0024068493412718883,0.002156918404489616,-0.0019176752043703615
2021-05-04,-0.011300219806327116,-0.014815835503208974,-0.007329692780131181,-0.000573933224723544,0.001314174265018675,0.0006093655008325705,-0.006169346436869172,-0.0064716066720006404
2021-05-05,0.004684079764681659,0.01362475087247006,0.004142168530566259,0.001951469965077779,0.0012254063564824946,0.0012191940288772685,0.00031291227374352637,-0.016590761716458347
2021-05-06,0.00951157692449267,0.008242488333540132,0.01667957921247054,-0.00034374729361408285,0.00043723081795521423,0.0019016574854007207,0.007985434353418253,0.005588986978883215
2021-05-07,0.010345351362686106,0.011319174886062378,0.00899681760120985,0.0006877309928956521,0.0003495237401400786,0.0003795954746226293,0.00727812699505348,0.013174252742783166
2021-05-10,-0.01791920335632946,-0.005347376844666019,0.0030305045955998366,-0.0022906290433147847,-0.002009232874055522,-0.005388973399825581,-0.009902463066955747,-0.0003046797523514888
2021-05-11,-0.0027928016978411296,-0.013128420987816192,0.000174300035968189,-0.0010331380002277513,-0.0016627091421637097,-0.0036626412228977223,-0.008924773416194243,-0.012600421912781656
2021-05-12,-0.02763259111600036,-0.015963293176882387,-0.009933813872024522,-0.004824627947072169,-0.004821439411865969,-0.005438303430696734,-0.02124535953977391,-0.025316598831646275
2021-05-13,-0.0013440819065839715,0.007467218298589318,0.004107329913244362,0.0035781846568865294,0.0033473279303746217,0.003773479682010361,0.012012599965949056,0.012987284954871114
2021-05-14,0.01807366424430068,0.016741210361303605,0.009115862292308208,0.0032212656227885716,0.0021952078584532853,0.005447127259338158,0.01535548789660246,0.011882338382698698
2021-05-17,-0.0009442142098297079,-0.001885211038270218,0.011639321781340195,-0.001834397752749406,-0.0009641997977354322,-0.0011442928332793256,-0.002544711749270734,0.0010301464592024079
2021-05-18,0.013421540023577982,0.0021407144089984342,0.001946172546249958,-0.0024129085543167506,0.0,-0.0032846423893861942,-0.008615595076964966,0.00020581726990864802
2021-05-19,-0.002984817884953528,-0.008796084369969037,0.000685616890880425,-0.002647956572065069,-0.0029811305819618106,-0.0017628425325747488,-0.0026218046929262773,-0.0031893196303331983
2021-05-20,0.005799979554145018,0.013184452766594745,0.004567270124640199,0.004271569501059336,0.004133936272515459,0.00683284039991916,0.010758049959826765,0.011250038201693124
2021-05-21,-0.011532666764565769,0.0013763889765185944,0.0004545724551812125,0.0014947026493685733,0.0003501487784169921,0.0006865401782165659,-0.0008185765524083566,-0.0010208738383544746
2021-05-24,0.008279895231396939,0.006122513156757714,0.001761036294059215,0.0011479747210545455,0.0009631521229716,0.0027437801219263314,0.010194128499672495,0.012464115888556115
2021-05-25,0.009891776846738809,0.00024869443852004736,0.009072814229376336,0.00011481691350745393,0.003673515871309929,0.003723865754929667,-0.0022188042152825327,-0.0003025566791078349
2021-05-26,0.007392416386151401,-0.0006209071021139323,-0.0017420486873281904,0.00034383020574502154,-0.0011329083034781195,-0.0005299165333887412,0.001984532287322871,0.004441316034886844
2021-05-27,0.00018324869741648264,0.0018635411871394947,0.00039409662496781017,-0.000458476299841859,-0.0017449482468941957,-0.0030304252551984767,0.0005249919543184323,-0.0023114784057555182
2021-05-28,0.006419801017942595,0.002356162181374133,0.003770176937892389,-0.0003437534718171431,-8.739220052400576e-05,0.0008357303290045248,0.00178861441799949,0.006043538878621302
2021-06-01,0.020594099622587514,0.0035877587472479266,-0.0026909461441234628,0.0030038202539255376,-0.00018352421936773666,0.0001293254413248235,-0.0008805830768637835,0.018021795008409613
2021-06-02,0.0016070498423230717,0.003328301004114742,0.004890446350902078,0.0012623024066733546,0.0011374875748981772,0.001597421965721546,0.0015724116074637973,0.01170333278081559
2021-06-03,-0.010697116077173496,-0.004914492458305109,-0.019578228541437537,-0.002063139500318112,-0.0025345714183896417,-0.003949125154279254,-0.0037113907922811107,-0.003694046086596736
2021-06-04,0.009010793755324542,0.00851965848040237,0.010783359066451448,0.002182009343978608,0.005519561089105007,0.007090684078336018,0.009145910741555907,0.0004878847850540158
2021-06-07,-0.005000877016030469,0.003305703419018924,0.0040076283608136976,0.0003441066214309174,-0.0007839057301255448,-0.0008328340572163473,-0.0009702074380399939,0.011800418577184502
2021-06-08,-0.004846632624133207,-0.0004881570816358538,-0.0030920774052216604,0.0006869351688012504,0.0028774739187076293,0.0037886047918231913,0.00021322461257589076,0.008288896423932046
2021-06-09,-0.0028860605374710913,-0.0026861199635941357,-0.0019175027218333307,0.0008015101505733924,0.0031299999877205664,0.0036231929789574124,-0.0014920213743911948,0.001338214901077217
2021-06-10,0.008012607889612777,0.0027547485834786833,0.004294325821970535,0.0018297967814153715,0.0035540244771252727,0.00451260611999027,0.004648624971477222,0.007159935509466697
2021-06-11,-0.003424730365800821,0.0023514267315123405,-0.011252390785353672,0.0003427341513131399,-0.0014685220324046622,0.0008233893775535517,0.0016522870673620904,-0.003980865578553372
2021-06-14,0.0027129605343820806,0.0017283683281243967,-0.005860923791407013,-0.0009131450463062407,-0.00311375616152898,-0.0036654396411368584,0.0022390215103100797,0.0039018701630373354
2021-06-15,-0.006854171005325149,0.0012322929431967111,-0.0037777095572453234,-0.00011434841882440594,0.00017293110487592855,0.0007509632048257053,-0.0018339897272541261,-0.010712094411476136
2021-06-16,-0.013621543242941181,-0.006154540911438411,-0.016891711518855712,-0.0013707223492136489,-0.006852952272758728,-0.0028516024337038592,-0.005583464259083737,-0.006515803093297801
2021-06-17,0.005523908205938177,-0.006935736919835511,-0.030740427140865334,0.0006863019039649032,0.00358149990150336,0.005567970997564675,-0.0003315386115594343,-0.001253761396453057
2021-06-18,-0.006958501736031075,-0.020703590373276515,-0.005547261946798776,-0.00045718231804947607,0.005657231698659171,0.005237955715250431,-0.013490457534504952,-0.016996664279191553
2021-06-21,0.004241193670496912,0.013117752681346628,0.012247646651096789,0.0019441735217615719,-0.00320219732906013,-0.0058057755842788605,0.014315828506264783,0.020630519644883938
2021-06-22,-0.004590564923338092,0.00012573724687525711,-0.0041928539145718036,0.0006849288215973193,0.0018238591089914102,0.0016471265289617065,0.005346238558972649,-0.005197791601827206
2021-06-23,0.006087642679743599,-0.006410334122684325,-0.0006616578066259704,-0.0010262291069732532,-0.0019933514153008813,-0.0015697001008274647,-0.0012053410677659304,-0.0017414997710615276
2021-06-24,0.009167582674978192,0.009614101691729049,-0.0006019387497473438,0.0030825420890878696,-0.00017423101115765505,0.0019466227948006232,0.005915686249815533,-0.0021574542689462017
2021-06-25,0.008357320487661912,0.002130234219459348,0.0033124733437563947,0.0010249313722603404,-0.002084389883947102,-0.0026152585160413855,0.0035522416559727876,0.006750199736410334
2021-06-28,0.0009009242319937272,-0.006376559594524656,-5.999463986816611e-05,-0.00011384124602742407,0.0031334227638484258,0.004270438460448389,0.002015789856375738,-0.0029151561706849405
2021-06-29,-0.0007199979547795055,0.00025150286446917747,-0.010505462725200698,0.0012509027340403822,0.0005204782058176871,0.0011937013042633282,0.0005381277447285004,-0.0027287792227124186
2021-06-30,-0.006485346156809957,-0.0076737396701063165,0.004853503869870712,0.00011371196472476086,0.0015611581703915967,0.001117245892316543,0.0008418372098917271,-0.0052770584435690715
2021-07-01,-0.005621038693701563,0.00240850691026262,0.0034413575356286863,0.001960304465595586,-0.0007189469853216002,-0.0008720708741326577,0.005536409937055398,0.0043226126532498466
2021-07-02,-0.0010940575790048257,0.0034149502875402415,0.006558341503640763,0.0015927944771827462,0.0036410687963686073,0.002835648832949511,0.007643559489438179,0.003032404281741563
2021-07-06,-0.017524720208104916,-0.006554290990573919,0.004961455343207799,-0.0005677382239762663,0.005270291422120543,0.0036469307334339174,-0.0018213368867207036,0.007314322832510101
2021-07-07,-0.0011147125555472925,0.005455530385442664,0.003806801143447114,0.0003404246362654906,0.0029218208256145406,0.0034108454006769318,0.003533850867194488,0.0034852814976182867
2021-07-08,-0.020833423117434857,-0.012870706271174481,-0.0006518168637834609,-0.002158033408580118,0.0025709888454683583,0.0005171268904133886,-0.008148048943006803,-0.002798005117886526
2021-07-09,0.017287289752868418,0.0170012325822273,0.003320562334123478,0.0017069428395897202,-0.005042997638856073,-0.00420979993759607,0.010674873569276766,0.01644735900500227
2021-07-12,0.0009337309047463549,0.004273406413409786,-0.001241101031467462,-0.00034057802394271697,-0.0005151756313970246,-0.0005195261074592006,0.00358188562706907,0.00856667353399243
2021-07-13,0.000932859864660962,-0.0052566020771563915,0.001301782371024407,-0.002955924351499717,-0.0030946181391322547,-0.0037107555279088933,-0.003408934198575464,-0.013967486102058113
2021-07-14,0.0042868841577619055,0.0022649268929870736,0.010755182911599048,0.0015967234972136257,0.004310932878026863,0.004619132403732795,0.0014921625112347403,0.006986831628092105
2021-07-15,0.0024128794137612264,-0.009540704021690272,0.00017547964957964624,-0.0006827771358358659,0.004206788924553173,0.0021495201426249277,-0.0034154983025799224,0.001616017138622361
2021-07-16,-0.007776252378592696,-0.00735102942596344,-0.00970365108457183,-0.001366945984647816,-0.00017154188709800344,-0.0014058604479243453,-0.00784346919076473,-0.0006643503895557012
2021-07-19,-0.01679436970815107,-0.018130760363737286,0.0011805498135817327,-0.006730055605897345,0.008550511199572286,0.007187381172952367,-0.014767970019555321,-0.018231825242220667
2021-07-20,0.0032265348453792697,0.007281956766756803,-0.001297100524211059,0.005052694666438207,-0.0012720245087739501,-0.0013980660347984175,0.014330483084946666,0.023599922985893862
2021-07-21,0.00643207209959562,0.015233982187916828,-0.0037192566567244567,0.002399881472565424,-0.005771868993173834,-0.0035360886638202693,0.008096042036002116,-9.461597533522159e-05
2021-07-22,0.001879586461944971,0.00038146313997433623,0.001955450591350383,0.0005697591141089475,0.0023052067882167737,0.0041400536031312996,0.0020944482394245068,-0.007937921853089835
2021-07-23,-0.014821568204763436,0.006990975519382214,-0.0031344183025339145,0.0019368807182882364,-0.0015333201098749472,-0.00044207500011261835,0.01028786573519036,0.008287318606742033
2021-07-26,-0.019044236339825216,0.0013887587761292064,-0.0023730060647713103,-0.0014785838287320052,-0.0006824301587023962,-0.002209167183309102,0.0024548758111606617,0.0004722917101405155
2021-07-27,-0.02019009567087604,-0.004033736995979864,0.0016650735799190741,-0.0013667089106050856,0.00426838354805259,0.004281302321913927,-0.004557600059822309,0.005665610834445056
2021-07-28,0.02714480801384389,0.004302928032432263,0.005046252863966982,0.0007986249462330619,0.0008499733970923629,0.0017638730101394717,-0.0004100374916921057,-0.0034740800051533682
2021-07-29,0.005015412716929513,0.006931517792718944,0.011105233370970247,0.002164786687129716,-0.003057560316638397,-0.0028614763775804963,0.004147296359065411,0.0001883485922991035
2021-07-30,-0.009596847738239989,-0.005131415610797108,-0.007886842666167015,-0.0013645333271985471,0.0028114409331763124,0.0008095303659514386,-0.004856344083886133,0.0013190628800341386
2021-08-02,0.007170428128672635,0.0050321630380378846,-0.0012366429443513294,-0.002478128981673766,0.004386494718851219,0.0028949086925047496,-0.0020980209755931956,-0.0021639659353470675
2021-08-03,0.004233188974291258,0.007134844366491144,-0.0007074766626713469,0.001144825609992406,0.00025411536703368043,0.0010282799066683168,0.00813535793388609,0.0012258584474349465
2021-08-04,0.0051735718049708,-0.00298289778630223,0.0002359625041987723,-0.0018296952317405912,-0.00025405080881912845,0.00021954214360331292,-0.0049187862908149915,-0.003107910897905408
2021-08-05,-0.0015249779546386844,0.004861794385206952,-0.0039520921003340925,0.0022911102347447088,-0.0036393856734888708,-0.004107517413379447,0.006332845241596496,0.0117140363711572
2021-08-06,-0.008400106942620611,-0.003721738941611541,-0.024991124040327772,-0.0011426497429238847,-0.005861284603388195,-0.008175632773538832,0.0016523355842941179,-0.0017742276343033492
2021-08-09,0.003272959286507726,-0.0004981893929251191,-0.017735654639032372,-0.002288717674977958,-0.0021360610398706292,-0.004306921475269565,-0.000813330353139019,-0.005331710928230149
2021-08-10,0.0013431327490722733,0.0022423021413684463,0.00030919522248562537,-0.0022943132409799505,-0.0018841409918080032,-0.0022377778204235588,0.0012438825945575438,-0.009497776319794649
2021-08-11,0.0026830734499065922,0.006836853111563013,0.01378497662510525,0.0016090894459677152,0.0011153305312430195,0.001570241352654822,0.002484674545694565,0.005886137267185898
2021-08-12,-0.00879196485608591,-0.0008644046754590073,0.0002438615008097944,0.0017222667481571197,-0.0010285748301031017,0.0014178126311390482,0.0029970136550161453,0.0021709105319049904
2021-08-13,-0.002506697778322353,0.006054743408343333,0.014325811995228088,0.0021769592345639577,0.005747755729342385,0.00670736460176391,0.0018199185163010334,0.005462497618451412
2021-08-16,-0.009085655223001421,-0.005158358354756976,0.004988291568599701,0.00034295354947166956,0.0022179487459028646,0.0005922180370989683,0.002354735076560699,-0.001217560866784817
2021-08-17,-0.018337922487227987,-0.009382649678174593,-0.0014950364679763295,-0.002285840782569881,-0.0005108920535354944,-0.0017758764850616116,-0.006555386204994185,-0.0010319266002861704
2021-08-18,0.0015898320325320459,-0.003863556455304673,0.0007786122169375354,-0.002291192783696938,-0.0005110030792289111,-0.0006666668038691759,-0.01094486718297305,-0.009106149382825834
2021-08-19,-0.017063523581354767,-0.009883448227008373,-0.002932408589264246,-0.00011511078520076712,0.0022150782727075047,0.0022986447915220865,0.0015482904160117883,0.00483182134524518
2021-08-20,-0.000807518478567304,0.003916918889084631,0.0005401616803368814,0.0024118428177755113,-0.0009352213299700374,0.0006664719736584335,0.007957082189901543,0.0049972343650088735
2021-08-23,0.015151734469164513,0.009314019014941888,0.012177557387281546,0.0030933976630063142,0.00025538094399157885,0.0007395368876961239,0.00879651297452888,-0.0018763115900298777
2021-08-24,0.02268645007513248,0.002120027926991064,-0.00047414113127741686,0.0013703616347335856,-0.002721943236974722,-0.0022909727589202067,0.001587337857814397,-0.004417894820453738
2021-08-25,0.0011675891608986522,0.0003731872827821281,-0.006937433805443538,0.0010261644465721087,-0.003923270807865253,-0.0025918913218118123,0.002098397028467369,-0.0006607017002965287
2021-08-26,-0.009523788080329498,-0.0052245614935519935,0.0011344784228162208,-0.0005697229143516447,0.0,-0.00029745718778007024,-0.0059033441858195035,0.00037769361099471155
2021-08-27,0.01236258520451905,0.009128379365350936,0.015029547921398434,0.0027361831217838084,0.0032537116883091244,0.005571006894494079,0.008941075343590343,0.010482716083123123
2021-08-30,0.002132184635978751,-0.0002476696038791193,-0.0049356385559711224,0.001250614354889823,0.001963200505121776,0.0016994265076488713,0.004397670172489043,0.009999902357361146
2021-08-31,0.013733197509528061,-0.0004960153836719439,0.0020076547129428413,0.00022697611076427648,-0.0018741254225286275,-0.0022867878333195923,-0.001481661933569911,0.004719237817554678
2021-09-01,0.012783771709977021,0.009052758437802844,5.8898619200498104e-05,0.0008543848053472747,0.0004270929983154481,0.0012884754609214788,0.000531618463676109,0.016025016304485273
2021-09-02,-0.00452165804690241,0.004055643267584896,-0.0026517204262498373,0.0012510036142634462,0.0011950039495065568,0.0017749677082954385,0.0030765019040863706,0.005257421830934694
2021-09-03,0.005299201957058131,0.004528756290713476,0.01069422486613747,0.00011436058620373224,-0.0023873054596542653,-0.0036166872151733864,-0.00024280609490845428,0.00018033077315871004
2021-09-07,0.00583584816310867,0.0007310408452476658,-0.01958371853465668,-0.002613852211868384,-0.003931795966125806,-0.0047412582003835135,-0.003575593516814357,-0.011269266406974898
2021-09-08,-0.01459864272026401,-0.007914222537081295,-0.0025044029033459703,0.001139178143825692,0.0027459326703780373,0.003200356849932806,-0.001218176556838424,0.005015009366785783
2021-09-09,-0.0018993028066605078,-0.0017184057167076716,0.004423489287242344,0.0009104421153811604,0.002823668217815989,0.006529193154966251,-0.004280150852018494,-0.020322992574749343
2021-09-10,-0.0011418155299648403,-0.002212695688740385,-0.005058656845151166,-0.0014778099343537576,-0.003156905051408865,-0.0028748136452063644,-0.007884758414868243,-0.014632316468625617
2021-09-13,0.0026672272876371306,0.007885567173891994,0.0033497597913456634,0.002504627980737917,0.0011982018978493603,0.002439595156711105,0.0025592957765681046,0.00676690546744374
2021-09-14,-0.00836036862121825,-0.004156493151737828,0.006438546534438316,-0.0004537740675505386,0.0037623250527134555,0.0030234023923656483,-0.005396452483404923,-0.0017737242305058132
2021-09-15,-0.0001916289944287053,0.0029462798913273414,-0.005864266379652205,0.0014767423872237284,-0.0017043107190894968,-0.0011760692995030908,0.008352703246992776,0.0031797864670708442
2021-09-16,-0.011306879845654372,-0.0015914593974535318,-0.02264197706190263,-0.00034015323352709625,-0.003156410967939949,-0.0013987708146734334,-0.001585286442195799,0.0008388196638566825
2021-09-17,-0.004264369271957613,-0.013117431282659409,-0.0015850424237688898,-0.001249015354453098,-0.0029103484644460442,-0.0022111593497032844,-0.009740913831517872,-0.008941805407609138
2021-09-20,-0.026864169756463108,-0.01850920773149023,0.0071441542310690664,-0.0035221014337475376,0.005065080549307321,0.003102756214079072,-0.016674191580546727,-0.006108836880064916
2021-09-21,0.007401621406451397,0.009872161170132454,0.006669036185550814,0.0017101780405883726,-0.0005980714096811557,-7.362881807437827e-05,-0.0009446973369103828,0.00047256338928591823
2021-09-22,0.012510047833437898,0.005013130239755803,-0.0037340107339023376,0.0018212577634357796,0.0009399909930705164,0.002798441376835159,0.009754940557191505,0.00973545104860385
2021-09-23,0.007844625112005676,0.010849272986115377,-0.011546389089901132,0.00045460038193700925,-0.009050593610273272,-0.006903727981892871,0.012149838242502264,-0.0019658266048155904
2021-09-24,-0.011870002785182243,-0.009375705114193278,-0.00128427290155253,-0.0014762401690040505,-0.003015500492248413,-0.002144920441205289,0.001647216454626843,-0.010692600483553472
2021-09-27,0.006498755396583622,-0.0006229254585886634,0.00208203509820426,-0.0009100174060601152,-0.0026792221310615316,-0.0005191663890269371,-0.002860822922481132,-0.013450078797139886
2021-09-28,-0.012913336701808387,-0.02180663274368,-0.009716428402719801,-0.004554003663203465,-0.0038128029693283993,-0.010678347457435455,-0.02015196641988448,-0.0067685683607190406
2021-09-29,-0.009316257807912898,-0.0022930882093786797,-0.004504756024632184,0.0018296832729121082,0.0010438770896219474,-0.00022481050572875638,0.0016831444070213308,0.007496074036668521
2021-09-30,0.008003321819364029,-0.00395827149662531,0.01797665363761114,-0.0011418775422564753,0.0012164718183773626,-0.002624071729430244,-0.012222279408960812,-0.016523298121159047
2021-10-01,-0.0009925679610984783,0.002435597200419748,0.0022530453929923144,0.0023973911006216486,0.00408175841072822,0.0072683826397006435,0.011884241557734931,0.01414816809697883
2021-10-04,-0.014703066693695699,-0.010485708631009505,0.0046783175745395145,-0.00354716311361003,-0.0012108160856254546,-0.0016453196651108337,-0.012896023514964328,0.00019371151530389596
2021-10-05,0.007057797717936909,0.006849225741455189,-0.004656532835140448,-0.00045903974608807463,-0.003117846089644827,-0.004118938386383997,0.010404889207535684,-0.0068772960404080985
2021-10-06,-0.005606581536847122,-0.006674478222174929,0.0026733243283083574,-0.0005740059372737472,0.0002608497952547584,0.00030064806823726364,0.004156056022099008,0.00955834260760735
2021-10-07,0.01953284362268848,0.007753068713872269,-0.005271739220885419,0.0001145921008227635,-0.00399513696662257,-0.0044360514773884585,0.008645695760987504,0.002704984633936647
2021-10-08,0.0037525414099834897,-0.00012802329062000517,0.00042636491147840516,-0.002987761247215004,-0.002179825887194009,-0.004606383152827798,-0.0018236411803079777,-0.009442215873426196
2021-10-11,-0.0019675270654222476,-0.003206031195872261,-0.0018875818465466931,-0.0031125564254281812,-0.002447218485253866,-0.0018964447153761999,-0.0072398763860813675,0.002529186461407429
2021-10-12,-0.00512624737628764,0.0005143804788645401,0.004514430828637339,0.001850838872112348,0.004555565186517896,0.006384500722173891,-0.002461540627175851,0.01309758617283463
2021-10-13,0.013872477417356865,0.009901183385543133,0.017794197805277356,0.0026541625913354405,0.001918625940485974,0.005061142146610242,0.003597500844806145,0.007278381596280914
2021-10-14,0.0031272889633451317,0.009931351550741763,0.0024464685904206362,0.005639941213505528,0.002350074163872229,0.004733778577086012,0.016820824336543527,0.01216957148473341
2021-10-15,0.012081238949831485,0.008320580536725242,-0.015892846243722114,-0.0017171628411758455,-0.004949712108269444,-0.003590010929778842,0.007615730393773168,-0.0007514371688995825
2021-10-18,-0.0025030018510038277,-0.004251076950288035,-0.0024799108302698825,-0.0004582938323069996,-0.0013961289723879444,-0.0008258365419586688,0.00296037244308911,0.002538029192648006
2021-10-19,0.013317888366778385,0.006026997125440969,0.003213671993580469,0.0006883849704024669,-0.0035829764921786467,-0.005484054762814661,0.007714906198228677,0.000468962327583311
2021-10-20,-0.00019049745414989605,0.003494704439317875,0.008763958748792211,0.0003437842762810117,-0.0004385967621197695,-0.002417367595988873,0.003927917399906944,0.015744942760968383
2021-10-21,-0.006477411860157822,-0.004726169212586506,-0.0008987052245035265,-0.0025210561198334425,-0.00263219461572195,-0.0021203658895110333,0.002608150324078018,0.001384090613890221
2021-10-22,-0.0021092887686913198,0.005998375909533005,0.006116967151190034,-0.002412544820725726,0.0025512448315299086,0.004022237950606078,-0.00103608301350544,0.004699319020380344
2021-10-25,0.005188318739039799,-0.0019874996644049236,0.006914158513320778,0.0017271841307107128,0.0012282694941145866,0.0004532565503865271,0.005362777815329123,0.0032098557149209395
2021-10-26,-0.0051615390293714425,0.0019914576858872657,-0.00739951491266011,0.00023038318684132086,0.001226916998984029,0.004306250629624753,0.0008999481436675616,0.00274245386284222
2021-10-27,-0.008070626431981753,-0.003974999328809736,0.002624060476058121,-0.0008045511398763194,0.005602473789573681,0.006092914500870128,-0.004430022561278335,-0.008478372230271258
2021-10-28,0.0009685586238539212,0.009727993113839872,-0.00023788536339730548,0.0025305106298649793,-0.002611497439114152,-0.0014953704054834205,0.009648740529972999,0.013975542294061949
2021-10-29,-0.014515234785413167,-0.0058052941388007095,-0.008507900517562339,-0.002639090176235648,0.00043653005166000014,-0.000523624851209159,0.002029191842782385,-0.011243990553864713
2021-11-01,0.00785540970365406,0.009690416399313007,0.005220584505493342,-0.001073340047730298,-7.85595541319406e-05,-0.0017871850101964792,0.0017199807059398164,0.004952312701463901
2021-11-02,-0.008963281420601432,-0.0020915255906117647,-0.0021490007233168074,0.0024261641770257913,0.0024447534337945775,0.00383505564775799,0.004043069379186637,0.004745439628408121
2021-11-03,0.004718772162610074,0.00813784966737785,-0.008315382622616663,0.0019593713929715317,-0.003135730953211624,-0.0025468671754884653,0.006105292782834004,0.003360392123642697
2021-11-04,-0.002348346946452029,-0.000611365054626889,0.011340951773961994,0.0026453402400263837,0.005416601853941216,0.005257361668077554,0.0047125317794385335,-0.009504750337271939
2021-11-05,-0.001176895250347365,0.001468632771419509,0.0130629437586407,0.0037854891747961528,0.005474942991797738,0.007321551619393629,0.0034696870478074793,0.005117765630318072
2021-11-08,0.009230184341640468,-0.00012223387203180724,0.003591619309376348,-0.001257071095906559,-0.004321742673096041,-0.002299291535872494,0.0008536202445821317,-0.0008182892407664344
2021-11-09,-0.0038919082105437486,-0.0021999329159627656,0.0049281100201232775,0.0008008888250987667,0.004600558673080846,0.002676384676878474,-0.003305234903502652,0.0017289792968171458
2021-11-10,-0.004102319191193082,-0.012126472189210369,0.010858781500706183,-0.005602076326287064,-0.008553692272134539,-0.010231509569368358,-0.008044873517983664,-0.004632982508157912
2021-11-11,0.01726174751271059,0.003595760829195438,0.005602086369596027,-0.0017248204554815016,-0.00322434622491774,-0.0028465081429313033,0.00032349770662731814,0.0016427862070029775
2021-11-12,0.0026994634083263858,0.005435995121319426,0.0018952552280546708,0.00034526248019117745,0.0020983247087502654,-0.0010516126074869847,0.007546891471651218,-0.0007288273966762349
2021-11-15,-0.0032691009440218854,-0.001842988648511179,-0.0015477459282561279,-0.0011511261959999963,-0.00392615892601389,-0.007595292758153849,0.000342354877752582,0.007021033187886161
2021-11-16,0.0013505543150065247,-0.0022159117083145885,-0.007233864736584827,0.0004607978149337999,-0.0008757304174166203,-0.0016671139456759798,0.003957841605981338,-0.006609903456504251
2021-11-17,-0.0052022313818662624,-0.0012338817448088735,0.009137183945092442,-0.0010368328752289324,0.0035942895453977552,0.004023221528046017,-0.00242935960882229,0.0030992108457554846
2021-11-18,-0.01220215611091302,0.0009882807423380324,-0.0032091550635745536,-0.000807377201401116,0.0006112590145337382,0.002267635543772961,0.0033966072583691,0.00018160573536807334
2021-11-19,-0.0015688023034001741,-0.008515312816316789,-0.007646325240812324,-0.0008081443141070288,0.0027067108644258653,0.003771096222586534,-0.001788175329458186,-0.005905330550497689
2021-11-22,-0.008051902376845166,-0.005850205698737065,-0.022420457120115533,-0.0038125109008027014,-0.007313442837640904,-0.00871627879698611,-0.0028152417188044287,-0.0049353661857798325
2021-11-23,-0.0009898436755418905,-0.0010015324329567532,-0.008652404091134991,-0.0013916524137747022,-0.004122102810937722,-0.00712559343316832,0.0013260784428650307,0.008082513183844897
2021-11-24,-0.0013873072609243975,-0.006642461926110288,-0.0009565020521100642,-0.00023222682790036142,0.003082101338500509,0.0048096443044369774,0.002669639080813191,0.012117356549204317
2021-11-26,-0.03353831553351727,-0.026873489012722462,-0.001615539860939763,-0.007201627443118586,0.01290613217944192,0.008130390597223647,-0.02230287514807827,-0.027815309810281907
2021-11-29,0.0039015204608912057,0.0050561049685693416,-0.0013785494630753625,0.006200788855138972,-0.002253627958253679,0.0006784965498718432,0.012266335050439281,0.007407476733318319
2021-11-30,-0.0010228181021340044,-0.008771845947026069,-0.006721853018899604,-0.004185660835271499,0.005994234945826626,0.002183983240207521,-0.01945761135973778,-0.0189338959692269
2021-12-01,0.003685651645260579,-0.005726046999447676,0.003987937535404162,0.0001405417437412293,0.0018838242779894987,0.00014297589911915765,-0.011107072054577616,-0.016488594619685215
2021-12-02,0.01223977898850337,0.012434496909260684,-0.005536820827328315,0.007379783491694214,-0.0021561185407997785,0.002333832605450059,0.015316295415298331,0.030005419818891266
2021-12-03,-0.014107319666331497,-0.004136992396944317,0.008412002804647267,0.0,0.0058781778043925925,0.008336556774352744,-0.008701433310358775,-0.003329073026307916
2021-12-06,0.007767950438073212,0.009606515350436773,-0.002460563224478851,0.004418608562194448,-0.004984551553905758,-0.005064660938765675,0.01184343976158364,0.01753739758269801
2021-12-07,0.01582152565743611,0.021088058762416928,0.003549490636251651,0.005324876895479447,-0.003800434196513214,0.00044849924010992304,0.020684583023343972,0.014408101189453681
2021-12-08,0.003993455985626282,0.0018888212484573508,0.0005395140531609943,-0.00022963047631041622,-0.003208006305814748,-0.006659094430804258,0.002648205797305625,0.007191724894694662
2021-12-09,-0.004773120206325476,-0.00829570670265889,-0.006111378376110088,-0.0044924577074237915,0.0025228287793004345,-0.0008286238642842836,-0.006751687869976486,-0.01445920876301765
2021-12-10,0.0007993639384917817,0.0021545769451098984,0.004219899491422874,0.0023138448334829587,0.0006937517349512312,0.0011307527696515773,0.009413407047272893,0.0030792831144639266
2021-12-13,-0.01585893701231955,-0.009367140305833188,0.00252130006200435,0.0,0.0047685323807444835,0.0045182483822381325,-0.008858154340527391,0.00938943455075969
2021-12-14,-0.002263904238052117,-0.005325294825478499,-0.009341302746070368,-0.0017313774862608433,-0.0017258236970292273,-0.00449792563700524,-0.006880041788798308,-0.012790563016712775
2021-12-15,-0.0028876484363064003,0.013580580176121737,0.004291534360497673,0.003815842964866034,-0.0014694938144270697,0.0012799570487926903,0.015624968171191966,0.014043589058551964
2021-12-16,0.0012411476135252286,0.00012869586419217427,0.012097561477355745,-0.0007396815170112037,0.0029113550150223766,-2.99887162272805e-05,-0.008818529999704672,-0.0003572249882779488
2021-12-17,-0.004958611092491183,-0.012623914607599929,-0.002140821851282393,-0.0009253434122640236,0.002246408280778711,0.0023358731911908848,-0.010642892799192616,-0.0012514323672957461
2021-12-20,-0.01495031565807936,-0.002217921589766636,-0.0042312675861405635,-0.0017367258887832637,-0.0008620608082917647,-0.0043602831481619475,-0.0106333233841569,-0.007785921051517097
2021-12-21,0.016863567744275,0.011114143727499748,-0.0004188884251822289,0.005334660338202957,-0.003968310190223812,0.0019634084260660156,0.017758960122572276,0.0112744930249149
2021-12-22,0.004767770453957931,0.00931072717275283,0.009400024100517657,0.002653631953013491,0.000952501209452894,0.0015829349850884356,0.00999868110313562,0.010256875930910292
2021-12-23,0.005157752957404282,0.005893692869142209,0.0022540179789249937,0.0028766351320481665,-0.0020767595498794034,-0.001505365096918676,0.0062220545519418025,-0.0010594700151327352
2021-12-27,0.0045158139005074815,0.007769503897777419,0.002367247994286892,0.0010328854928802755,0.0003467961412875198,0.0029391205275739463,0.014152328300052641,0.016976239290724227
2021-12-28,-0.003269495429594871,0.000379322728642828,-0.004310065233419702,-0.00045859912394330404,-0.00017341408329418773,-0.0012772999701671228,-0.0008173348102943345,0.003684130378416306
2021-12-29,-0.004509999130257847,-0.000379178897468857,-0.0002965076609273698,-0.0016053239565478883,-0.0051153083887433,-0.005491915482905174,0.0012790697437161658,0.006729791630019077
2021-12-30,0.011455780646634883,-0.0026215316627971053,0.0071772153754725565,-0.00045920710240321405,0.0033116176156138266,0.0040088617820872585,-0.0027643586033903045,0.004340653713118092
2021-12-31,-0.004888966320655164,-0.0008888959091878368,0.00683158799329231,-0.0002302762180250717,-0.0011292907901282456,-0.00150671687029591,-0.0025201990902108395,0.0027660120758081774
2022-01-03,0.007165019686906637,0.00648198754527618,-0.015383743445999576,-0.0004592969624903631,-0.009304253858648748,-0.01063994675909552,0.005789886140274314,-0.007844110592362452
2022-01-04,-0.0034554140907305797,0.005682501380249283,0.007366515057776857,-0.0025300184279967164,-0.0005264637851497556,0.0008389122689398398,-0.0003347869282508409,-0.001216333334335129
2022-01-05,-0.016316495344758986,-0.008789622459811741,-0.00300766493835114,-0.007722768311032913,-0.0042154711957455016,-0.005867882874623254,-0.019202191819525316,-0.02861860357311663
2022-01-06,0.0045614414007564275,-0.005066973918750217,-0.012244126909514819,0.00011560596852522309,-0.0024694346950114854,-0.0013031497084168286,-0.0009394014726015198,0.0008953323616711639
2022-01-07,0.009081458261818165,0.002928339500450239,0.004551137683908024,-0.002555078213649309,-0.0032709685739346073,-0.004298495428062488,-0.003953410226993581,-0.006620656761853083
2022-01-10,0.0,-0.009267370300131694,0.0030402057039400354,0.0008151299149230518,-0.00026616612583085786,-0.0009246685973892665,-0.0012445629959028093,-0.005764370669711916
2022-01-11,0.023113274848997056,0.010891871074226511,0.0120646549718888,0.004654173592691269,0.0023955095785321845,0.0030089271607838253,0.009108371216657973,0.0015402006639759769
2022-01-12,0.01659313501763071,0.00976027969571125,0.002642622730480104,0.0016220718863932948,0.00017698943076949192,-0.0006924312802868426,0.002703380088170171,0.0011758730060447142
2022-01-13,-0.014159171078330424,-0.007280875983622037,-0.0033969884760131075,-0.0035854736716891544,0.003185867722685032,0.0031565007708422854,-0.013778546729957819,-0.0019876144185931865
2022-01-14,-0.0003989826658856721,-0.0010117999759844398,-0.0028796749096049457,-0.0009282360776331489,-0.006880611345471022,-0.008825253837932756,0.0004090793410742588,-0.009052229510152832
2022-01-18,-0.017760929431186123,-0.01468363031696962,-0.001650255097062403,-0.004878397840620052,-0.007550219085920462,-0.009523258472115548,-0.01770954248190848,-0.010505117468347147
2022-01-19,0.004266643120564018,-0.0008992878621459921,0.015880526897095182,-0.0009335379949156897,0.002416363583059411,0.0015634901503991383,-0.01038358900699754,-0.013478578581060274
2022-01-20,0.00586696193201508,-0.00488604943788129,-0.0024988838330701757,-0.0018698587103800346,0.0021426924832086414,-0.0005463995170215119,-0.011068126909007936,-0.01282055213861577
2022-01-21,-0.014481221704971237,-0.013567639147705424,-0.0032624385581478954,0.00011764123998037057,0.005791373022274504,0.006559662749844097,-0.01963059665409539,-0.0024646017687659505
2022-01-24,-0.014081690230769217,-0.009955377628594109,0.005494198734739664,-0.0010537936223763422,-0.0008862750357333526,-0.003103305927105171,0.004246725518179506,0.0019004250955425572
2022-01-25,-0.001862930397916962,-0.0060861650576864434,0.0031971345443269072,-0.0029292128486536617,-0.0013294628510706064,-0.002801341521258993,-0.012209056111190497,-0.00398359899726175
2022-01-26,-0.012650240621714937,-0.0038606864411740993,-0.016166464916677392,-0.0034075398126357515,-0.007102194541938278,-0.006789707969996006,-0.0025087353349168007,-0.015617730227714732
2022-01-27,-0.011552283546638176,-0.004677188643682051,-0.012898211138547944,-0.004362777161020404,0.004202236261521275,0.002278755782627373,-0.004938037663257844,-0.01654238434478672
2022-01-28,0.004887307947923469,0.0033567162611496393,-0.0029832934474428585,0.002842344633263716,0.002315136455665945,0.0010974664031655479,0.02483550323307626,0.03236272731774492
2022-01-31,0.032776563400548575,0.014585687765307664,0.005924537392067553,0.00023631701735515875,0.0,0.00046975531865767195,0.018011085833862017,0.012291522444002778
2022-02-01,0.006142380660711044,0.009496233879578986,0.0008328835308379912,0.00396958419896376,-0.0013517195906194157,0.0016626783964706071,0.006756950619112079,-0.0035767212360432454
2022-02-02,-0.0016279972510824248,0.007446965208316003,0.0036259919505645666,0.0015339793313902117,0.002047861287570729,7.838862227127485e-05,0.009713955346123182,0.012752733038700725
2022-02-03,-0.010599108402291169,-0.015821598809531823,-0.0014214062993387344,-0.008955623885589459,-0.00426525302331926,-0.008063292919547438,-0.023504947971534795,-0.0106333341852749
2022-02-04,0.0024721372865348368,0.0023718400667827044,0.0015420788696549614,-0.003924556991636963,-0.007674124025663254,-0.009944122860366389,0.004702319684678935,-0.009899078184711807
2022-02-07,-0.0020550919999892114,0.001709146988022825,0.007402581993851909,-0.0007163031897685634,0.0002699089615456618,0.001833371549852636,-0.003209261362453586,-0.0014282556592365436
2022-02-08,0.009678753623993508,0.005117887649036534,0.003056870675416823,-0.0010747549280263335,-0.003236850418419479,-0.003739700149656411,0.008227738224783954,-0.004672667201563785
2022-02-09,0.015704809999011804,0.016190364539400592,0.0033991784238243117,0.005261566075550617,0.0013529288690348196,0.0033544181709748155,0.014636062349649981,0.022609693372070083
2022-02-10,-0.006626539674260634,-0.012720178471478327,-0.0037965605384254753,-0.013204604848346957,-0.009187359853012333,-0.013611401584100569,-0.01796554860536581,-0.023608596387838743
2022-02-11,-0.015160819802925163,-0.01509616365691513,0.019054878321533186,-0.0034958421429053255,0.010363963822554556,0.0074241782476347495,-0.019718552438666714,-0.009115374234511364
2022-02-14,-0.0069786558457859416,-0.006474680661554766,0.005350715998122091,-0.0016941346715679817,-0.006928269916289365,-0.008891422550630579,-0.0032695199753230986,-0.009102262898471936
2022-02-15,0.02170326491849317,0.018353665583646928,-0.009499848975192515,0.0016970096344277597,-0.0029900533726315848,-0.005010853199428511,0.01612706377420614,0.008990340143727904
2022-02-16,0.007282962948771621,0.0037872335313859917,0.010284254451501385,0.0055652014551754725,0.002089946220938943,0.0014622364374392571,0.0011206052795318389,0.004649086132321845
2022-02-17,-0.011648999107175873,-0.016133372403094648,0.013668073780773726,-0.004211304900960111,0.005350538693881024,0.000729642426958943,-0.0213613523775259,-0.010604626132890704
2022-02-18,-0.009957266477217175,-0.0042314538533128054,-0.0007334549100845855,0.0014500332173006392,0.0032471792647768005,0.0024316786282367886,-0.006475034228912602,-0.006041029077142435
2022-02-22,-0.014162533096832686,-0.011686644642382227,0.0020890378623359407,-0.0022925319685264123,-8.984831569114338e-05,-0.0012935864868496294,-0.010731692305669838,-0.003627049953858763
2022-02-23,-0.011659522884046147,-0.008196802357198663,0.0045072272703239324,-0.0018133324959531683,-0.005215457318530681,-0.00906727871458679,-0.017738584371284838,-0.016529010742974748
2022-02-24,-0.02064449593065476,-0.013412914414080768,-0.006450131470019049,0.007146867799628476,0.002350338692394205,0.004738391016782195,0.015049065000489303,0.016806810697549635
2022-02-25,0.018498436661535056,0.02499315367707844,-0.003330678220184624,0.005652927435048971,-0.00027050529423722214,0.004065979078236248,0.022063993555344608,0.024104631936658016
2022-02-28,-0.013093835044035385,-0.019024317593752893,0.010365345791119474,0.000718144514112451,0.011365720974145788,0.010689723336710477,-0.002558620892003094,-0.014891000218728023
2022-03-01,-0.013267648733044646,-0.02185200924278241,0.018163415997793697,-0.002795156144299926,0.009739656603314772,0.003420659746438126,-0.01523021029786309,-0.005266059074286122
2022-03-02,0.0017349766544190182,0.012566122155907244,-0.010406339832951472,0.002405797398753684,-0.015030020984233228,-0.015203751331069104,0.01839609828923372,0.018725438887096102
2022-03-03,-0.014072327461366774,-0.019718828419334367,0.005953415398956663,-0.0030004409334427606,0.0043085667717306375,0.0036565138973132516,-0.004978283523216276,0.008180284807495664
2022-03-04,-0.020202009887162475,-0.028977251303268448,0.015929145881701023,-0.006499777159260756,0.009920571346694329,0.0009711729342223308,-0.008124639389803123,0.004581812601457624
2022-03-07,-0.03742699799219906,-0.03172531679061652,0.014862865283030269,-0.008722651953119831,-0.004247785523754821,-0.01213165086145096,-0.029479202580594444,-0.01976451431921722
2022-03-08,0.0032593729735348465,0.008677423130157846,0.027358997610294145,-0.00354435413715104,-0.006487667394555752,-0.0059770005610658705,-0.007581804998050945,-0.004846662515636924
2022-03-09,0.028312780005629756,0.0418272744831083,-0.029711176156992036,0.008340848477621288,-0.006172479882396664,0.0017298044540094981,0.026810928051586247,0.015390249623022711
2022-03-10,-0.018731696053956637,-0.011958968780732326,0.0031212277978962533,-0.008393514011771464,-0.004590812394775323,-0.011429031890323627,-0.004515583300279347,0.0024945060434395927
2022-03-11,-0.020929094717403895,-0.010806768240981257,-0.007027884128157469,-0.007237364728088669,-0.0002711533711949876,-0.00041569052448187094,-0.012714874472259052,-0.007942625212904453
2022-03-14,-0.02419541366248279,0.009176928952044472,-0.015073711931138378,-0.011862129867022175,-0.012662594430928875,-0.014478308414842322,-0.007308431627373713,-0.007813207972636849
2022-03-15,0.0014443614995021115,0.009526480467285214,-0.01870545038411886,0.007502585608806012,-0.00045810999634554594,0.007851918376323708,0.021990346084922008,0.006708277967929277
2022-03-16,0.08052876492621386,0.035888010739361986,0.006260803404375848,0.014025512100092286,-0.0013747188622803552,0.008544716392695051,0.022174345222325975,0.011878183084758298
2022-03-17,-0.005116629950239759,0.008419441347807144,0.004888644573449508,0.006853559683622112,-0.00192727193157749,0.009801644848270064,0.012510932687109566,0.015460874923089118
2022-03-18,0.01431104046544962,0.00971804935437226,-0.008789852082788041,0.0032828808142935095,0.0029427157407846405,0.001974177692671164,0.010952719770619845,0.0
2022-03-21,-0.015431848788125424,-0.006235435006807122,0.007640798069546317,-0.011511090643255395,-0.013019369165630734,-0.013874195645691256,-0.0002924781614245253,-0.006108978732280446
2022-03-22,0.018137042606373832,0.009411929041871048,-0.007250775291250955,0.005148453070357606,-0.005480627713779107,-0.0024140799966908544,0.011701312294938093,0.0025532339815987903
2022-03-23,-0.006597900531928547,-0.012972797710487094,0.013659661796972422,-0.003171017727448433,0.0067253616349485235,0.0028373810818649314,-0.012878396201264297,-0.011219443084928282
2022-03-24,0.005313152936217147,0.009309757258134432,0.007260367097212672,0.0020800501571698327,-0.005567136191395039,0.0004160500463969985,0.01507442390278424,0.006330349998067808
2022-03-25,-0.007927515706817045,0.0005429204844291657,-0.004095451209537915,-0.007202844524127783,-0.010263050629664927,-0.007902347152469402,0.004883772123267294,0.012485618326323111
2022-03-28,0.0033296593623619586,-0.0032539738527720408,-0.018203790082975457,0.006271171334742753,0.002262277241753763,0.0055339306951087686,0.007112850006181892,0.010637401164198534
2022-03-29,0.017035360527580368,0.022170638122087638,0.00044678784846130526,0.012342671465832566,0.004985348340796447,0.008421119970268398,0.01237086978704438,0.02934044547350756
2022-03-30,-0.002828118591164386,-0.004125033221274665,0.008038419372069505,-0.0030175969701461414,0.003930413364865659,0.0023155457240795485,-0.006174685554583004,-0.007238926183074312
2022-03-31,-0.015052235064615505,-0.016568478408961584,0.000387595883929448,-0.0036324087759280754,0.0018648076933920343,-0.0023101963587791596,-0.015391433306079949,-0.012214221368660905
2022-04-01,0.016611331144382513,0.009374903295683135,-0.006365867342034592,-7.34847054746357e-05,-0.006511701275245252,0.0033560724187851054,0.0028340719493600286,0.019470426261085416
2022-04-04,0.017647066408697176,0.004038125774777024,0.004846769455083555,0.007565907642113512,-0.0006566942296535316,0.003468888987574026,0.008566709985302401,-0.004887712021708124
2022-04-05,-0.018411490657089136,-0.013540478922098198,-0.006264842571455875,-0.012959131285206427,-0.011915754489469355,-0.01752998841800235,-0.012631523215633433,-0.004911719090152311
2022-04-06,-0.013086159640949613,-0.01195977149910521,0.002343216670796844,-0.007852066899133314,-0.0035132350338108465,-0.005863253309293381,-0.009999230789799696,0.011882874261091025
2022-04-07,-0.007955731998723348,0.0022007047822132364,0.003784886240234764,-0.0016082161041672816,-0.0024778470147650555,-0.004634374315309331,0.0050389974141720195,-0.009936827208048227
2022-04-08,0.0008911115717458173,0.0004117260591576244,0.006265969312183373,-0.006069376707004692,-0.005062937725054617,-0.007872899137376654,-0.002674091921900823,0.0016425667658286347
2022-04-11,-0.012463984314140197,-0.010563646878298916,0.004959463770487282,-0.006854629211862084,-0.004800433385769187,-0.009727036401886213,-0.01709224068173909,-0.0107489875737794
2022-04-12,-0.0031552525259647135,-0.007487838957350612,0.007676751619003053,0.007654497474294475,0.004823588702013604,0.0006894182814347616,-0.003705193812682084,-0.0014731146570906573
2022-04-13,0.013113258612075684,0.010757403730923043,0.004788537865617837,0.005977891114083311,0.002208206082869202,0.005166172357623067,0.011453776861895415,0.007100584997165038
2022-04-14,-0.012943526797823401,-0.004561274636074253,-0.003303550666205468,-0.006684771608872819,-0.009005117920708128,-0.011649732904639998,-0.012452031688733989,-0.004303715132574659
2022-04-18,-0.0033913896496520213,-0.00583157737511697,0.0030971927027434454,-0.0016205212746713826,-0.0029004352345746165,-0.007626793165319001,0.0004112293682763113,-0.004046224389815056
2022-04-19,-0.0049909836397322715,0.004748710404091305,-0.015112904376299419,-0.0008737469739155124,-0.006593223005133431,-0.007947691145772984,0.01614260781308441,0.02179126170940493
2022-04-20,-0.0059279605319279005,0.006672043494220237,0.004894947496407287,0.0031232277080621706,0.007807962908715327,0.010388172983175847,-0.0007415659676218711,0.016627499903252296
2022-04-21,-0.01926614818507366,-0.01077046083949873,-0.0035576001936850066,-0.006850060317634354,-0.005520062447820995,-0.010629753366914407,-0.014953494312053395,-0.006933261911773125
2022-04-22,-0.008886663232608671,-0.016331681717639546,-0.0097220932450649,-0.006019322400090621,0.0004870219147072863,-0.0011450783623372374,-0.027438988385207197,-0.017543839744588174
2022-04-25,-0.007314788277943851,-0.004824732843766277,-0.017970993150090764,0.008452665277644655,0.006424332696984836,0.011109209298737488,0.005797446816261376,-0.0025509114074449
2022-04-26,-0.02186820430984926,-0.027948191165692582,0.001525017044941901,-0.005879599518265222,0.006672751587469161,-0.0005231068253758187,-0.02896079946396557,-0.01644143456856828
2022-04-27,0.011664710887481222,0.004547592045546445,-0.00755702425744631,-0.00490769006158831,-0.005572190459495419,-0.009596981027413132,0.002811781367816346,-0.006593752154559929
2022-04-28,0.014412488568952053,0.014164711631203142,0.005398323510093839,0.005564189989926804,-0.0014491528943428866,0.0029948030720878815,0.0252594854606083,0.01841648527231321
2022-04-29,0.0035520050743786946,-0.01166331142889987,-0.00011297696546286318,-0.012325807923394327,-0.005320989581740654,-0.011066120719686934,-0.0369556695064881,-0.045896762680689096
2022-05-02,-0.001415833049611459,-0.0024764912005755813,-0.018540493535693647,6.426103353862622e-05,-0.0074503499491958,-0.00592797649401422,0.006019496381411749,-0.024148599691662942
2022-05-03,0.007325259377996218,0.00744849402746417,0.00264926246698316,0.005240666342855027,0.0011779847528667897,0.006446998403395687,0.0045840677920618855,0.01242232033033841
2022-05-04,0.01079046794891747,0.017541436771044694,0.009822544372671826,0.0101730423002937,0.006467479330247938,0.009786379552500613,0.030452812052934597,0.011490952218558892
2022-05-05,-0.03689954573144438,-0.0321984891972078,-0.003811138551277793,-0.017749039719970217,-0.010028913871812373,-0.015330174129062235,-0.03554279651150083,-0.02666806478518613
2022-05-06,-0.013734762257963329,-0.009715804732474131,0.0016558743678838361,-0.005639132994906038,-0.005704939228798445,-0.008500664327991236,-0.00596902339938743,-0.011869403516375998
2022-05-09,-0.028829806265718072,-0.030176941476559582,-0.014479496708730832,-0.010568229109688354,0.007419284516779756,0.0035195423766050116,-0.03201720378988959,-0.04404386088214607
2022-05-10,0.0047799538670585395,0.0075107219780778944,-0.008445202872691127,0.005731053678355469,0.003338798961487699,0.004226678523337357,0.0023106038151679,-0.01821998796748525
2022-05-11,-0.007010654327384347,-0.005933372732779829,0.008167128516088473,-0.005957307963977421,0.006165321295845461,0.0046567729886481946,-0.015886190891927,-0.0021334698094805926
2022-05-12,-0.00655562570840551,-0.002448662975316207,-0.015333925720196762,-0.000390885668633989,0.003307297924326491,0.00044540277866489397,-0.0010438053294415939,0.007802739861770158
2022-05-13,0.027664909367393742,0.02776921377332031,-0.00810956630229509,0.0011726086229728594,-0.0052349633629713566,-0.005256410640735565,0.023907836860080467,0.026407954034581627
2022-05-16,-0.0039514775884553766,0.000895737876498437,0.009538483763206873,-0.0014318121157685937,0.004190544403450014,0.0013434855610936491,-0.004057604739090448,-0.006302936480806931
2022-05-17,0.024547399074487997,0.018642828526360677,-0.006279296383541522,-0.0009125345433020904,-0.0075701477985278265,-0.005724460032567991,0.020570374187241613,0.013621428632621724
2022-05-18,-0.023959261520416386,-0.023865339843978428,0.0005314848929158789,-0.008221454156500108,0.007138818280054249,0.003688353667026467,-0.0403116044030114,-0.02903162739074605
2022-05-19,0.015868929308769708,0.009599454564351184,0.014697234801531733,0.006710634058871401,0.0035926775981340864,0.002688734700424744,-0.006124408230622436,-0.004437164859513842
2022-05-20,0.004149430686387623,0.006834003211798612,0.0006980112537449124,-0.0006532656036501994,0.00464366777076286,0.0049165352241546945,0.00043635816603715405,0.0063676213951233684
2022-05-23,0.007535057413386559,0.016969267749414207,0.004650369455528214,0.003923618231036929,-0.006067016186176999,-0.0035582784270967727,0.018710073443992448,0.011599582359660188
2022-05-24,-0.017370382288550035,-0.0015961567169656687,0.007521859850632806,0.005992481989683718,0.00862307890120162,0.013122998429185406,-0.007633837142798305,0.008443427206762388
2022-05-25,0.00491073620354654,0.00029070320704760455,-0.006029994959596108,0.015151630572363795,0.0020174839649675924,0.010309128008137769,0.008835051323825338,0.008476429011696984
2022-05-26,0.01563620047620673,0.011041729717842008,-0.0018488983177334939,0.013904620576501658,-0.00047912667656613284,0.0002614847894686356,0.019981384546146508,0.001229814025429432
2022-05-27,0.011546757870778634,0.012070669008185098,0.00052102106703944,0.008933085746980263,0.0014386561850767698,0.005231738095779814,0.02454896374702087,0.026822469277352212
2022-05-31,0.014030966694777325,-0.005963415034581976,-0.009893009276743081,-0.008604641251292344,-0.010439478938160107,-0.007372982772421377,-0.005610956743573925,-0.012263129308611842
2022-06-01,-0.007035702805853639,-0.010569841785828427,0.006369033199590923,-0.003699835998377532,-0.005630589835686761,-0.005833493383841759,-0.008088388213819075,-0.008276890022705263
2022-06-02,0.017241496375844934,0.020788157928515183,0.012309182073779512,0.0041823836216972055,0.0014619230957801932,0.00044096641102009393,0.019043432180058772,0.013740268227669716
2022-06-03,-0.016252641175661053,-0.014283842733899155,-0.010152017266979896,-0.007446399183400287,-0.0019463853287083888,-0.003170810392601142,-0.0164115416233247,-0.013353321940966278
2022-06-06,0.005428391854378933,0.004017437656381739,-0.0044037229040009285,-0.007502818267819289,-0.007508112199966943,-0.007067972986424809,0.003044866594818174,-0.003154679633397106
2022-06-07,0.0030517465098334196,0.0030009435882440982,0.006518420844169315,0.0023067145453004034,0.004028029055282767,0.005338854880121868,0.009592118073121547,0.013781132411682995
2022-06-08,0.0053824591314217685,-0.01396227392325422,-0.0009251975242893229,-0.008564792990780834,-0.0037183114768907233,-0.0057530581638243206,-0.01087212158222639,-0.023059281594456804
2022-06-09,-0.02366311941787569,-0.02100052994948709,-0.0031832564859568535,-0.00799360227097401,-0.000883530898276419,-0.006586781038023237,-0.02378288207103252,-0.023706306673023536
2022-06-10,-0.011060231396921805,-0.024136461640477558,0.013412283666592417,-0.017026421763809196,-0.00982977419130504,-0.009677589013764809,-0.02899562770097297,-0.022170476941589468
2022-06-13,-0.03501089029291171,-0.03308092462230605,-0.026412288230091452,-0.03345232644880791,-0.017770692010337652,-0.023072528435884698,-0.03796829125560475,-0.04998951611365998
2022-06-14,0.013857442257224628,-0.009432492578553053,-0.008003209616781914,0.00656626953000794,-0.007984442836436956,-0.00518662010144022,-0.0030135544854030805,-0.0076142709134954245
2022-06-15,0.013170912566204951,0.018721853126165477,0.013050939388113303,0.019434789213204517,0.013958075140904525,0.015640815226131144,0.01425661773551301,0.023705821489823364
2022-06-16,-0.0306598668896243,-0.022021463550809806,0.011243181594596585,-0.01586474381219083,0.006531521174018673,0.0010997051901944221,-0.03309606295452783,-0.026288975862600483
2022-06-17,0.0037955213018356915,-0.004050042455923886,-0.008222816311715064,0.0031157103201557845,0.00029941949761513875,0.0020147421576115487,0.0021557036196331314,0.007582432888005641
2022-06-21,0.016133322216596913,0.015126939535525574,-0.0037367862070599722,-0.0006751079466411625,-0.005189546675629764,-0.01005221214573837,0.02517359445905676,0.013911124729057756
2022-06-22,-0.01786170004997978,-0.006729714353277183,0.003985188163408093,-0.00027047429201731976,0.012640591576601468,0.007292946542342582,-0.0018130151518350734,0.012708277862994999
2022-06-23,0.003030984550608462,-0.0011292529393169826,-0.006129257292171064,0.00716404197000986,0.005646783890070006,0.007697896411569705,0.009802749726461668,0.018998450351578988
2022-06-24,0.023671792914223166,0.02987737255676781,-0.0009984622015154487,0.007113603498482002,-0.0035462918165547475,0.0011821686495705475,0.031793785634281146,0.02127677628452762
2022-06-27,0.0012298664286272132,-0.004234023665080411,-0.0011170700540719114,-0.006130237241923742,-0.005635837463998317,-0.009174412475104643,-0.0038199345385170336,-0.0015034688374636618
2022-06-28,-0.006142499562772907,-0.006771566506372451,-0.0016480211262837052,-0.010994892837375203,0.0012930065798317791,-0.0002750346621019917,-0.02043263076842272,-0.012153261562850237
2022-06-29,-0.003955322248495929,-0.0038052796412070267,-0.0007663579045243951,-0.0014912342959333413,0.008042452981548598,0.005960751481286497,-0.0008144776403051779,-0.006205848987449247
2022-06-30,-0.004715791962032312,-0.0054115922900667135,-0.006077047294322124,-0.0005434534603289132,0.007683796362533801,0.0030081992781512135,-0.008124159517530982,-0.0018623715689505271
2022-07-01,-0.006234719631536878,0.002400417146624312,-0.0008310541616338707,0.00953866601175557,0.010719786748319082,0.012639566118598511,0.010576193507363607,0.01800024429001712
2022-07-05,-0.007779071794282166,-0.02139201103415289,-0.02120964335120412,-0.0009457793367058098,0.0036808522446356573,-0.0002699080383010699,0.0018889781767243985,-0.0028034062617942057
2022-07-06,-0.006069847134252293,0.0008155786354608896,-0.015842188833696924,-0.0037887208404889794,-0.008492605454395785,-0.004951115945520335,0.0033772128823290615,-0.0018380073183740242
2022-07-07,0.020101982454085565,0.015159062944581025,0.000555053276362516,0.016298267314658332,-0.006132014051828394,-9.027772719150118e-05,0.014977122951232102,0.002708101100751925
2022-07-08,0.0,0.0011237881589483134,0.0004315313201161963,0.0008015418776798899,-0.006072057254437047,-0.0016287474164569105,-0.0008226719109104552,-0.005293309463260565
2022-07-11,-0.026689981942616403,-0.01619880289021236,-0.005360507452973451,-0.005608552614637885,0.007882710736154763,0.0028094134453708897,-0.011423432536426747,-0.0021721274196206952
2022-07-12,-0.0038441564245713655,-0.0001629814213055525,-0.0037167247224720867,0.004028574732106938,0.0023462496708046565,0.0014457386479307388,-0.008849131903277296,-0.003918183825448174
2022-07-13,-0.002315480871561193,-0.0004891637068338284,0.004787690503602615,-0.0010701609567987935,0.0042912756508382,0.007489712666570281,-0.005251532700916495,-0.004807488617528999
2022-07-14,-0.009025498270330834,-0.014029322662886923,-0.014047055610919013,-0.001873965009035139,-0.005535375528199493,-0.006359040499115842,-0.0024284870642866663,-0.009003184816869791
2022-07-15,0.005204415468363477,0.015883524741661992,-0.0020084561635671516,0.012743049602822909,0.0034179099914315447,0.008022301623372252,0.01910503976642164,0.016951257497265226
2022-07-18,0.006989600459853085,0.004071530635617826,0.0009433945063559435,-0.00966903447966716,-0.00291959738260672,-0.006974996110574394,-0.008256842695167688,-0.007081520203973457
2022-07-19,0.016452235883954947,0.027250844294900656,0.0023874693093759447,0.013240541774707015,-0.004587704577191931,0.0027917856796311202,0.027019254191914754,0.025894311535241243
2022-07-20,-0.004299634083169135,-0.006632220736697003,-0.009402031234323593,0.00435592508903393,-0.0009803477224274992,-0.001077711400829795,0.0063730337255705205,-0.002353129539126808
2022-07-21,0.011430268377961239,0.010332340796139539,0.014110421925231709,0.01182841086918196,0.011386069202196092,0.013663922376369708,0.01018323428028256,0.007933153764011713
2022-07-22,-0.010045276383009893,-0.002517228625467882,0.00249575020790771,-0.0012991752582225402,0.011451616971194012,0.007715739087135187,-0.009278206866174976,0.005211579207535566
2022-07-25,0.003551735446913229,0.007728631732695224,-0.0027385476219622396,-0.0002600225787631194,-0.0035501784126358293,-0.008448420540203005,0.0012150369273931094,0.0016932515150545058
2022-07-26,-0.007836412764222755,-0.0139300927885887,-0.0011858106875901608,-0.007025069760872582,0.0003848595594311277,-0.00017754355839694203,-0.011831236450072335,0.0010559706244024358
2022-07-27,0.018598701978496557,0.023650684605391215,0.010184984698782484,0.011004924883105671,0.002021603107844383,0.006657660212523009,0.02596660274316487,0.006014543960527474
2022-07-28,0.004252209698926146,0.0051170096766626205,0.012185323455280006,0.01023721828345292,0.009894356209221966,0.008289395391690046,0.012542474547382332,0.0324105991135637
2022-07-29,-0.004732340591120265,0.013884728636319954,0.0028110896821249565,0.0029503005338840094,0.0003803396661339331,0.0023611583127371993,0.014578479918357923,0.005384444748500528
2022-08-01,-0.00850857098976665,0.001369334420402657,0.0056672312077465925,0.00030804776639481446,0.0058486190129538596,0.001976601128617972,-0.0029610864803228942,-0.00808400315930946
2022-08-02,-0.004795434608282245,-0.015954850901983786,-0.005938288400823777,-0.004620834530174589,-0.013825901797762996,-0.012220289009216567,-0.006597331049786548,-0.012836097025107573
2022-08-03,0.007862144398263382,0.0058676788008962255,0.002438243761313297,0.008768541818191977,0.004129264469123761,0.010869434307188008,0.015659424518791987,0.00319899135587165
2022-08-04,0.007045637252425019,0.005066015423948134,0.016539989487255546,0.002684241246043939,0.00506825903191821,0.0015734683971295738,-0.0006756565182249874,-0.0015431243279371287
2022-08-05,0.000999507578586467,-0.007026040714199544,-0.011246066300201418,-0.005099115211338989,-0.014462469691939539,-0.013528988122913699,-0.001690050150384259,0.002781990785339028
2022-08-08,0.0012480846290743308,0.0023073688151573624,0.008470017618367853,0.0008968432704539175,0.005889262104563864,0.0039817542062969835,-0.0011608690049377257,0.00893860449475814
2022-08-09,-0.003739691079903462,-0.005371576220253083,0.0030595386607856767,-0.007425250869894429,-0.0029754767773106927,-0.0044946782046009215,-0.003971217462723886,0.005498839025064983
2022-08-10,0.012512709302223035,0.022527544277299638,-0.0025119508170524663,0.01496196699061092,0.0005775795711815412,0.009472355497259777,0.021004040584128747,0.015191313459889555
2022-08-11,0.00395434403849948,-0.0003019075721832909,-0.0026382206776995876,-0.005718712226930767,-0.006638498416216443,-0.009646254403684384,0.0,-0.0023939728677091487
2022-08-12,0.010585944232251787,0.007698089736641434,0.00919802099904432,0.008946857707938127,0.003971185277264144,0.011600002941140719,0.016929076759436557,0.017199806324048827
2022-08-15,-0.004628484562425261,-0.005991458947180339,-0.012867030834262327,-0.0017734799171589266,0.003183513018835793,-0.0007001497081563501,0.004120958227187499,0.004030722429209321
2022-08-16,-0.00024489380514081116,-0.0003014981078717227,-0.001750096754401964,-0.004695468293522187,-0.0011539369853630355,-0.003854549232232829,0.0019585613754882214,-0.0026437091842379523
2022-08-17,-0.004161443739388426,-0.007989170440889759,-0.006468335614034371,-0.0103276230944771,-0.006739606361662709,-0.009408812622736296,-0.007097950624750271,-0.005988578211693518
2022-08-18,-0.005653873814514099,-0.0033429595897132014,-0.0026164156896926194,0.0015460739503336818,0.0019387400012622624,0.002574206227657694,0.0029062004451283485,-0.006617313594947993
2022-08-19,-0.013596977265757815,-0.013721531428641631,-0.007320625681104476,-0.010162489628032456,-0.008609755859286139,-0.011864855659493356,-0.013437872271557239,-0.010538963440060778
2022-08-22,-0.008771940883850915,-0.017004185732342192,-0.006637179344595956,-0.011305622324413345,-0.004391109555596739,-0.006720534679521495,-0.020822484714314915,-0.021804506316467243
2022-08-23,0.005309826061223211,0.0004717787555081898,0.0069908740848763085,0.0024974433792375184,-0.002450160404619428,0.0010828312581034893,-0.002419224567688505,-0.012840228915988905
2022-08-24,-0.00025156357410049957,0.0012574609755349186,0.0029489200401788818,0.0011797176711960677,-0.0033405942675655,-0.0029738126689153876,0.0032010019849038063,0.005723195253310109
2022-08-25,0.02163527095869422,0.01098904942956569,0.003062787136294043,0.009429073371394203,0.006407674654490325,0.010303523420784444,0.014117558978101075,0.01489895146701059
2022-08-26,-0.014774895261351673,-0.026242217509432675,-0.012152705301765265,-0.016476195122261172,-0.0011754983673918362,-0.005993750531400277,-0.03384900512832323,-0.025180759423455545
2022-08-29,-0.0062482221091823,-0.0022325064861655752,0.0006182375550920494,-0.0038256734029609163,-0.005687621679417609,-0.007380202691977922,-0.006612016375864838,-0.00899402142292094
2022-08-30,-0.011821063019522016,-0.007191974716661997,-0.008340578885610683,-0.007679967685784939,-0.0002957961062414194,0.0012694310016130306,-0.010977781448827884,-0.013824522534938266
2022-08-31,0.0035632736879493976,-0.006761131053419023,-0.007725314789180926,-0.005470747330231118,-0.004144260317127113,-0.010504317066552415,-0.007609364401401253,-0.004708104273943969
2022-09-01,-0.007862038082670608,-0.013452140864974704,-0.008790162100319021,0.0026424269682323587,-0.007949485111436227,-0.006020168439826112,0.0031381238874610418,0.0018276340394736135
2022-09-02,-0.009202413885628924,-0.006571424448084007,0.008804709144487166,-0.0006724096867610774,0.005602353402246019,0.0007386722381061972,-0.010544473202705684,-0.013951670100926905
2022-09-06,-0.011867882901507643,-0.002480531997721802,-0.0058394619355668365,-0.0026913841943703165,-0.011141851532811886,-0.013562222179964945,-0.00377329004429916,0.009033579606957609
2022-09-07,0.008877129818870566,0.008786497481438005,0.010168638866495439,0.014437966126176427,0.006539386473203068,0.01365499265193515,0.017964978133990783,0.01952324050664367
2022-09-08,-0.005434876947164824,0.0006573161669636285,-0.006002292729855863,0.004389448136625118,-0.0036981582951071124,-0.002306600573182993,0.006536301604186168,0.002750718994162016
2022-09-09,0.014832436824018247,0.025455642287815605,0.005283756568463582,0.003973267432440419,0.00010017042921850461,0.0023119332798113845,0.015535400158132928,0.010867332545881236
2022-09-12,0.0148719019737229,0.013933499295254226,0.005068186218703863,0.003033494384697688,-0.0024076850657275273,-0.0022143365502556023,0.010747313349815713,0.00970681521247374
2022-09-13,-0.030823761123741744,-0.034749667698688036,-0.01301133993119441,-0.02275105979723735,-0.005630733363742313,-0.00721314744583923,-0.04348237868742544,-0.03824689213138266
2022-09-14,0.004952947923615225,0.003272808155367013,-0.003847613448870524,0.00148038670890549,0.0005054684977654489,0.004750506803163468,0.0038158126746534737,-0.011392851327365894
2022-09-15,-0.010635561956865103,-0.008807748934738124,-0.018679143196684067,-0.00631573431753174,-0.0034365383976908692,-0.004820579554247861,-0.011353175595494314,-0.01848227305657768
2022-09-16,-0.00917651015637111,-0.006088496433874657,0.005549107201315628,0.0033805598004892357,0.0008116396654800351,-0.0023288996177777133,-0.007628852418214316,0.00011061230387499066
2022-09-19,0.003175133170784772,0.00347686871672348,0.0007700871329356929,0.003773756487824409,-0.002837774562658768,0.0016808530575078695,0.007754940713434522,-0.0014396940662564361
2022-09-20,-0.005539200405866751,-0.01699400904726689,-0.005706587274526553,-0.010203673091329857,-0.006198891775108906,-0.009974062270016182,-0.011478573406658144,-0.024290163625752093
2022-09-21,-0.016711051708666602,-0.013091605565243136,0.004642973675810236,-0.002984597836429126,0.0039878389352066,0.0037662180503221787,-0.01744404493417817,-0.01580083290704848
2022-09-22,-0.004855488244181805,-0.002891098904718725,-0.0005776772692025478,-0.005986414478808655,-0.015074212878093407,-0.014070051393535232,-0.00839961530684552,-0.01270488707292361
2022-09-23,-0.02466793923577215,-0.03189502840243619,-0.01727683040546535,-0.012729047570520402,0.001241245699517668,-0.002854202829079111,-0.016754754058864285,-0.01329210058024477
2022-09-26,-0.01222898794787397,-0.014799055694258767,-0.011633219026207842,-0.011784830219485287,-0.016628874992898113,-0.017364791494291265,-0.009892907798266681,-0.028044056172377152
2022-09-27,-0.0011256184532070224,-0.006795565809016413,0.002049841746687875,-0.0021038576668318543,-0.006827262500484932,-0.015049716526049806,-0.0025526144496073044,-0.013316734512736295
2022-09-28,0.008732517341104362,0.024126985204697915,0.02078665233491006,0.017854282748986927,0.022525760997677224,0.0201101729165567,0.019676243732719367,0.02074464227798889
2022-09-29,-0.02234023075912739,-0.011779369093025682,-0.00019392836526865853,-0.009391890130264757,-0.0046544322036701224,-0.007440909528963591,-0.020888915502181304,-0.02938285116299033
2022-09-30,-0.0037130723075031735,-0.0035580330188391684,6.462244018679009e-05,-0.004601541243129059,-0.0025977468976975393,-0.0025315541678018194,-0.015463370859125636,0.011226113916766423
2022-10-03,0.016341859978370454,0.019817855035633825,0.024309785681440932,0.013105468220501404,0.011868553448415087,0.018499776590359396,0.026401126094728333,0.01783709277801626
2022-10-04,0.032721782838319946,0.04009108667765804,0.014328122056449066,0.02153694510846149,0.002063000148699201,0.004615011055997709,0.030986590758744548,0.0202207019160765
2022-10-05,0.000546302860183534,-0.010604276187951012,-0.005538266375543777,-0.0039444544950216764,-0.009470906387009093,-0.0075609882166350895,-0.0023281142122190124,-0.019579707560551385
2022-10-06,-0.006005821454786897,-0.017522939424900463,-0.00112629171222689,-0.0030042126120695123,-0.005508517736307561,-0.002315053331703343,-0.0103159016368074,-0.02781187784342387
2022-10-07,-0.020873421500532507,-0.015930854499615288,-0.010962851258976669,-0.012190293448799294,-0.004911627593324197,-0.009956262338559174,-0.02789392202918617,-0.024070549068286207
2022-10-10,-0.014025229279585716,-0.005630655000793627,-0.015201476317757034,-0.01220180397542392,-0.005881072376193397,-0.008982385492387168,-0.00763539784404188,-0.009426550460162164
2022-10-11,-0.01593183614685889,-0.010971557560638834,-0.002058091550185215,0.0030883320230266076,0.0025358153219832147,-0.0020690136699847983,-0.006332808694032854,0.010167952559919424
2022-10-12,0.0011565332555121266,-0.003220655869554445,0.00534932850905423,0.0016792554819355932,0.0032665796602362462,-0.0011846435618660944,-0.0032985712465039008,-0.010452665132135941
2022-10-13,0.002887629923373103,0.020642460289958642,-0.006923532232980256,0.0022350101589558857,-0.004201790905766778,0.0017793389197735543,0.026391106214560534,0.018257428817790355
2022-10-14,-0.014972694210462878,-0.014948852762199594,-0.012458897998479546,-0.0032058074138572312,-0.005589618177538558,-0.009570935215909682,-0.022788721074187723,-0.024846086918559274
2022-10-17,0.027477423604929774,0.02463848880793429,0.0028762090057179446,0.012305620019993357,0.0010600506796771825,0.004781978458799685,0.025696946072068183,0.037693876456064146
2022-10-18,0.0002843778130683372,0.00714417448869642,0.0021509701146735782,0.007045233155832831,0.0025430633542851133,0.005948558016562577,0.011749750060179531,0.01088452247870686
2022-10-19,-0.01820257669982195,-0.01228387927116692,-0.013398358104674823,-0.009602350480998112,-0.010462690492290538,-0.013700043589319644,-0.007086542066732426,-0.024915492871426026
2022-10-20,0.006373224962460622,-0.0022770125019515586,-0.0015822103586343728,-0.005539579461430244,-0.007476224119613684,-0.008693823423973845,-0.008385341114430567,-0.004365807169212421
2022-10-21,0.015256058871268019,0.018082760774891904,0.017827646105301076,0.009609713070950265,0.00225981771942374,0.0028225259491163612,0.024301517499068614,0.007867269921207898
2022-10-24,-0.037992494529093146,0.0001724705264940507,-0.003243594030472474,0.0006895130709991815,-0.0012883197126232204,-0.0005026425253972233,0.012236355847317748,-0.00012811986097005512
2022-10-25,0.008252282493976137,0.02206887420917547,0.002277944142005106,0.009650202607711433,0.012470350702506128,0.013376527835444518,0.015968663016823648,0.039288291248633866
2022-10-26,0.016369601957470392,0.009446872276820839,0.006363608620383543,0.0027304579487141822,0.005096465019809537,0.004565138018502557,-0.007534020875488379,-0.0006155849180051742
2022-10-27,-0.007765370631771851,-0.009358464062118821,-0.001548523944967184,0.00735327540396935,0.007078127960634895,0.0046436534800768925,-0.005339984765201811,0.0014783357630487881
2022-10-28,-0.006087000528741782,0.00995295213855063,-0.010210687443231947,0.007704679224311395,-0.005139976681546643,0.0020648826769602557,0.02379049620532192,0.02202283948163708
2022-10-31,-0.002916262216039023,-0.00935377460585396,-0.008161399648159207,-0.01502351107276545,-0.004534147858214155,-0.005397318111550531,-0.007223021822282072,-0.0010837140439161619
2022-11-01,0.018426573775968125,0.007924549949692272,0.010203429757038585,0.006014985591674016,-0.00018033627248692508,0.007194554079355431,-0.00437615307478445,-0.0003613439032950083
2022-11-02,-0.008328846753024144,-0.0145534185663162,-0.006972548399621914,-0.009104486950718194,-0.0016989399404976346,-0.00481468976461652,-0.02509614520314607,-0.027486655538816462
2022-11-03,0.005792229166910801,-0.008487397763700222,-0.003806036048150885,-0.007131519585937052,-0.004360240767243284,-0.00355437713097273,-0.010296767185619005,-0.001363198215706407
2022-11-04,0.04232646328693157,0.040061519675974155,0.030696289684813083,0.006906365819832727,-0.0021358194034533096,0.001981815822906796,0.014393112972917788,0.013654567805132745
2022-11-07,0.0005526060202789562,0.0031276385482508218,-0.003962389674382338,-0.0001367861137596682,-0.0035327010854813157,-0.0036591473953073717,0.00956561031849934,0.0
2022-11-08,0.00717817453469638,0.011322486124559328,0.023099074133724695,-0.0009607533273143787,0.0066601854175241115,0.004168720578900054,0.005395321472503545,0.003061180338038705
2022-11-09,-0.017269691481733407,-0.013954134520134609,-0.0050172660211307285,-0.011947228293647028,0.0034145456207843594,-0.0025698264363800405,-0.020601965570000824,-0.010255119193037787
2022-11-10,0.03626235170788439,0.056113254044107386,0.030444387121793204,0.03113247852133938,0.02243978172748662,0.03349523503458052,0.05495405804924891,0.0731467214846977
2022-11-11,0.027187104952579366,0.01994389096863336,0.006606324071935177,0.003504561977322407,-0.002080105720178249,0.0026845260024437323,0.009678722780648519,-0.0001150870062882614
2022-11-14,-0.006027351633301703,-0.010540801558106994,0.002187655661719301,-0.007387351652153318,-0.0023975543466249194,-0.005068247160844197,-0.00850710713060765,-0.02437045788824488
2022-11-15,0.022936878932854343,0.0066387905168339145,0.0035168677995043307,0.008795913048171622,0.007418198127568942,0.013936792811521714,0.008529138993367269,0.010839996145089348
2022-11-16,-0.015979174715785138,-0.00230044802937468,-0.0022961020109516506,-0.0021462381451256007,0.007363663438268331,0.008531696491967944,-0.007628750962806574,-0.00909208986832799
2022-11-17,0.0018332690292930387,-0.00046132173320745373,-0.007267423593311895,-0.004301390381918679,-0.006794642411627638,-0.00535747896278882,-0.0030596670340883314,-0.0068224050440883754
2022-11-18,-0.005751785500770379,0.001999500174385327,-0.006893636502166456,0.002159890201957282,-0.0035246293433467413,-9.448971160863628e-05,0.0045402725025573965,0.012672915016067154
2022-11-21,-0.012621377737561223,-0.007521098085056077,-0.005589952950737276,-0.000404282084362273,-0.000623907486673736,-0.0015121473015735631,-0.003636073652512617,0.005263216516269376
2022-11-22,0.0023968773388254316,0.013918885343988885,0.00117372396636517,0.007277786194417324,0.005724704305739348,0.008897171312070018,0.013456952062477656,0.005468438947586973
2022-11-23,0.008235699509898664,0.010982195339671819,0.006231840940288613,0.0056197429591113846,0.00538210519442206,0.010038789837616413,0.006301710821723816,0.0008098829614073821
2022-11-25,-0.004743117845253275,0.005129909630809504,0.000858470616118101,-0.001996019557953699,-0.00030888838580556133,0.0010214564843005203,-0.00022372569572481904,0.006359186940318118
2022-11-28,-0.004500904387330196,-0.012909062548744354,-0.007903495498554403,-0.01053187463655103,0.0004115625366511999,-0.007237504967838593,-0.015956933048013933,-0.02676930914187925
2022-11-29,0.021542655963923574,0.0028891601723499694,0.004940425418036076,0.0043112422405362505,-0.004220032123948947,-0.004953858198881056,-0.0017176809541656901,0.016526945881296884
2022-11-30,0.02889866118265716,0.017740827854185515,0.012781920270785507,0.015025558320271859,0.008992924341148623,0.012210826447773604,0.0315005458822597,0.02287773922910019
2022-12-01,-0.003289338649877682,0.009684067705541421,0.01838479961277617,0.003703256382461939,0.010922539600179748,0.012512691006231424,-0.0007357373133877187,-0.0021572142239323355
2022-12-02,0.0038079408353204336,-0.0007376522134846519,-0.0034556830535615868,-0.0007936613883579025,0.0020309412442629515,0.006068124407821118,-0.0011538842043633535,-0.0029581140089057767
2022-12-05,-0.011380910366809549,-0.01314250911593251,-0.017158885635801036,-0.00952906669060638,-0.010133949351785465,-0.008499243910546794,-0.01798911364796807,-0.01825858401976277
2022-12-06,-0.0012789480496793182,-0.0044889356853267115,0.0027373742314797944,-0.003607156350111662,0.0061424594313832515,0.003041736860014854,-0.014414877919263547,-0.009415464672092755
2022-12-07,-0.005891489515914672,0.0,0.009039101712364994,0.005498040665916193,0.008750838097235203,0.011119513821420846,-0.0017009455541111551,0.001994942566812874
2022-12-08,0.01211020712983224,0.005110439349127027,0.0008416965556858891,0.0008003099824971383,-0.005648707477872494,-0.00318114215172971,0.007833782882866291,0.00702666110087069
2022-12-09,-0.006618979901656052,0.0005982692485888563,0.003544160110315664,0.0,-0.007405468130376902,-0.007476481458030149,-0.007470261972992276,-0.0018608466743692542
2022-12-12,-0.0030752606800446003,0.002989045333299245,-0.008260534556326027,0.0038645792394327305,-0.0014302652350656198,-0.0012860678818468196,0.014417396358964218,0.007689641956782012
2022-12-13,0.007151009496279448,0.014182790880441942,0.017081132038632596,0.010354374574848002,0.00900590631661613,0.008738138737007128,0.007569723324840405,0.01849893840331296
2022-12-14,0.0005181958651971907,-0.0008850895279579607,-0.0024330212847030186,-0.0056496453810158664,0.002738834575162663,0.000911904779517414,-0.006393450834678127,-0.006810889016416022
2022-12-15,-0.023051034518160596,-0.025542625940342734,-0.01635930934057528,-0.0037723721640047225,0.0019458995880166086,0.0008408226759146764,-0.02446171770119565,-0.013372982303229142
2022-12-16,0.0029161967802298072,-0.00878797584776203,0.008708721678036602,-0.005333303635045361,-0.0025285410256370433,-0.004291141637941975,-0.01180628062003053,-0.025834205605472338
2022-12-19,0.0007929641973116741,-0.002445614022268505,-0.0028178306902848504,-0.00509381155363009,-0.008113293599260274,-0.010086376065744473,-0.008479516190922798,-0.012724265146751512
2022-12-20,-0.00026414832179111336,0.0039839475350551545,0.016594482836064905,-0.0025603250024562874,-0.007258810404374261,-0.011763491313530161,0.0013682850144740577,-0.0025297959643117984
2022-12-21,0.008982979531605206,0.010378549590464026,-0.0016560135809358112,0.00851038960726136,0.001235826723243516,0.006842105000082421,0.014952485782302238,0.00857409059150016
2022-12-22,-0.008903004028646078,-0.00815713020036235,-0.012085358459954287,-0.006161274046058152,-0.00030875267731222955,-0.0002791684487030155,-0.014265977570124044,-0.004201208754626373
2022-12-23,-0.0013209814819319377,0.003502971903422303,0.002998321039039853,0.002560572570562858,-0.004526903262710769,-0.0030727863949562284,0.005752040647809764,0.008901334103246228
2022-12-27,0.01481502114793054,0.0015175570363201718,0.008430011409881644,-0.01035080623388629,-0.008372273796332541,-0.012889908439675524,-0.003943346176367046,-0.0003627507965667798
2022-12-28,-0.014598740498709128,-0.010607514275229213,-0.004505807286929064,-0.013447425204493602,-0.0023972174701883953,-0.003123095058354286,-0.01242791387363218,-0.01704730416550837
2022-12-29,0.016666775901845732,0.015775631282484603,0.005598251568726287,0.012942128720029311,0.004910617219189062,0.007119129563382787,0.018000186415401354,0.021894073075451992
2022-12-30,-0.013791244289194426,-0.010253163115075736,0.0046786689817972515,0.0008157176526237819,-0.0041589159230523975,-0.00631445249655771,-0.0026339202887024626,-0.007221945638718252
2023-01-03,0.008443387901224453,0.00883623778202991,0.008370656531798915,0.0019013437505097652,0.007830545138319822,0.006924043746757924,-0.004209929123470957,0.0009699592470282514
2023-01-04,0.030088653325093917,0.01328882498634254,0.0094119059589024,0.011522410822524698,0.007665574616692261,0.007252933909303705,0.007720201791125092,0.022650242377078023
2023-01-05,-0.003048101011988824,-0.009985133707581584,-0.012451461859522062,-0.0020102523056242383,-0.001439455782554111,-0.0007482485315559728,-0.011413533483160765,-0.026886148684116207
2023-01-06,0.020891828777728216,0.025590942871180244,0.01870749684189077,0.014233633146076619,0.012869847128684997,0.01637821749893531,0.022932201727257295,0.026898682966257415
2023-01-09,0.007486976416065438,0.004256458499983795,0.0022451175785793698,0.0035750708021697886,0.0025408781973250694,0.003959437433989299,-0.0005668859179304153,0.00035553454848202826
2023-01-10,0.007183408690664361,0.002923257595123685,0.0036760446135073455,-0.0011874863380569867,-0.006285620739026054,-0.003393729894284103,0.007012784179742049,0.002251091829968521
2023-01-11,0.004181186013575866,0.007577806350297811,-0.000686793935011365,0.006603832699682011,0.006427409022806918,0.008559063451732518,0.012647920453959571,0.0358199602438487
2023-01-12,0.004898275035776889,0.014752793013042886,0.011568000967502767,0.005643004984663635,0.008921591564252651,0.011315209738556486,0.0036407431092533304,0.01266844417378965
2023-01-13,0.006580579390881303,0.005273436121750796,0.012001783992939385,0.0,-0.005325508727710204,-0.003248391001509421,0.003879513184290584,-0.0061987030911027086
2023-01-17,-0.005568972041664844,0.0031192521201819368,-0.00654507834469964,-0.0033929361047955187,-0.0031315975493072523,-0.0036207910305628976,-0.0018318270336247222,0.002835139527639363
2023-01-18,-0.006817672502587135,-0.0035334015698336163,-0.0028717524486322477,0.0011786535973017376,0.013579194613224654,0.01171991486790791,-0.015787903143563153,-0.01458786975439541
2023-01-19,0.007599893548649206,-0.0015604105293294257,0.015868520044824974,-0.005884980037103027,-0.0018996007563237827,-0.0020655766306981738,-0.007279889270224049,-0.005508330123145333
2023-01-20,0.015328567031098084,0.008808284877428463,-0.003335405556458948,0.0019734167127098967,-0.006611171740384059,-0.005219018421443455,0.01862895019537314,0.011885709957161872
2023-01-23,0.007188949120577215,0.004083826358672438,0.0018964337632443318,-0.00013115825429288464,-0.0032268361219968122,-0.002894906228900429,0.011998334382070652,0.004561049752011659
2023-01-24,0.000713724404531435,-0.001262336634915151,0.003618515163479552,0.0006558772951854586,0.005766253758595408,0.005261792670193888,-0.0010729225668246745,0.0024976159573251167
2023-01-25,0.0009511828870722994,0.006600161587682951,0.004603959599926544,-0.00013047374777686027,0.0011062325774655601,0.0004513405624824163,0.00037458643568055727,0.0004529625519817948
2023-01-26,0.009501220729440485,0.0008371758474172708,-0.009055266877154966,0.0024933652308043452,-0.0036167040330099542,-0.00036078127907546165,0.01099047749181481,0.011205499046408107
2023-01-27,-0.0047059957385857665,-0.0019514392020284488,-0.0013929904624704337,-0.0030109001156999327,-0.0015127994674473122,-0.0028875325211327185,0.0022977163511390675,0.011193311439440912
2023-01-30,-0.020094512225179995,-0.006424663976167144,-0.002566715270248765,-0.005514606439735337,-0.003130475208365291,-0.0038007861376715413,-0.012546750373558457,-0.012729799894229177
2023-01-31,-0.002171333201773651,0.0057634250937723674,0.0036362115419990015,0.007789517000753365,0.005065291166472807,0.007176483174440307,0.014703242615294654,0.020966423416271418
2023-02-01,0.012330763234650544,0.008944766213287325,0.012596814339808304,0.010504970523585566,0.007192002903598782,0.010151148098810125,0.010627730513844913,0.006149963820340609
2023-02-02,-0.0059709573235373625,-0.0013854748973279873,-0.02075193653580043,0.005732398555405194,-0.00040116481006446936,0.0014330175594450267,0.014557059239092007,0.022702141648581975
2023-02-03,-0.017779789741820817,-0.00929385548975048,-0.024957770292002968,-0.010492031635608634,-0.010735681126708863,-0.011358503305401335,-0.010629124038788351,-0.01878303771143719
2023-02-06,-0.014677155307899925,-0.010221145509080154,0.0020754098721176284,-0.006414579146938659,-0.008620417396092872,-0.007689606994880305,-0.006111372681116167,-0.007287516712769282
2023-02-07,0.003972147301888995,0.008487734357745413,0.000920425708082595,0.0035571633973763284,-0.0024556037248368856,-0.003281963643219532,0.013078689489489426,-0.002191169647858038
2023-02-08,-0.0012363785472750966,-0.0061721162760276504,0.002471594120761589,-0.00420110828723852,0.0036922964003418546,0.0010064146982904365,-0.01093487954451866,-0.004721629867660004
2023-02-09,0.004704136256076019,0.0018349297000841425,-0.007912418174625069,-0.006459878798774299,-0.0044955998968828625,-0.008406343381100578,-0.00866904735609253,-0.01092248943178542
2023-02-10,-0.009610664895370657,-0.004367383858778995,0.0019071943211166342,-0.007696366088249418,-0.0048242133128686415,-0.0070035866273757685,0.0023335873505687665,0.0034581356198835067
2023-02-13,0.008211022275920632,0.010046793923801589,-0.005076170279846859,0.0025411399009547253,0.0023722539180250912,0.003712321250802564,0.01173893540026616,0.008892698292411794
2023-02-14,-0.0017274513438444439,0.0018210657049189116,0.0007537389032514774,0.0002664760098711749,-0.004527230561629736,-0.002496638966557274,-0.0004601509793090708,-0.007933135128241009
2023-02-15,-0.0084054784083335,-0.004474676970304903,-0.00996466725346834,-0.0016005474068915282,-0.0029975599147445964,-0.003800076131282526,0.0032475997825960334,0.00399823777726005
2023-02-16,0.000249330708669504,-0.004916738295408063,-0.0008192368783922488,-0.008013757508628983,-0.0033172710518473147,-0.008001524146945993,-0.01376902997096352,-0.009734495147023181
2023-02-17,-0.010967096138622123,0.0025411882709140965,0.002986790669610162,0.0039047230228381746,0.0028083694725129504,0.003939082548374273,-0.0024983732432042327,-0.003909703409179843
2023-02-21,-0.012600902801256253,-0.010982982194931767,-0.003737004613899475,-0.015423857963717591,-0.010890890958769717,-0.014200104566039373,-0.020060713001604058,-0.020074036696714925
2023-02-22,-0.0048492039119067964,-0.0055522915271757345,-0.005626488586046308,0.006538649002787222,0.0017824085057662753,0.002843093054826884,-0.0013781568733265415,-0.009040972726629959
2023-02-23,0.004872833274081501,0.00515398153001323,-0.0005304511136865475,0.009879855531618853,0.0038733684510334765,0.007843356274228608,0.0053193887571933995,0.00750690152913025
2023-02-24,-0.022460330491589353,-0.016664353616865246,-0.00719467575637045,-0.006030905386166463,-0.0060478980899032475,-0.00750092012638337,-0.010682217723989806,-0.01753806212466258
2023-02-27,0.005221950411469667,0.011877216708296112,0.003920334893926292,0.006741062689817889,0.0030424391060952516,0.0002833559320500889,0.0034055390273000086,0.0015167337829642413
2023-02-28,-0.007013016819871987,-0.007300463864613027,0.00455596886271592,-0.001874641371255592,0.0015688338562929172,0.0003773382481311316,-0.003695623285556282,-0.0013979888344919367
2023-03-01,0.021449123527061076,0.005335399393044726,0.005772150633673867,-0.002834944156393404,-0.007994565606982751,-0.00623389660364726,-0.0038361064051571914,-0.012599308729339675
2023-03-02,0.003585170425653539,0.00200803950405426,-0.0005855636445488699,0.0012184482018133824,-0.0041140748411718775,0.0008578658325111288,0.007777193657935388,0.01169687538623232
2023-03-03,0.008930696518047121,0.014600500069097633,0.010723085619275707,0.010275829589950991,0.008049822352698799,0.011335973888596307,0.016037996594266524,0.015181609274565133
2023-03-06,-0.0035406371789356017,-0.002539452804613207,-0.005043830646819902,0.0,-0.0017863709923803262,-0.0027316005752279215,0.0006927414233075524,-0.0039113020911730745
2023-03-07,-0.016751423042520752,-0.01669018218469509,-0.017480480627863337,-0.00709303170715192,0.00010563546691377823,-0.002833732195670846,-0.015328790849802099,-0.023328374543183483
2023-03-08,0.004130369256205357,0.005466134462180472,-0.00047445044105887124,-0.004718005481795573,-0.00031578867476100836,-0.0016100187119097997,0.0016321426072882783,0.011469850871910658
2023-03-09,-0.022108034804081633,-0.007296285742076414,0.009849316056938173,-0.005552098533326499,0.00621120707069478,-0.0009487054894331548,-0.01845003334651829,-0.02291318055485736
2023-03-10,-0.0052577505906258315,-0.010664277855305326,0.021562856843419187,0.00013577993435531788,0.01841619782490489,0.014338754597009729,-0.014429290485642565,-0.03314182812832234
2023-03-13,0.0015858367850627442,-0.006846284864637231,0.022948211912439564,-0.0054468297793484055,0.012123364218576516,0.0008425313599711437,-0.0014253078401110786,0.013117010856704248
2023-03-14,0.0005274121397396137,0.013346883248293695,-0.005791064746217711,0.007256817863346976,-0.009440247336240493,-0.002993328768405079,0.016529971495393925,0.009649446741684997
2023-03-15,-0.017141169044323612,-0.030974023158039654,0.007804133170404848,-0.003262044447540191,0.014449586078878252,0.009569819122988266,-0.006254229037113701,-0.0007258853343239391
2023-03-16,0.015293695477489155,0.0155339742694387,0.002020092008242713,0.0065455037110937475,-0.00899051932995043,-0.0014872564131471755,0.01754511678761972,-0.0021791316325128207
2023-03-17,-0.0060780771186110805,-0.01191356081777284,0.02912021467748982,-0.005961105751755458,0.01182439586834394,0.005025631468264402,-0.011692521398339095,-0.022688611058344743
2023-03-20,0.0037224382464555728,0.01562983733068446,0.0003808677357699519,-0.002725980589732724,-0.004029803334008264,-0.002963229447511706,0.00961552415176592,0.011421469674070206
2023-03-21,0.009006555352984114,0.015095802437997907,-0.018875115806276432,0.010933093119001258,-0.008699111254216296,0.004829538442159942,0.01313058303335235,-0.004418820268382362
2023-03-22,0.003938082519783004,-0.0034654014772526054,0.01702060989813825,0.0009463451598972217,0.013163218602247229,0.00582328278283617,-0.017046583079635913,-0.03735680127276697
2023-03-23,0.01385976774736375,0.00014507162741539403,0.012538176085624908,-0.0039164630812607015,0.00574091823912215,0.0028486974809689425,0.00270332947633789,-0.006275734896592833
2023-03-24,-0.002579376342393469,-0.003042043400421024,-0.011252350246951037,-0.0020342187554579505,0.00030002164626097283,0.0031152078341130096,0.006562073196560103,0.025644682790018525
2023-03-27,-0.005430602033472676,0.009444777306437446,-0.009256722051406152,-0.002445331941166251,-0.012313354848201952,-0.011966180230149726,0.0018699202341436738,-0.0011423865324770022
2023-03-28,0.014300651217399762,0.00043184272741281227,0.008189093257242153,-0.0005449639514565341,-0.0006084728870642264,-0.0016644308538736885,-0.0022446078010766035,-0.0024141319348606194
2023-03-29,0.002819762854133545,0.012086376953568845,-0.00496077000653139,0.012537652745851391,-0.001723706660613944,0.0046303822152502505,0.014534726951259014,0.02216269494758194
2023-03-30,0.009969345308115996,0.011657767314296796,0.009039576549164652,0.0059218547814923195,0.0015239952502701382,0.001382866825366813,0.005855336826640745,0.013084285993940181
2023-03-31,-0.0012654808205299073,0.005058980453527484,-0.005212246135594234,0.010837700975019127,0.005477738322719805,0.0090213321709125,0.014094638003109061,0.021402021410678262
2023-04-03,0.0020272930102862574,0.007969649116546185,0.007204410308019105,-0.0007714214287676269,0.004710863019920186,0.006040171737654365,0.003810638022084145,-0.007948112511622418
2023-04-04,0.0,0.00013889364169061835,0.018640958960437715,-0.002927712685728112,0.006438930114902597,0.0012735172311966192,-0.005548418293826907,-0.0013350875738553647
2023-04-05,-0.007840049457182308,-0.00693477901574191,-0.0007979247786651378,-0.005604863015704953,0.0041987494883464205,0.0032707076779823208,-0.0026181377067924227,-0.005348334580996483
2023-04-06,0.00407846259358613,0.004748680228369162,-0.007134091065472581,0.004428607441000709,0.0002989491234650643,-0.0009055592057255479,0.0039010873761355924,0.006843582656029135
2023-04-10,0.001015447868906394,-0.0006952040884977695,-0.007399886547073353,-0.0009354935463169456,-0.00985290812308559,-0.004622450173034753,0.0010262809669481232,0.004612125546248347
2023-04-11,0.006086820841693541,0.0033383274664735563,0.006320556237305208,0.0021400171527667933,-0.0004019856783560316,-0.00027323284712477136,0.0002685714436523323,0.004228571500555445
2023-04-12,-0.007058276159790711,0.006377398713869331,0.004885138866613126,-0.0002667690329622996,0.0029159989338098935,-0.002094983544225326,-0.004076068188897497,-0.004812363706230838
2023-04-13,0.01370912277233316,0.012811789809976215,0.013515672558895409,0.006808126524454172,-0.00330858459031258,0.0017343137678660359,0.013282777690855285,-0.0030222190663452553
2023-04-14,-0.005259134227255879,-0.004080421361790654,-0.017710313033589165,-0.0018559859314134508,-0.0049293213997704255,-0.0032802439089920643,-0.0024427919758124306,-0.01552091712642567
2023-04-17,0.004279719799928472,-0.0017756524715506483,-0.0044537552497120325,-0.002656452591414671,-0.006368537467492552,-0.006307771720960087,0.003588328182097422,0.020815447658247388
2023-04-18,-0.0012532187028632125,0.005472608867941098,0.003880780603893852,0.000665528158506179,0.0016278351352980724,0.003311687291597476,0.0006521155542618118,-0.0022924817564391464
2023-04-19,-0.010040091756155278,-0.0031296316085358544,-0.004778520212877502,-0.0039926042292772745,-0.002133327856567724,-0.0049510939742575255,-0.00016879476774600555,0.005925896192631397
2023-04-20,-0.001521502251316642,0.0,0.00393825919904689,-0.0009358649109011408,0.005802230210161685,0.0037779691627262135,-0.005457236967366108,-0.009858145204598823
2023-04-21,-0.009395618907875658,0.005050582729071662,-0.00988766926809792,0.003076796801184445,-0.0024287729871124153,0.0006426446479732562,0.0007768805174901416,0.0001214298208429554
2023-04-24,-0.0023070402090350495,0.0025806535383356977,0.003039335460481629,0.002799756242886975,0.004869633331603618,0.004403726059539315,0.0010433156488014461,-0.0037635509405871126
2023-04-25,-0.018756378101100535,-0.013952966137071088,0.005086318131183543,-0.0015950516592986297,0.009893869024110158,0.004384257483773357,-0.015874062824805413,-0.009870821231107052
2023-04-26,0.005760614673154807,-0.0006869687147785797,-0.0054373863086726315,-0.003863189713866566,-0.003898630802712133,-0.004365119675169948,-0.004235531770794609,-0.009600173329482042
2023-04-27,0.013538167417431302,0.012510533700860416,5.410039265330013e-05,0.0033430172302852945,-0.006523722592432946,-0.0036535881028243455,0.01990807568635411,0.02261746472327686
2023-04-28,0.005137444158388682,-0.0004076231675066433,0.0002706525128974846,0.0042645091741195795,0.0074757704976970984,0.007792395170388655,0.008535320446884764,0.012273575969432349
2023-05-01,-0.003322265446518813,-0.0014938750427558878,-0.004491351825477108,-0.004584795353191118,-0.011769816899259489,-0.016137677261507943,-0.001009803425442768,-0.007443065596735576
2023-05-02,-0.009743592023954695,-0.01006669325076004,0.019296640909943763,-0.0009372593098874171,0.013018540751952301,0.012060396386894379,-0.011239278071068948,-0.01693269777040829
2023-05-03,-0.001553593911442941,0.0026107994451596284,0.008479075840785555,-0.0005360263467986126,0.006525977592267029,0.0016500904413605522,-0.006863899793703054,-0.003937065112465388
2023-05-04,0.008039409673012754,-0.00205587025132814,0.00703295344911492,-0.0029497260382644885,-0.00019941738408046916,-0.0027454596513447616,-0.0070831615752238175,0.008275735352909042
2023-05-05,0.013377845773255181,0.014695779198701908,-0.015647950479605433,0.005378942971721479,-0.005387475164854827,-0.003945901160553489,0.018512766212590792,0.016660544427604007
2023-05-08,0.0005076715215355243,0.0002708257991614893,0.0012269055761324754,-0.00280871494875623,-0.0061190102481633035,-0.007186542167502252,0.00026660578397397217,-0.005783861181468564
2023-05-09,-0.006089805244415714,-0.004059554455090986,0.007086162362163639,-0.002548608105620409,-0.0012112370291921248,-0.00037121250295812924,-0.004385343579051404,-0.0042418962364004775
2023-05-10,-0.0005104174924143168,-0.0020381087955534394,-0.001428442843921074,0.006051596993375208,0.007477820463213769,0.007890950688663523,0.004672213498477129,0.0096152503863276
2023-05-11,-0.003576118149957175,-0.0024507718862250005,-0.008582755587748347,-0.0016041177192648304,0.0037111588520011285,0.003868732166672606,-0.0017438742796334061,-0.01097036681123087
2023-05-12,-0.011791879908586322,-0.0017742080547578087,-0.0017100802429794726,-0.0036148174685030066,-0.005996185550016131,-0.006147797455097415,-0.0013103448116247307,-0.00012179755826613459
2023-05-15,0.01841766851988358,0.007656460969765577,0.0021412620336231925,-0.0002684861160283658,-0.002211308460473904,-0.005354430569396218,0.0034502225217400984,-0.001706856459557704
2023-05-16,-0.007131882346395724,-0.009497769379894772,-0.0124993937971285,-0.006989501309089929,-0.0032241171784328504,-0.005011973418530435,-0.006682876163325413,-0.025033441620485375
2023-05-17,0.0046178431323116165,0.004657434196932986,-0.0034618889303412725,0.00270685155141126,-0.003234804918161416,-9.361523630524449e-05,0.012139015210756332,0.01352715541324545
2023-05-18,-0.0053626491628155915,-0.0014998110396381437,-0.012972911279784505,0.00054005790717504,-0.006185854737117635,-0.00419802163647387,0.009633195523003346,-0.004819714895276994
2023-05-19,0.000770162597066637,0.005871990262579008,0.0098988291245512,0.0010793465921627998,-0.003775274243100535,-0.0012174763328074434,-0.0014550025391444343,-0.0016142444529970712
2023-05-22,0.008209345894182984,0.00027151875982567297,-0.002341497915543389,0.004447465541737028,-0.0018443205092345538,-0.0003754634974684201,0.0004059588531650782,0.00609446381081824
2023-05-23,-0.015521803956087932,-0.01465814895324502,0.001200731149241463,-0.005233092204708023,0.001642142554427517,0.002064219730374628,-0.011222693738031198,-0.009395410839090457
2023-05-24,-0.007495221770774552,-0.014600547109731687,-0.008068450017086337,-0.007013396697837626,-0.002561493398022918,-0.003932807124462978,-0.007244844509494142,-0.021465118815954476
2023-05-25,-0.0020834695359247535,-0.0013977649959052707,-0.009618027091793824,-0.0006792278087826009,-0.006264925110424535,-0.0032903067942852138,0.008659868892332279,-0.00012754699209061027
2023-05-26,0.017745387746517016,0.009798468544950367,0.003995567330169925,0.006116267234715034,0.0018603892656272603,0.004244513359568103,0.012950740152930296,0.011479585334059461
2023-05-30,-0.011538581257618974,-0.010119249760684013,0.006190554546333882,0.004323593387056457,0.007840586671073124,0.007513872023589219,0.0003808365702422378,0.003783026978199988
2023-05-31,-0.00933838378320595,-0.01036273270082222,0.0015382006614657051,-0.0030938526820630807,0.0037873422381837774,0.003262864061750914,-0.005544961031134665,0.005025171704646114
2023-06-01,0.017805683698357777,0.014857966149006918,0.00789813034647624,0.006006082998903262,0.002780281495438963,0.0030668123125374702,0.009500809723345771,0.00012501200158654413
2023-06-02,0.017236796846467728,0.01296684300630524,-0.014747450675273721,0.005121302965316543,-0.007951003564848458,-0.0026950031517819495,0.014461290582259645,0.024372012670788035
2023-06-05,-0.00025282060493148073,-0.005780929547528069,0.006020416015011243,-0.0008045066616454433,-0.0003079723573123916,-0.002143152866151188,-0.0019163581586615352,-0.006954643165985153
2023-06-06,0.008854092514795298,0.00830659131235123,0.0010980396887689814,0.0016102473840622356,0.0006164850413856726,0.001960841794208301,0.0021774620395784705,0.009583445872731078
2023-06-07,-0.004296199415549595,-0.008794653353339621,-0.012010543410059138,-0.0054927979566841145,-0.007293147751999851,-0.00894755166221095,-0.003457502124448064,0.018376503234319053
2023-06-08,0.007106618514871377,0.010579798949174046,0.013211240429905624,0.006331558618453803,0.006726096949111415,0.0066770308281036694,0.0060484024253837365,-0.006213811476554532
2023-06-09,0.004536221575436095,-0.0016752006303444311,-0.0026845203333208945,0.0002675541906034251,-0.003597506609860801,-0.0026155700221480727,0.0017943355660898774,-0.005772349228904572
2023-06-12,0.002007074250646612,0.004334560616925165,-0.0008788640365902101,-0.0010706045664952146,0.0016504820209697346,0.0031848521401720564,0.009071870884221456,0.0002418146121603293
2023-06-13,0.010015064705608312,0.00946668292663011,-0.007367558613950331,0.0012061580681741457,-0.00710608519960898,-0.004481915340564968,0.006592812353275912,0.0064087969400667966
2023-06-14,0.0074367421414474055,0.0037237177387041687,0.0005539277015322863,0.0004008943565250167,0.0013484992848893373,0.003094968771068851,0.0011908620144434057,0.0037246630676972536
2023-06-15,0.00935039781859337,0.01057974851991439,0.007030581691497284,0.004815970257878943,0.007768755923260207,0.008695733930702998,0.012397578956493627,0.005266923576407345
2023-06-16,-0.0034129287185201695,-0.0021752174961064963,-0.0015392159510752013,-0.002529777795982291,-0.004316972874395253,-0.0017612595996956415,-0.0034061818724115955,-0.000714420956899886
2023-06-20,-0.01956955321234577,-0.013217160207140699,-0.010350739592973501,-0.0026686742423316367,0.0029936822829024212,0.0036215400886860927,-0.005188293132435073,-0.011797046363917318
2023-06-21,-0.004740572342129545,0.0015188396537295645,-0.0014464228474878604,-0.002542857647027663,0.0009264914146620562,-0.0011101372308248703,-0.005123620606878654,-0.006029027088974126
2023-06-22,-0.003509507458037131,-0.006204253698189666,-0.009916979914319946,-0.0029513180559656016,-0.005655686663876169,-0.005187369926990648,0.003609855630537284,-0.01431528474931909
2023-06-23,-0.014591374217848063,-0.015538214119455995,0.0027572461643308177,-0.001749380523994759,0.00413644574642702,0.0027934852978914737,-0.007560142644091328,-0.013784548930020901
2023-06-26,0.0033190142531851485,0.0012682336644924685,0.0017396047357047806,0.0005394658356305815,0.002471819258271557,0.0011142976279627792,-0.004085668666200859,0.023087312859422893
2023-06-27,0.010178159756023542,0.008726113439828653,-0.004593535884055422,0.003367854266205672,-0.0034929928155160717,-0.001113057350797031,0.010963307794132016,0.012320202531194813
2023-06-28,-0.00604538580098013,0.0006978934308428109,-0.002307409851291853,0.005773433035756836,0.004020627229451401,0.004363824954681128,0.000504455674098736,0.001445886771465732
2023-06-29,-0.005321937339685445,-0.0013942290441670835,-0.001071764681377263,-0.0026703026188121814,-0.010268286116406844,-0.0075806774690916345,0.0039412777489480355,0.011170363914763781
2023-06-30,0.007898271820506508,0.012286907362710986,0.006663323502016594,0.004818764363795358,0.0021787294121393685,0.0073591207598247,0.011800624690042838,0.005535527865451639
2023-07-03,0.011122049772034792,-0.0011034758332548744,0.0011218766110339118,-0.001566489625627665,-0.004337393383519905,-0.002801860845708881,0.0011505852470690137,0.009813040580433086
2023-07-05,-0.005999739636066148,-0.011184803732627757,-0.00353003237800964,-0.00308535823840006,-0.0047939739282287785,-0.007163149648463096,-0.0014872394413387724,0.002251940817415088
2023-07-06,-0.020372232778412047,-0.017315982857729506,-0.002980200124891419,-0.007265917391851007,-0.008168925781182113,-0.010120053075253987,-0.00783057389395525,-0.007685885308287843
2023-07-07,0.011296444063063626,0.007531568752619844,0.007500997402107412,0.0009486747164206832,-0.0012665698402075654,-0.0009465713951454235,-0.0025245918954691637,-0.0022640792372446983
2023-07-10,0.0007615684399049361,0.0028208269460088253,0.0007836956455820054,0.005009908815219566,0.005180169222638309,0.005211281784223143,0.0025309815910816713,0.004299547305897544
2023-07-11,0.01014717683201427,0.009001396719671817,0.0037476125602418087,0.005389791953220646,0.002103330706033857,0.0047132745004463406,0.006368470383345315,0.01427039968480992
2023-07-12,0.022350628500500624,0.019096750583376565,0.013541420874312982,0.0077724413061699416,0.009760896775472316,0.00881844915789487,0.008045898506156446,0.005393290753555657
2023-07-13,0.013018895780500195,0.01600334059329933,0.0007146999149643118,0.005984268811121574,0.0083150374099763,0.007067677119893867,0.007937006214238096,0.006414025367533549
2023-07-14,-0.005577135522634835,-0.005654309903353694,-0.0031866482531699436,-0.0072706773847160955,-0.004948091078547101,-0.007756608626847794,-0.000622956551370013,-0.0019698675770309926
2023-07-17,0.001219407297722075,-0.001218552089555236,0.0007165567329587841,0.0018642437360119057,0.0016576535993051422,0.0016750947295229857,0.0034722868528593853,-0.006501642368969551
2023-07-18,-0.007306634901841358,0.006506987071247972,0.011456278139590825,0.0027909200823796887,0.001137789342081863,0.0025087236451415418,0.007430576751312978,-0.005492617603848005
2023-07-19,-0.001962656652688355,-0.0005388468136293678,0.00016335645500209495,0.000795548597757989,0.003408961492171292,0.005653039377008895,0.0022237855714153376,0.011280644019762365
2023-07-20,-0.007374486289677518,-0.005120618563222212,-0.005063389149303599,-0.0043704106857967995,-0.007927657780068431,-0.006727377861605488,-0.006634633370744436,-0.0032535654540815084
2023-07-21,-0.0014859967181448663,0.002031631644087817,-0.0030645332195952113,0.002527274666839885,0.0008305097209273526,0.0017627197152736418,0.0,0.004663351364865065
2023-07-24,0.013640993906841148,-0.0024330376440426793,-0.00428147332668416,-0.0017248733369785718,-0.002384940238896238,-0.0012037537225793038,0.004467481926775596,0.008238284449269884
2023-07-25,0.00831878869374525,0.0010839243445115443,0.005567859975791123,-0.0006646661915159502,-0.0018710293012984547,-0.0015766583442469173,0.002729996484983177,-0.007135272843918239
2023-07-26,0.005824073260323859,0.0027071604621142775,0.0048791150253855164,0.003990104477902934,0.0034362961381639856,0.004643948563224587,0.00015364151962793393,0.004520737759065696
2023-07-27,-0.01230412275043491,-0.0022946474934208982,-0.01571197400361901,-0.00794813166601216,-0.010896555900551719,-0.01220317842471097,-0.006629979638845596,-0.021693931063050176
2023-07-28,0.02418176477917111,0.007170834786924374,0.007981390400291666,0.005741894889165655,0.0032523403221924596,0.006551292464002989,0.009790335605143863,-0.0008257476801689645
2023-07-31,0.0004770216651084347,0.00026856683615084087,0.0026944104889450315,0.0023897364257916553,0.0012550498230226026,0.002789607680169226,0.0019040725939374337,0.006492770815860416
2023-08-01,-0.01263426562458192,-0.012489901896417077,-0.010364679607279714,-0.004950607627489778,-0.005843042120653563,-0.009964562417251854,-0.0028615100807442007,-0.0016421977919212072
2023-08-02,-0.023901237733130243,-0.018631860108003884,-0.004765602229612864,-0.0042799826261912255,-0.002000923737002336,-0.006108311849106318,-0.01391087138394509,-0.0057564400734794186
2023-08-03,0.003957453298291558,-0.0027719201767839596,-0.0003341470787491252,-0.003223586849027127,-0.007387966429129311,-0.008982905410111153,-0.0028657999433356895,-0.010870803359444459
2023-08-04,-0.0012319238764915141,0.002779625075614911,0.003620414278603157,0.005929317150060287,0.010632470267786243,0.010399995359105851,-0.004522745030425379,-0.008123363870147338
2023-08-07,-0.0014801320618170744,0.008453415605764292,-0.0022753962847783527,0.0018753922752685614,-0.002419771587916286,-0.002455271772379808,0.008728420261284064,0.012525688811992008
2023-08-08,-0.012104651048634896,-0.006046483660636648,-0.006341080194621318,0.0021392068656309604,0.005062106326603866,0.0039759260620488845,-0.004348586054148562,-0.006423442109356525
2023-08-09,0.002500712542739869,-0.000276517360040307,-0.00475820704444585,0.00013340746740730935,0.0006297321167831882,0.0009427909659136535,-0.006685382273445062,-0.00011952355565503225
2023-08-10,0.001496541674505858,0.004287204567113845,-0.0010686044760203073,-0.00026677934445806795,-0.007655243208970153,-0.00706484484701686,0.0003590889586930768,-0.0038315890786851936
2023-08-11,-0.014694785268091759,-0.00674773615287394,0.0,-0.0014677384235738389,-0.005283517668258519,-0.003415125218373949,-0.0005831591397887914,0.001562550827307163
2023-08-14,-0.004802988111680118,-0.004436313669015202,-0.003040588549344525,-0.00013356081678161935,-0.0015937628984508123,-0.0003809240637345779,0.005520036654766303,-0.0066002959585328425
2023-08-15,-0.011429954585504887,-0.012393894604678213,-0.002654474343068869,-0.003207886920123193,-0.0019150989645356775,-0.005237530529170087,-0.01164869072844521,-0.011234563775177064
2023-08-16,-0.008992961951970635,-0.008178080295791923,-0.005776029417432049,-0.003083958934434583,-0.0038377281257366835,-0.004499537556998834,-0.007338156870823065,-0.01233970730394407
2023-08-17,0.002333597224879247,-0.007108389684999494,-0.0015378724223797935,-0.004169127787960969,-0.0012846250351417066,-0.0026923128966573895,-0.007620088188913798,-0.008040197907331459
2023-08-18,-0.006725171917903339,0.0,0.00017112823031739666,0.0006746844804754737,0.003000435063084117,0.003760468696778263,0.0004814462759392679,0.0031171520075807813
2023-08-21,0.0023435007729870616,0.0037228283341352864,0.002737670236275802,-0.00026948383415115185,-0.006196490836842594,-0.005956244444572434,0.00650608521293794,-0.009199243091328468
2023-08-22,-0.0020784070158743617,-0.0018544204604231673,0.0016495566176504273,0.0005403368164762501,0.00042980743769360785,0.003092789735624546,-0.0027084148829574772,0.002885890571600269
2023-08-23,0.015881420377595434,0.01086188952299949,0.01016464068195777,0.0080955988533431,0.010853263487415443,0.01406551533752709,0.011137810450307928,0.01576362559088862
2023-08-24,-0.0038442638958595676,-0.013714169165023549,-0.00022482031744353037,-0.00548764121945855,-0.003720551571387065,-0.0034201568682463712,-0.013859284581662079,-0.0038181574977268484
2023-08-25,0.0010290439567146592,0.006737192823906835,-0.0012932863561120334,0.004171932316943794,-0.00032021951287519723,0.0005721618186234068,0.007049871211805447,0.0007421253552344353
2023-08-28,0.009766236610541323,0.01053701268710916,0.0028713533365909427,0.003752978593010603,0.0027750379890039145,0.003143683672664599,0.0063413039300805885,0.009389532816233448
2023-08-29,0.012725702145639284,0.012399442036919561,0.009768091768254772,0.0062760821274221446,0.007131624191600627,0.007977874097470306,0.014454903521294193,0.012117328696015006
2023-08-30,-0.0032669889552111586,-0.0005567293434397547,0.0025018747942815445,-0.0003979245851113422,-0.00010572455891832977,-0.0014130905910068048,0.004118658552909382,0.0036281581564410192
2023-08-31,-0.012355231340607009,-0.0038992762455820618,-0.0016637258183913595,-0.0006637925588084403,0.0020085306050703355,0.0016985016894042193,-0.0014633607753571365,-0.007350489202652244
2023-09-01,0.011743842220262701,-0.0005591028292173394,0.0004999240959600026,0.0018814328802070346,-0.006113040592379604,-0.007118600079560999,0.0018653101064862732,0.0016995049898385073
2023-09-05,-0.008074786706722015,-0.008672524720811037,-0.008161685723844458,-0.006527095831180385,-0.006065089077112229,-0.007140631007900855,-0.004322054377525419,-0.011633441030712954
2023-09-06,-0.005596444422951374,-0.002116486225984704,-0.004534245193468567,-0.002413307252637109,-0.002569133110559174,-0.000958798712859199,-0.006722302383101453,-0.0020843496899548564
2023-09-07,-0.011767770010832068,-0.003252225251979879,0.0010684498647577367,0.0033597590884100192,0.0034344249116391445,0.004415271825920053,-0.003070444016077145,0.006266109833954037
2023-09-08,0.002070768417880897,-0.0014187952857134256,0.0003370270596214642,-0.00040183073818400583,0.00021418279351759217,0.0007644331631320167,0.0015061976129560062,-0.003907169168654412
2023-09-11,0.012400099403157672,0.01037093280757806,0.001853109993606994,0.001742490486313919,-0.001710923291282751,-0.0019097057783600269,0.006576789073055256,0.000122380496550889
2023-09-12,-0.003062028928175975,-0.004077599322238834,-0.005156651253074851,-0.001605594564287105,0.0013924623174348394,-0.00028717785650045347,-0.0054856405975830524,-0.0004900939213294819
2023-09-13,-0.0012796417212905808,-0.0031062244254543847,-0.0023100098564432514,0.00268003245248849,0.0011769541512982595,0.0022011697161987698,0.0011660380014604232,-0.010913571480121398
2023-09-14,0.006663229757057465,0.013171033010860755,0.0005082241752882855,0.0012024715508012207,-0.0022445259104794113,-0.0018141626345972162,0.008622334811181576,0.018100642113853205
2023-09-15,-0.0038188182325754605,-0.0022364499511864366,0.006603816566220333,-0.0037373658787558384,-0.003105321825374152,-0.0015308062334482564,-0.012048386833577451,-0.0037751262682539366
2023-09-18,-0.0012776795672202468,-0.003502586660131035,0.005887647601878543,0.0006701300023193024,0.0009667821156400525,0.0019162756385209256,0.0005863607338791876,-0.008922840185579428
2023-09-19,-0.005885599774812178,0.0008437829050289558,-0.0009476457412548323,-0.0030796155364112288,-0.0036488613543493864,-0.003346985693328808,-0.0020738289067671056,-0.004563419546682379
2023-09-20,-0.004118400888198592,-0.00238803544903865,0.0007253927124595272,-0.000805348649256632,-0.0007538854728548205,0.00038359078511795985,-0.009193264252657651,0.0008672816378689774
2023-09-21,-0.017317182137025044,-0.016615099674546108,-0.007248413758109917,-0.007124033001278618,-0.007437805875547321,-0.01007081380799113,-0.016528288661974977,-0.03404313569242534
2023-09-22,0.011836129748611368,0.0008592481032989596,0.0032013033173832195,0.0017599986710539195,0.003909729710453114,0.006104094305112273,-0.0022485013649499175,-0.0075611687863096355
2023-09-25,-0.004419149898054475,-0.004435017631902238,-0.005150588926742139,-0.0013516682076737396,-0.007356049956722677,-0.009726383827795893,0.004205135824640438,-0.000903792778711221
2023-09-26,-0.014099324798466428,-0.012932855321066472,-0.007990985893820302,-0.004329959428035379,-0.0003269623482334838,-0.0028203298072196903,-0.014691324728528299,-0.018224356250795437
2023-09-27,0.001589212408377838,-0.001892547109577758,-0.012366647894697436,-0.0013593224504150347,-0.0044695471275935095,-0.004681122530802662,0.00039927725406352366,-0.0067140435920800545
2023-09-28,0.002643979165353194,0.008167926569538686,-0.004997187509914736,0.004763736148363673,0.0027373816963074393,0.0017636663364120064,0.005797248553688572,0.009595611872850185
2023-09-29,0.0007910912878505982,-0.0028934092458362537,-0.01027534966921384,-0.0014901911180649208,0.00021867367851924335,-0.002151665451873397,-0.0024267961311514874,0.0029160441418678573
2023-10-02,-0.005006644253937598,-0.014654673486540704,-0.010498705650611395,-0.0060679430435598425,-0.00811170358989044,-0.00916156067385443,-0.00039770894247748156,-0.018371657573284406
2023-10-03,-0.013241447553657748,-0.012516693749232033,-0.0028882419805683623,-0.01015234208422211,-0.008276882961295806,-0.011520721741699824,-0.013386169542979443,-0.019523211740415713
2023-10-04,-0.0029521220301337303,0.0017894872499033543,-0.00011825651470720455,0.005128203533275366,0.006342581302836825,0.00874137670728059,0.007282061879444246,0.012221845311329194
2023-10-05,0.003768350859602032,0.008782346416868814,-0.0018327868021307259,0.0009655283123757297,0.001880140703450106,-0.0011953803243197614,-0.0003767868665581764,0.005562272913971711
2023-10-06,0.014481206293658344,0.011066812389437075,0.005153083621109555,0.0013774657363125886,-0.005849716346615241,-0.002991554577580602,0.01187277664751174,0.002698536010347752
2023-10-09,-0.004758056498428198,-0.001459403426414263,0.01838544744893622,0.0074286387077140414,0.012767675465100492,0.012402401045516376,0.006402197793960784,0.010898363951635792
2023-10-10,0.01434262913524198,0.013738711669662784,-0.0016780958953311886,-0.00027284039351771483,-0.0019732349245185077,0.0003952889663700887,0.005204839419969964,0.004792202545534918
2023-10-11,0.006284200606942791,0.004181068194278437,0.007303045938392039,-0.00013658003111671757,0.005492199750475102,0.006122557228481984,0.0040962567303299835,0.017353019250635926
2023-10-12,-0.011189066156363725,-0.00832731929869368,-0.0030496507265770356,-0.005328145853064958,-0.009613509334797432,-0.010403956697159433,-0.006096385366099577,-0.014583399118397011
2023-10-13,-0.0036842745347325234,-0.009266072921643165,0.03214825984540237,-0.0008239207867379861,0.006397786574778186,0.0055542899908194165,-0.004980875067302493,-0.002510236979368363
2023-10-16,0.007395797216815048,0.007306981992452055,-0.004864928190345896,-0.00027488729374203213,-0.005918591291268482,-0.00690464038026628,0.010521275910905015,0.011921901832296244
2023-10-17,-0.002622010667218899,0.0005802525165556904,0.001854273768354009,-0.004674800861714901,-0.00981264152490402,-0.00794621131577078,-4.575153226005213e-05,-0.0014399456770551877
2023-10-18,-0.0152469735943217,-0.01739899978311643,0.014470816805260078,-0.004834946418380781,-0.004676688365518156,-0.008009341455201935,-0.01332501949415743,-0.02123767150296807
2023-10-19,-0.005873048145782933,-0.008853388066779488,0.012274016037125302,-0.003609065667950606,-0.00492199019020334,-0.00807426998832983,-0.00878659727862241,-0.023707361772305147
2023-10-20,-0.012083708029203555,-0.008932595490641959,0.0027308974274993236,0.0020895772852864702,0.00584558355671394,0.003967889855946094,-0.012287831345813571,-0.006722429894868154
2023-10-23,-0.0008155008186189194,0.0007511708594813982,-0.0033770637265356784,0.004031803957744051,0.004694367494903817,0.007804110006164322,-0.0017333792989739916,-0.009806882846993048
2023-10-24,0.012785603907969234,0.005703883609670557,-0.0001093308866343401,0.005123356461537165,0.0017799701475857965,0.005631197974252933,0.007539467774099862,0.012833362136252413
2023-10-25,-0.013161437911301865,-0.007164171149656062,0.004208823642007475,-0.005373105575020576,-0.00877258270286585,-0.009099800720131834,-0.014352117543495413,-0.021484921120977662
2023-10-26,-0.004899329839477939,-0.007215803847882674,0.0015784524505007003,0.0034626404246269615,0.00761819272614761,0.007265971643282576,-0.011974765013323285,0.01914188012037088
2023-10-27,-0.0008205192109299597,-0.00302854332270297,0.011629799758343662,-0.0012417436221263678,0.001556454999173118,-0.002003674973290237,-0.004532662176954139,-0.016020323182122542
2023-10-30,0.010402413737722549,0.01275820340275624,-0.00564054701797434,0.00027605869066071875,-0.003330345330760265,-0.003011503345585864,0.011955719534505693,0.006315741954576737
2023-10-31,-0.005689614006897714,0.0035991818447012047,-0.005456562573315948,0.0026249650139007485,-0.002116391968203124,-0.0014099894654462375,0.006280319826460712,0.017015641720448116
2023-11-01,0.009264562940698884,0.00941440033670049,-0.003150642851826202,0.009531749482643015,0.01151757815223542,0.014311058000296084,0.010664617842702562,0.006170981810756038
2023-11-02,0.017548377191832776,0.020429388124745262,0.0033240729584831374,0.011252611827313297,0.006196860994817532,0.011873979707760274,0.01916449207449178,0.032847171611786186
2023-11-03,0.020429852719135777,0.010590474884058843,0.003638921283475316,0.009770662570064648,0.007698185365579091,0.004930479477059269,0.00912330706306097,0.023884951412758593
2023-11-06,0.00806040198892699,-0.005024469235572426,-0.007792560392528847,-0.004031726857614326,-0.005784054375733372,-0.005298977678028116,0.0023005628213188523,-0.014434806106215947
2023-11-07,-0.0018056567240185561,-0.0060597620371781735,-0.0041451308444239165,0.00013528426983655528,0.005708117601858742,0.007990428331325905,0.0028460458234895736,-0.008238617807427628
2023-11-08,-0.006718327596837215,-0.0013064632086782213,-0.00996764391222027,0.0005393173489025571,0.004038309271978013,0.005089361836629003,0.0007324839245823611,0.0032965008464247436
2023-11-09,-0.00936499699280291,-0.00014541339529683395,0.003982968433291267,-0.0062029897890717445,-0.009892377636890659,-0.010126764587412018,-0.007798900396265407,-0.015771012948206597
2023-11-10,0.00709012005219356,0.004506399302694142,-0.010909752197912126,0.00488479049985191,0.001098048392501827,0.005016790087448042,0.015604788981413709,0.009347313949627845
2023-11-13,-0.0002605623360402154,0.0026051072840194145,0.005570720464602941,-0.0009452785977063227,-0.0005484681619355447,9.769112655177992e-05,-0.0009531094371517668,-0.008334304244825064
2023-11-14,0.02660384042247954,0.025548471714259113,0.008919177105678688,0.010136714546853165,0.015033281772495632,0.015658643718948095,0.0194007709739088,0.055496489646022384
2023-11-15,0.008384262966993239,-0.0015482442122530804,-0.002635601473798599,-0.0032111522694183714,-0.007783563569333407,-0.005203249179403624,0.002116945220050459,0.002906566252148135
2023-11-16,-0.009574307098336288,-0.0007047204691519315,0.011286077178189302,0.0013419259093441216,0.007517931555364399,0.008233160276890361,0.001223232488369863,-0.0021422406161829555
2023-11-17,0.001271933399215941,0.013541972381111655,-0.00010890234740634774,0.0022792819606600734,0.0006487799305159303,0.002882121669336435,0.0012437525796122895,-0.0007575247928439666
2023-11-20,0.01244919614208162,0.003757923068218094,-0.0016333808174913145,0.001069735622226009,0.0014050665362004278,0.004023423852484553,0.007697695690933148,0.007330298571011751
2023-11-21,-0.006273488312415143,-0.0038825152106053418,0.01079790063288577,0.0013358300953414393,0.0012948991565713275,0.00028610113162796935,-0.0021794935403188775,-0.007026380207755034
2023-11-22,-0.0020201485139192954,0.0023664290747449357,-0.004262252597287075,0.0017349354536113637,-0.00032307932246067317,0.004006482339475648,0.003860903299975238,0.004927851997569288
2023-11-24,0.0005060076092928689,0.0076376700147533505,0.005201596914642392,-0.0010654376082828154,-0.0051755683622998205,-0.005130332678845773,0.0006152604287994468,0.0028922254429388783
2023-11-27,-0.004046531642741824,-0.0034452801983320125,0.006737817869841178,0.0014665392174251224,0.007586754079492719,0.00811680135884818,-0.0018008995207469125,0.0036360075054397978
2023-11-28,0.00837990047366155,0.00027659384303957424,0.013331852960406732,0.004393293751968619,0.004410014454981903,0.0039785335908555375,0.0009900036303838178,0.006620746102864228
2023-11-29,-0.005791915893515354,0.002073996091903396,0.0014794398574642376,0.005435022510621668,0.00524747186195107,0.00811379459349415,-0.0007032939705655661,0.006949540303500479
2023-11-30,0.002026392393707166,-0.0008279508049880979,-0.004167950375202456,-0.0018454703701310526,-0.004900751949010851,-0.005240976809712583,0.003937426941798883,0.007271557689956243
2023-12-01,0.004297077920732972,0.010494253711735402,0.017271494075951965,0.00827922924043123,0.009435425361472571,0.012040215673154275,0.005916001602351395,0.024592958760476957
2023-12-04,-0.011326283164194484,-0.007788979691654929,-0.02161342646325959,-0.0025000970707100834,-0.004147083538995844,-0.0045722087419826085,-0.005249551542220399,0.007284375889119232
2023-12-05,-0.006110025730321711,-0.0035807482571313942,-0.0037794459254785195,0.0009237795680687722,0.007047505309877966,0.007967826112765808,-0.0001970564017446108,-0.006638832864734545
2023-12-06,-0.0012808348797626046,0.0030406183934703623,0.0036868953454944897,0.0001314283639277658,0.004135210542427936,0.0037198365630781716,-0.004029840675701335,-0.0029837280646836106
2023-12-07,0.004873099348347898,0.004823051030548253,0.0016503277504122948,0.0017132633379917106,-0.0014786055204759618,9.268892881886259e-05,0.007630496052002167,0.0028729754924170514
2023-12-08,-0.00433896413636059,0.003016965589004439,-0.01334039111485108,-0.0019736411340486315,-0.006450634010041645,-0.005373160455828696,0.004299109572013071,-0.001671050554839959
2023-12-11,0.005895951717449721,0.0024610954040642508,-0.011042895165362276,-0.0006592204165026816,0.00010624716342855223,-0.00027946333474526686,0.003889599493412943,0.0027498998163579813
2023-12-12,0.00025475693317345005,0.0017730940382356675,-0.0005446421195114404,0.0022426169194134093,0.0021290062719374614,0.005683238866500018,0.004567143826289977,-0.0005961560918458231
2023-12-13,0.009936225737320337,0.014567640749085342,0.022562533466176538,0.015267138071311415,0.01486790543143024,0.01676864014476198,0.01379020038990153,0.03829633576746527
2023-12-14,0.014631867993304182,0.007380529139833669,0.005862552982469849,0.004416196699788211,0.008312818944533173,0.010634979821055435,0.00320929808177417,0.02884087508170108
2023-12-15,-0.005967225892911654,-0.009724278347487902,-0.009166511771857233,-0.0022049278755853496,-0.0008328626208833345,-0.0014476344489626758,-0.001646461952551359,-0.014072171683934709
2023-12-18,-0.0005001856353776812,0.0024213683899907412,0.004545487184575592,0.0006501914708121337,-0.002187618048707818,-0.00416832079288032,0.005625087750699143,-0.002265501246970336
2023-12-19,0.008508436359639715,0.008454093374216765,0.00681394057869511,0.0028576739372785376,0.0018791996984610648,0.001273855303134619,0.006080946104650042,0.007606720043836335
2023-12-20,-0.01800155604396414,-0.010091833172154008,-0.005445982936102989,0.00012978968915433597,0.004897619882520576,0.0026355978356047416,-0.013857327917874529,-0.012169245562384079
2023-12-21,0.018795038331012037,0.016197401713523574,0.007070635455129759,0.004532771938826841,-0.0015551695890909656,-0.0003627830078436478,0.009481878761340878,0.00886824258744201
2023-12-22,-0.004801665691152035,0.0009375233549209216,0.004434417088942322,-0.0011602909575524345,-0.0009348507364264069,-0.001722568978140826,0.002009663437074538,0.0038916049813622067
2023-12-26,0.007871993720049097,0.004549514633876983,0.007620733251079592,0.0019366354346863623,0.0006236719668195612,0.0020890822335073445,0.004222601411330462,0.007410724630486865
2023-12-27,0.005794867955525085,0.005328538431720986,0.004537842226414179,0.004122819600266725,0.007792301534466528,0.009335286312615931,0.0018079687840184544,0.004866723039224752
2023-12-28,0.007765509337577692,-0.0026500929545415497,-0.005815437657636813,-0.0032081463361333107,-0.003814508438491071,-0.0026039744397476916,0.0003778442228825618,0.0070950862542218385
2023-12-29,-0.0004969466069251194,0.0010626778668352266,-0.001566841018672216,-0.003861505774387153,-0.002483675111525918,-0.0036913335193765606,-0.002895052070641224,-0.01185413291484605
2024-01-02,-0.01168865155412524,-0.011147810863954555,-0.002353909884146743,-0.0033595048424224228,-0.0037347886689527154,-0.006777543672875974,-0.005596251571711397,0.008601428796065402
2024-01-03,-0.005535938167639198,-0.00751595331811461,-0.008336809604204354,-0.0027226677511780206,0.002394943806072636,-0.0022747008500724197,-0.008166680091558853,-0.02390058614718782
2024-01-04,-0.003289608228131069,0.0022989751335433795,0.0010046128932528209,-0.003899815667026574,-0.006025141437214776,-0.005562550820211065,-0.0032211421521444183,-0.0018392694018041222
2024-01-05,0.0012694726135475953,0.0006745065346380752,0.00015845540955172766,0.0007827859122082614,-0.0036581343733405047,-0.0035764243122725636,0.0013696013623756276,-0.002533546598351699
2024-01-08,0.0027889725680345645,0.010651225197285008,-0.007816271130823282,0.005608076571362197,0.0033567845814446162,0.007638695809224938,0.0142760527784358,0.014316949001704327
2024-01-09,-0.014159332882336395,-0.008938031810739155,0.0003193567900841021,0.0015557379089117251,-0.0004181286511325544,0.0017351547889687957,-0.0015169954362290738,-0.006715952578439932
2024-01-10,-0.0023082043764305338,0.006461069160964783,-0.00228804710551489,0.0018129143812479764,-0.0015688572039654902,-0.001276566003243662,0.005655331479248904,0.0011459983830606202
2024-01-11,0.004113151780076318,-0.0001337507212075817,0.0019733072916665595,0.0032314397103487824,0.005342583792388389,0.006025277644080784,-0.00044060704158532804,-0.009271990115111373
2024-01-12,0.0035840592950986405,0.004146605527323599,0.009794068475553752,0.0010304200647988093,0.002709209743177121,0.002177950983528909,0.0006927159818934658,0.00600823240300552
2024-01-16,-0.02423463225390332,-0.016784250931713984,-0.009488181898979597,-0.0063062489877415695,-0.008105669271366578,-0.010141168437159398,-0.003671306660289475,-0.007350509299491881
2024-01-17,-0.01490200604897951,-0.00948398600860545,-0.01101595063528893,-0.004274142559995586,-0.003247856831917195,-0.0021040658899056375,-0.0055586288622799795,-0.018280694875107417
2024-01-18,0.008227259625814831,0.008890968382698317,0.008232882099906247,0.0020814822960699697,-0.002207162725616829,-0.0019249707721323839,0.00889274376764404,-0.0054214010765929466
2024-01-19,0.01052908662959795,0.0023046721858033248,0.00298872590696031,0.0016872107747314402,0.00010536906993685591,0.001010352253545177,0.012466281579720295,0.01196835106658467
2024-01-22,-0.008856562091614117,0.0031109953001373647,-0.003777957126316789,0.0007773216884439105,0.0030544112631989417,0.0027523693025544027,0.0021143215520429415,0.005971718465752618
2024-01-23,0.008672781257493156,-0.002831756891544246,0.0038991332271092194,-0.0011653631668746556,-0.002520451918127664,-0.0036596227089322753,0.0029163482692218246,-0.00686761121759405
2024-01-24,0.011203970577712496,0.007572870660482955,-0.008246890539639895,-0.0005186453817230818,-0.0028422877071916375,-0.0019288190515419634,0.0010933277311795386,-0.014299045035839453
2024-01-25,0.0012882369585174303,0.0028182325032370947,0.003969986681303217,0.007652497952845616,0.00432873883505458,0.006624999735197701,0.005438776457945327,0.01284187181015839
2024-01-26,0.0007719063344433508,0.004416616707404009,-0.0006946931881827156,-0.000772119024486817,-0.0017872443616716582,-0.002833715919277613,-0.0012702697862604362,-0.002817478749261304
2024-01-29,0.0005142762316807659,0.005862744124735864,0.0070584854445867595,0.0021897597347591002,0.006002730797810774,0.004124926202418777,0.007919178289388595,0.006592856780248013
2024-01-30,-0.00796718425755405,-0.0013247503837993113,0.0013805262268788976,-0.001285272821805239,0.00136093177738017,0.003195416423501518,-0.0007734921606405987,-0.009356805978477656
2024-01-31,-0.005440261707578609,-0.005040289925382857,-0.0007423479101065222,-0.0028315350464207523,0.008363010389733416,0.002547942301475592,-0.016317262637256746,-0.009563276035581603
2024-02-01,0.009637813973651932,0.009865221512773914,0.01040067256889099,0.005759277101035298,0.0061937493947348266,0.007733610070140395,0.013088310548540871,0.018119095307707722
2024-02-02,-0.0028379024087729077,-0.007920783422703859,-0.009453300862028224,-0.004513922343739707,-0.013013861190770193,-0.009129481167344133,0.010527166786669984,-0.012410879531899899
2024-02-05,0.0012936741156357456,-0.005322645373588175,-0.005513988032274764,-0.0046641233801025805,-0.00973231077370651,-0.009578680227833924,-0.0036410692052440963,-0.020983871070606286
2024-02-06,0.0227391433591011,0.006153846494616699,0.005224693124019186,0.003644968771400192,0.005389141931247954,0.005618436988239051,0.002903381627711532,0.013441619777374347
2024-02-07,0.0012632768517697457,-0.0005319829866711201,-0.0002651978305409086,0.00168565554038147,-0.0017862835052125936,-0.002931039782899769,0.008340367966469975,-0.0014340210702067369
2024-02-08,-0.005551506648364235,-0.0017291766427564026,-0.0009018470501077624,-0.0005179131177389662,-0.0032642865840872837,-0.005144124867708877,0.00044156112686710713,0.008136917466109672
2024-02-09,0.004313771583141834,0.0034646747149793544,-0.003876152075832917,0.002072725962921629,-0.001795781580457123,-0.0012925044002737307,0.005779462489611031,0.0015429142672429563
2024-02-12,0.007832011709717923,0.0017263011244375015,-0.0026119694947860372,-0.0021976591972037163,0.0009523506545034977,9.254222769405906e-05,-0.0004389554866645051,0.00023708237267650034
2024-02-13,-0.0188015937032473,-0.015378452386831998,-0.013788690196348319,-0.008032169261405708,-0.010995951527091874,-0.011001215820083177,-0.013773052224064997,-0.020616098758251766
2024-02-14,0.014307552275421687,0.011175489030054608,-0.0005961123453055439,0.003918452156234764,0.003741775449553897,0.00467370072763873,0.009087731073102123,0.007863473104796626
2024-02-15,0.004785841396332868,0.011318303772360094,0.0067238125229136525,0.003511994918202088,0.0027692122436924205,0.003628344504575054,0.0068997302180955344,0.02328660300197538
2024-02-16,0.004763147013540081,0.0015800722542973489,0.0036625695484677756,-0.0029818039120848017,-0.004355109679924363,-0.0036152272147775832,-0.004979910956536826,-0.010322503675234462
2024-02-20,0.0014971214797254717,0.004075087389375787,0.006064210073093879,0.0020805418195886105,0.0017070499541926853,0.003349514735801584,-0.005505443921967612,-0.001778029367223044
2024-02-21,0.001743913831884214,0.0007855884407510505,5.331256612173263e-05,-0.0018165802049846524,-0.0031949529542755206,-0.0025036906114123125,0.0009058826872427872,0.005580622914726829
2024-02-22,0.010196370506094565,0.011250612311558772,0.00042672195902415666,0.004809715515530444,0.00010722932623941084,0.0015801087655751278,0.02069542385601153,0.0018894186402655944
2024-02-23,-0.0004923732628845379,0.0012936239301684083,0.005651511902278639,0.0006469457682312107,0.004593240352937622,0.002970293437830618,0.0006897198965358786,-0.0004714391017871522
2024-02-26,-0.004433641361822227,-0.0014211585881210853,-0.0022266895335479875,-0.0032325237348288516,-0.001488770160595787,-0.0031464381321724133,-0.0036626406260920064,-0.010965757318433633
2024-02-27,0.001979337967804806,0.002716972466205725,-0.0010626830578386315,0.0012972483862006001,-0.002236351466700315,-0.0013923836958905644,0.0018578104305173593,0.0011922774332786545
2024-02-28,-0.013086452994406028,-0.005806338796600086,0.00180849115899262,-0.00012948837955784054,0.003629104131759986,-9.304979633306676e-05,-0.00132164076202812,0.0101214888942871
2024-02-29,0.0005003803655332373,0.0025956424623383434,0.005150266749304189,0.001813870092655545,0.0020206693472761827,0.0009297945841242328,0.003594967827487805,0.008487507832747543
2024-03-01,0.012253087152146236,0.009708834625847818,0.018910791174389097,0.003745435556238741,0.0045649211817748725,0.006087298981569678,0.009388268247338072,0.011922791160692947
2024-03-04,-0.0022233426844248116,-0.0025641349491306586,0.016174996770490724,-0.0002592771507221592,-0.0022243620309323475,-0.001853053384364034,-0.0010723988779473004,0.009356505633273615
2024-03-05,-0.008913187808608392,-0.0017994767248097343,0.006020141664404566,-0.0007776929802378874,0.006157820248694712,0.00547705683760924,-0.009994252388977443,-0.012130690475677386
2024-03-06,0.01448918115358766,0.011846617689432515,0.008215401882095241,0.0024644976605656677,0.002426664681866253,0.002677494515454848,0.005067315538934913,0.004981347698186145
2024-03-07,0.006156280978937501,0.011834868107213348,0.005683843351386164,0.001164577287992019,0.0016842528625198305,0.002486293192074829,0.009926451587278784,-0.00023079905889789032
2024-03-08,-0.0009789623471478937,-0.003269893614185615,0.008452547868211147,0.00025804160892684,0.0007357365175868491,0.0013776236163693945,-0.006002330948950307,0.011530405637216523
2024-03-11,0.002204823720487026,-0.005678226716026913,0.00183502012710135,-0.00012910056809900539,-0.0012603353268528794,0.00018365306049861196,-0.0008597399461756083,-0.004787655914992195
2024-03-12,0.010999669261952949,0.007994830292000987,-0.01094062729637224,0.0009047251594886951,-0.004100470726684291,-0.003209883425400517,0.01075728796021358,-0.002175832613864226
2024-03-13,-0.0031431652415758737,0.00012600805138296423,0.00700740378557585,0.0003870015815554684,-0.002216847300948399,-0.0010119511808329706,-0.0015674079404101038,-0.00505080375316691
2024-03-14,-0.005093332742982959,-0.007301085033359245,-0.004175139558116325,-0.004774560548810203,-0.007406819310512014,-0.0073680144636044664,-0.0019769437397858525,-0.014997667357069533
2024-03-15,-0.00609464953976202,0.0003802315696341818,-0.00319440663913817,-0.0006483001296032631,-0.0017054404090571795,0.0002783740223624154,-0.006866463700680225,-0.002225312167862037
2024-03-18,0.0017170648034656733,-0.00025332140672928993,0.0016022835845583838,0.0023354626222098496,-0.0011745322146228254,-0.0016694652065311066,0.005943093761497487,0.00046965625897876784
2024-03-19,-0.004897307283411756,0.0017749587434929825,-0.0011498061737871268,0.004012719460992686,0.0028862761437733475,0.0028802778054608513,0.005557089074327504,-0.000352175460106241
2024-03-20,0.011318914046758444,0.010631511756419743,0.011911859798154678,0.0033522850535467885,0.002345413336488855,0.0018527879466430086,0.009249160386824551,0.00657293650982349
2024-03-21,0.001216655223428731,-0.0005009663715955792,-0.0010386361790747367,-0.0005137276251886425,0.00010619115701326898,0.0014793795765295492,0.0033047325019495144,0.007229523097680435
2024-03-22,-0.007047360820926385,-0.0021299667673735367,-0.00802096899240623,-0.0010287708219220981,0.004891801903586623,0.003416768972745343,-0.001895633620864312,-0.012586594383694027
2024-03-25,0.0007341233524047475,-0.002134617159764818,0.0031944066391380588,-0.0015441260597849338,-0.0026458050247117892,-0.0034051344151276863,-0.002762833583577984,-0.006148630670227528
2024-03-26,-0.0007335848106643228,0.0011324598880957382,0.003233961285236564,-0.0011604494815929955,0.001485415256224698,-0.0002768810931722543,-0.001847152780470207,-0.004045252569483071
2024-03-27,0.0017130856995526411,0.006033196785791395,0.007240660177973313,0.00529149220599634,0.0038140369157553256,0.0069269939454776885,0.008404047672653459,0.02580337614713968
2024-03-28,0.003664830632855942,-0.0022487903520667096,0.012900024807739996,-0.0021827559695000165,-0.0009497764606263281,-0.0009171781384987865,-0.0001910389836942139,0.007103851548690754
2024-04-01,0.0017040093895233088,-0.004257680478454096,0.010208079384865787,-0.004073042118832859,-0.009047993913399721,-0.009575281808705594,-0.001739991260498397,-0.016767251544045236
2024-04-02,0.0031591078358967906,-0.007042010848998359,0.014772360490971526,-0.0016875111403427123,-0.00213862809435883,-0.0014887144146636944,-0.006357896508423777,-0.012583592322346293
2024-04-03,0.0007267515481823583,0.005572428092569748,0.008772374739768773,0.0007800807457163383,0.0011787708433537158,0.0006523327418850311,0.001098353997264434,0.001072055213225731
2024-04-04,-0.0036311188196882505,-0.008564277225674655,-0.005734705223284009,-0.0007794726940759666,0.0034244435867907264,0.0011175893435275697,-0.012206091188928014,-0.006424847901438491
2024-04-05,0.0021867088273714863,0.0031757743460785193,0.017114197447370305,-0.0009105093406460707,-0.006612786408982774,-0.0043721619253329624,0.010446857867218995,0.005149043214478288
2024-04-08,0.006545422785495081,0.004938536920828573,0.00622848536623688,0.0023429416036961914,-0.0022544774396240364,-9.337789941332719e-05,0.0005593746610834671,0.010721915289839679
2024-04-09,0.006743709035127221,-0.00012611920361516038,0.005497054993034878,0.0020781110161929295,0.003981324401318043,0.005139258757694831,0.0011568527924608052,0.013319160022067456
2024-04-10,-0.013636405175096455,-0.013232397422628828,-0.009463856185613961,-0.008812950918679063,-0.013290425050277888,-0.014223173388753674,-0.010013225036973217,-0.041409536007792735
2024-04-11,0.006063607461704201,0.0026820317931834925,0.019433247203493043,-0.0009151630219502715,-0.0014120488400228837,-0.00207484473262487,0.007546863400431425,0.0033974067897570848
2024-04-12,-0.022902640681847553,-0.016176314744722253,-0.013239324939518515,-0.0005238524918881327,0.0041336557110278616,0.00226797021288605,-0.013803029362475683,-0.0118514685552632
2024-04-15,-0.006414867730804574,-0.0029777857376892536,0.01871915519396472,-0.0057611799903382055,-0.006391746716421842,-0.01103141556685705,-0.012528106121352134,-0.01701139019171194
2024-04-16,-0.013161193719571362,-0.009868630395222566,0.0012220152803359419,-0.0032923109131117734,-0.003924756784944083,-0.00333707657554283,-0.0018237876332101166,-0.01406859039643138
2024-04-17,-0.0007550156380918827,0.0006556645169106812,-0.007368252752093185,0.001320998340700097,0.006348689580154554,0.005452705142631853,-0.005918237768831047,-0.00732410831622865
2024-04-18,0.004029252584379028,-0.0027522252923058987,0.0034154561341945833,0.0007919669234910387,-0.0034805842591213443,-0.0019977983937533583,-0.002057643186776703,0.0001273300686934764
2024-04-19,-0.0040130828598943236,0.0003941824201820765,0.003131535140574959,0.001845771765041082,0.0013095286539714923,0.001048495552396167,-0.008728396878918576,0.004833050295864227
2024-04-22,0.010828616320518458,0.011691935843295864,-0.02470249054532203,0.005527800957001894,0.00010924866426087476,0.002475812518040854,0.009209196968505973,0.008860876474790835
2024-04-23,0.008221107718358933,0.010907620305679044,-0.002458663172418052,0.0040574836582278895,0.0013078541752098438,0.0017100251183974624,0.011866510660843987,0.00915918955671069
2024-04-24,0.0034592883088335746,-0.0019267804295510782,-0.0018600907225296837,-0.0022159079173711405,-0.0030478545981470484,-0.003888176883815042,-0.0004745904155173397,0.0018650744677533027
2024-04-25,0.0022162255074555937,-0.00463313626300399,0.005963468053189924,-0.0020903727071185374,-0.003821352192952987,-0.0029511615877996222,-0.0037990221536245983,-0.005708507333879953
2024-04-26,0.011547930263099637,0.008016663373354715,0.003241927353549112,0.003142412215960899,0.0027399038057687175,0.0038189955710667967,0.009473954887369684,0.0004993051856276853
2024-04-29,0.009715911171881642,0.0038481228587397,-0.002031218037689575,0.003001680186479394,0.004044260693988333,0.00418561091355496,0.003541489000252307,0.010229400449711878
2024-04-30,-0.013952413125685847,-0.012650295447186322,-0.019937078844561418,-0.007287074061181342,-0.004681159827719328,-0.005494253534719218,-0.01584116572162686,-0.016917738369402247
2024-05-01,0.0009759557234521044,-0.0022000897820909637,0.00906215232545482,0.005270728775531808,0.003960091389798359,0.00415994329270708,-0.003247212585474224,0.00037698260027951846
2024-05-02,0.02583452330097269,0.013489062537748842,-0.0030870874411647042,0.006160833918674058,0.0046984651716623915,0.006189865308530829,0.00935338761440474,0.014063132144508383
2024-05-03,0.009028365035371744,0.00998198817837137,-0.0007976266365629092,0.004168566212907843,0.005546531729453186,0.0070037742353556975,0.012395333312771761,0.006686480601435507
2024-05-06,0.0009417561636411165,0.006842533304507237,0.010518361024399514,0.0011678582490843858,0.0008652398163968567,0.002819180374645347,0.01032673487815794,0.0008609993928205828
2024-05-07,-0.0056455989138990414,0.002642877883247241,-0.004600326433150892,0.00012961066079664185,0.002593564935073678,0.0004689230241126108,0.001103544897574693,0.009462845816524679
2024-05-08,0.0002364816627304922,-0.0011297208866188901,-0.002941061869504713,-0.0023322407429868797,-0.0028026204072491012,-0.0025293134292370123,9.654237104061991e-05,-0.008400290145905931
2024-05-09,0.0030748662211603772,0.007665241059160666,0.015778607960932778,0.00025945623506395954,0.0030264208030479356,0.0015962591694371753,0.005761865748158401,0.020503349043379027
2024-05-10,0.002122067520657689,0.0018705553791344975,0.008112513438038427,-0.0015580201439625574,-0.0032328289916699893,-0.003187824214467283,0.0012881688559209792,-0.0027669828636768257
2024-05-13,0.0075294879874372445,0.0,-0.011202103844459854,-0.0002597936988034677,0.0011894926182987042,0.00037637232080678373,0.00013436765336738432,0.0032574809551282335
2024-05-14,0.005371187974488656,0.007468354782557141,0.008462045119477013,0.00156085685938967,0.0029153984656522525,0.0029148994236474213,0.004588282548823042,0.007695938713905948
2024-05-15,0.01068535849404828,0.01062511455428572,0.012838750510223873,0.005844232013480388,0.007536590807535992,0.008906732913869675,0.01238282604793639,0.01384229059809683
2024-05-16,0.00206841842417238,-0.005378960188468507,-0.0038933433506626036,-0.0023243337890017646,-0.001923423316621986,-0.0015797313504306576,-0.0020574030719894276,-0.0007060951174278074
2024-05-17,0.004357842373245546,0.003441477032857021,0.0164977725898805,0.000129891234302848,-0.003104805787648046,-0.0023270584384720294,0.001437661953342273,-0.00011770022978541128
2024-05-20,-0.003653839143478055,0.0007347707704821183,0.004023937591649318,0.0005169201420571756,-0.0015037545849754252,-0.00046630916297507596,0.0011519354291060768,-0.005890024020938411
2024-05-21,-0.006188373050846296,-0.0015910708721655897,-0.001469548604570936,-0.0007755956070264469,0.0025813911158398817,0.001680045006106079,0.002452584934648172,-0.0003554321117259507
2024-05-22,-0.0032287221903268826,-0.009439748189482677,-0.01837396956557802,-0.0022004782274045454,-0.0012871947042756293,-0.0014910860466783582,-0.0028792783967770408,-0.009009095342233153
2024-05-23,-0.007404054032178364,-0.0050742245580788214,-0.019944570339717638,-0.003501996446891864,-0.0035448813155343206,-0.004385787839845445,-0.007304279476561093,-0.021531240476315605
2024-05-24,0.002797137383938386,0.00821000831360652,0.0009271136061119734,0.0035143035253508703,0.001293438796969859,0.002718133971619574,0.006616275224273771,0.0007336778083604223
2024-05-28,-0.0013946208815525107,-0.00037036617120744797,0.010513172896031486,-0.004021314155760458,-0.005598582299801591,-0.005982514968066233,0.0006991068007877743,-0.0065967321161100045
2024-05-29,-0.014897636138525794,-0.01579840364740459,-0.009303812074716977,-0.002995285388991742,-0.0048721199606595045,-0.005360074801368131,-0.007002747268023524,-0.009714633349943047
2024-05-30,-0.00283556757955461,0.00840234670197093,0.0018967600627461945,0.004049680362817387,0.005004787160303614,0.006145309477813887,-0.006633697941680672,0.014652856237890699
2024-05-31,-0.009715453014773723,0.00957602916420397,-0.00586417430627717,0.003512700343462072,0.00465495971545371,0.0044166791981286035,0.009108214196316355,0.018724850540134286
2024-06-03,0.010528747572059904,0.0028330570573265046,0.008917780500373507,0.003099918768879828,0.006549518657572584,0.006902196200491151,0.0008154781339302364,-0.0022826034936108686
2024-06-04,-0.013971061162133425,-0.00122841677822072,-0.008977059834655465,-0.0005196828624978167,0.005476454560264354,0.0039172986967574985,0.0011176521585258836,0.007706333819037292
2024-06-05,0.016090266251722163,0.007010180298432589,0.011845603201319,0.0032481668938497688,0.0036310842390034903,0.0033443274096145448,0.011885299916094771,-0.0011952144021643019
2024-06-06,0.004963415634336332,0.0034198238159830474,0.007391356612921562,-0.00168339964349562,-0.00042554267890049235,-0.0006480387239363727,-1.875747881197043e-05,0.001914212682698535
2024-06-07,-0.011289012993188074,-0.010832603145865205,-0.03568330143379639,-0.002594152495601354,-0.010538620182016456,-0.008987394479065602,-0.001215859136194819,-0.009432664836285687
2024-06-10,0.005946873917110018,-0.000738217876648295,0.009168181127878317,0.0009102756330310324,-0.0021518236774490385,-0.002056909954617936,0.003090006338474449,0.003375084211344914
2024-06-11,-0.0033333279454451636,-0.011363416264698056,0.0028566106093961263,0.00129932312220582,0.005282896288418604,0.004309761870544326,0.002408221654687015,-0.003604026465304666
2024-06-12,0.010033333145716528,0.011785422956729796,0.0026617200115086614,0.004022999305600239,0.005577111727524509,0.006156679627357775,0.008212875913243822,0.00892207398880318
2024-06-13,-0.0023650459804985813,-0.01427847276688099,-0.008150148984962247,-0.00012923261893693638,0.006612577075642445,0.004728372859678309,0.0020137416563510424,0.004063039813109182
2024-06-14,0.0011853263415488868,-0.011054596103100778,0.012959545903254766,-0.0038781481959356823,0.0023309591111360106,0.0008303919275371996,0.0006082700460166013,-0.0002377667895641089
2024-06-17,0.006393562484846349,0.003982987492568313,-0.005191652247571676,0.0006490981752320657,-0.004650902241179589,-0.004702138724666405,0.007958943634686966,-0.00392869863903933
2024-06-18,0.009176402360921543,0.003967082111040021,0.004007271832187298,0.003112264066473358,0.0043542407604975075,0.004631711310538966,0.00254083472097566,0.003944194189383188
2024-06-20,-0.0016319864882542445,0.0006375478005276047,0.012484347826456466,-0.0006461073480948931,-0.0025378504207930197,-0.003319503675669133,-0.0027167866743630364,-0.0028573526303935504
2024-06-21,-0.003503203513797848,-0.007006380848147753,-0.015493238109986152,0.0011638120358259396,0.00021176310813642019,0.00027764340366975837,-0.0013403787346283336,0.002507235989731793
2024-06-24,0.0,0.007953711939262975,0.003957566385821121,-0.0010335940336675398,0.0008479229387476916,0.0010174594335943254,-0.0032508539071004483,0.0077409040258715756
2024-06-25,-0.0023434298285487376,0.0024182977905071734,-0.004962237629221655,0.001293775295180044,0.0008474668128675145,-0.00036991848261669347,0.003850869326469164,-0.012290288646027547
2024-06-26,-0.0021142285668882543,-0.007364150925268431,-0.009228168111804491,-0.002196152996468914,-0.006031090325652189,-0.005453211471871278,0.0012481564062454265,-0.0031108297799653517
2024-06-27,0.0007061733292659245,0.0007674496443130785,0.011336925587312363,0.0011651626088706735,0.0022354675497822107,0.001951732156455499,0.001576461654494432,0.009721408253834607
2024-06-28,0.0018819878804638979,0.0011503956708016627,9.297647872519299e-05,-0.0024571355577744924,-0.005310949672533649,-0.006400131776779672,-0.003934950837129025,0.00797879638476573
2024-07-01,0.002347925174312815,0.0017872865197088306,0.002604589701363791,-0.00019543257643162004,-0.007443580399984828,-0.005939323787560902,0.0020579086894720877,-0.00943179918480963
2024-07-02,0.003045311959493313,0.002421275620613228,-4.643394389247657e-05,0.0027370379348541363,0.0037764751536937258,0.006408245761388542,0.006729662300142714,0.004700529155543753
2024-07-03,0.01471272733309159,0.011441600729707124,0.011273000380832565,0.0035099846535695534,0.006665423989988373,0.0073977055250742385,0.004462634526017029,-0.0009596645617839794
2024-07-05,0.0041426336503465055,0.006661551810115185,0.013486798057397165,0.002979471236596032,0.005553348741969888,0.005205505532167365,0.005766710947834097,0.0027617600417999544
2024-07-08,0.0002292781938040278,-0.004994214781408712,-0.012402074526820739,-0.00025845925285783444,0.0003184732580785443,-9.238594808191891e-05,0.0011537586769874153,0.0032331241300240787
2024-07-09,0.0041245058494630005,-0.0040157116120739245,0.0016957473442755777,-0.0011630350251874422,-0.0013802521201128348,-0.0018497406553159568,0.0009723971750748017,-0.00023866428179242227
2024-07-10,0.005705188199945921,0.014111146421724952,0.0036603361122538036,0.00232800224183749,0.0009569606551638188,0.002408794576607809,0.009895281643110376,0.007401931411225915
2024-07-11,0.005899812736288368,0.0028575616511747892,0.017733403441032136,0.0036133930535229286,0.006372764320910829,0.005361074135690425,-0.008622565598673693,0.028679865159884077
2024-07-12,0.004060307634987215,0.010654074171588812,-0.0006270969301161999,0.0025710882814904412,0.0021106004671791467,0.003677484212847304,0.006307514045889917,0.007603699463057945
2024-07-15,-0.010559345470231518,-0.008825676996120135,0.0032271131671974818,0.00012820824361403638,-0.0031593628267287954,-0.005495900227708739,0.0027501763419899294,0.006746094904831912
2024-07-16,0.005676687768208621,0.004823188657798738,0.019925798233449088,0.003846523841642524,0.00443728294929957,0.005802562627588603,0.0059302261279106094,0.01226558127094024
2024-07-17,-0.016256440209448053,-0.0052923384068266355,-0.004643206403117217,-0.0011496340052473686,0.0008414505773515213,0.0004579804292599299,-0.014021346266925194,0.006843849475764552
2024-07-18,-0.009410234187624322,-0.009898611766060883,-0.006381186355259194,-0.0020457806185915084,-0.002837475643011511,-0.004302220924895406,-0.0076849794511527625,-0.008803110988436669
2024-07-19,-0.009731217830813876,-0.006123389433983273,-0.017937829186174925,-0.0007688777450325368,-0.0031619533127913435,-0.0036769931375776332,-0.00664052947872551,-0.001798617743523634
2024-07-22,0.00842309008651343,0.010562016049124434,0.00031573231212611574,0.003719138620930096,-0.0009513512685757064,-0.0005536268173598202,0.01030996941834772,0.010361498171023165
2024-07-23,-0.008816744160706769,-0.005599031019877132,0.003516676143213937,0.0001274045416268521,0.000740363860837645,-0.000738629312173944,-0.0015685071166898767,-0.0007802460027647173
2024-07-24,-0.014513192770605698,-0.012637573471867114,-0.0035043524704835294,-0.0031933609987594425,-0.002220579733528738,-0.006097541244424742,-0.02266230877481734,-0.014725774982547124
2024-07-25,-0.004037958134427311,-0.006336352013736168,-0.01564473026582147,0.00012801618212443522,0.002225521681872067,0.003997151049271563,-0.0052107696165193396,-0.0032833478795949445
2024-07-26,0.010255157984081054,0.012753411016781957,0.010534525866662925,0.0032032910340702436,0.00475906892647826,0.0055550013619778404,0.011200020052670734,0.017494032267973747
2024-07-29,-0.0033048112361319104,-0.004407652472427914,-0.0014050562105476505,-0.0008939042346221004,0.0016840505352011537,0.002117524368461021,0.000587801905478802,0.005135541949985889
2024-07-30,-0.004500445447717327,0.0022768252269311784,0.009985461488319247,0.0005113690549922723,0.002101718651762896,0.000826892265025192,-0.005066440400681604,0.007775368056062826
2024-07-31,0.021889270881473077,0.014134399345786974,0.018110725786084414,0.003577863394554903,0.007339897129438722,0.005783693226547815,0.016254382826145886,-0.003527115557106386
2024-08-01,-0.017462256553994582,-0.02650578036028206,-0.003442943141866439,-0.0021886723324545665,0.004270017877043397,0.003315974526885146,-0.014160758032394472,0.010065302549540966
2024-08-02,-0.014217933685160555,-0.01572297444103976,-0.0019046282784819235,-0.0033351776392658294,0.01549005423813421,0.009768852257536986,-0.018618369282101255,-0.0005476216768039999
2024-08-05,-0.028365544806398524,-0.021818109578320644,-0.012691935106198704,-0.006177711716300549,0.0010237160607426965,-0.0025317159462341365,-0.029123923892752424,-0.02859628315151952
2024-08-06,0.005690413524920501,0.001725838610540098,-0.008000713832612472,0.003755736304254187,-0.008897171155192396,-0.006526316772630381,0.009219668747423526,0.019738181681779654
2024-08-07,0.00615019200132183,0.0047715257052116655,-0.0006796279952806517,0.0019351638137903304,-0.003611897189572666,-0.0045620023589793,-0.006684044376339737,-0.006857582606527801
2024-08-08,0.022738319083784875,0.01675240263380373,0.015688013635013043,0.004120412478386015,-0.0030035342444453272,0.0004582833438644407,0.023117361125918112,0.009800447634361609
2024-08-09,0.0054983141997204665,0.003892009252151496,0.0024552612171107047,-0.00012830629348381528,0.004051377790595501,0.005130620201867497,0.004409574868284416,0.004632273460110969
2024-08-12,0.003328573119944389,-0.0009046147232959489,0.017144665770273848,0.0006415043934409059,0.002793319324721155,0.0020962910864190665,0.0005255223572662171,-0.007355304115030159
2024-08-13,0.011137356152103761,0.017203452541239894,-0.001532358906807807,0.004614033839090759,0.004436259213780547,0.007003882462963018,0.016445728510096513,0.008736906293773439
2024-08-14,-0.005390075780568493,0.003687746133412384,-0.008155751250824572,0.001786250442236792,0.0013352553594765393,0.0044259690476391444,0.003154433774180898,0.0026313032031142214
2024-08-15,0.011074467525543641,0.012162722727939945,0.0031388449312386157,0.0008916413511712573,-0.0062571065708539875,-0.0030575799766734413,0.01714039684358104,-0.0007653105313641939
2024-08-16,0.01165226377240125,0.005507500552522249,0.02238773852658915,0.003181022874299222,0.0019613590253300117,0.002976710926687165,0.002241993650433649,-0.0005471720107372846
2024-08-19,0.00967526703691024,0.012199618219398412,-0.0016380226467286318,0.0016488131790806104,0.0013391597997818305,0.0023384740752299127,0.00956143118372177,0.008321405651738223
2024-08-20,-0.0077572442918322215,-0.003074612566294266,0.0036699887797402297,-0.0008862364083414009,0.00401235977315384,0.0026020264028996376,-0.0016260605567995912,-0.001194515437299648
2024-08-21,0.00390880705126051,0.00925228489027341,-0.0013336178629832496,0.0022813938134584877,0.00204915172987441,0.0022372046750764873,0.003436571382049669,0.005327468318178541
2024-08-22,-0.012368308213294266,-0.005867177531749479,-0.011975011209935604,-0.0012647837646894144,-0.004601456558793404,-0.004107448849621997,-0.007848736322803807,0.0029195788492375474
2024-08-23,0.016697722145458282,0.018320484829955408,0.011553425520716143,0.005317717387172349,0.004622727840132956,0.005738323250904509,0.010625500639886765,0.02199704365101729
2024-08-26,-0.008439832467676767,-0.004467559792197706,0.0031893380775307456,-0.002014682452249006,-0.0012273627130748865,-0.001248103176529236,-0.0023838081109496256,-0.0004219306671854328
2024-08-27,0.0013802732178491706,0.004608991184159583,0.002706671669018279,0.0006307919700827558,-0.0004092596508037394,-0.000803216962185882,0.0013731822465194998,0.001477467576781244
2024-08-28,-0.006202622234417365,-0.00350119907374713,-0.007026862307456638,-0.0005046381853938131,-0.0005120361264051576,-0.002054827009933091,-0.005805296430382967,-0.0038993965409687137
2024-08-29,0.0004622014395170293,0.0037557055445625043,0.005177980359189593,0.0010097859473356952,-0.001742134205207635,-0.0017008186691497285,8.930519883842969e-05,-0.003068563537730662
2024-08-30,0.002079545330821997,0.0015690802893384426,-0.0071260085162319076,0.00012558518610905622,-0.0034902648403426495,-0.002779743859113948,0.009546186583304639,0.009658289497411765
2024-09-03,-0.019829410917598156,-0.015787024893671786,-0.0043235765879541255,-0.003545830901859337,0.006591837464339223,0.003023307683312604,-0.020578918275010016,-0.0005256026648072787
2024-09-04,-0.00023513106043737686,-0.004407926257198991,0.000607926500195255,0.003685975276216169,0.0058508950450357755,0.006208591788758655,-0.00204683084696089,0.002839781600016078
2024-09-05,0.0014117758928624546,0.00024596900530360344,0.008332306942507639,0.0034190744516979787,0.0023473639509377087,0.00491805827427827,-0.00243218058308603,-0.003251234742273623
2024-09-06,-0.018327118860829383,-0.018812101780515733,-0.007402630408956501,-0.0012620764194182232,0.0014253247748330367,-0.0004450554676438401,-0.016830203968230317,-0.0009470499964271406
2024-09-09,0.008377296633396591,0.010024930795655473,0.004205876079289794,0.002400986137694572,0.0014234624468218993,0.0022257522140329833,0.011196137881657853,0.011163831709883887
2024-09-10,-0.0037978303447468997,-0.00496271452812469,0.004404097525005923,-0.0018912342352560563,0.004263902008069254,0.0027535445948174697,0.004355801507269996,0.014477724259782443
2024-09-11,0.007386175934623207,0.005985060530852682,-0.001590555949419148,0.0015156183630722353,-0.0007075365794179111,0.0004429715233849052,0.010258963429025103,-0.001950724369433221
2024-09-12,0.008278227636053348,0.008180358788515418,0.017567284525531468,0.0013874373600559764,-0.0016184897433446643,-0.0007082940040294972,0.008423348039961365,0.004217654193003462
2024-09-13,0.004691537696139614,0.0023359437644945302,0.009943683944142245,0.0027702817980033156,0.0019251448065145116,0.0031010376944218265,0.005222782664183523,0.010448664866587798
2024-09-16,0.0032687316420552115,0.00809507385504915,-8.374817448153493e-05,0.0025115774017305803,0.002629351163361493,0.004416536161975904,0.0014767043578509664,0.00334550426583502
2024-09-17,0.001163534278119549,-0.005596616350281081,-0.0055309113549146804,0.0002505285184077888,-0.0018157430849776723,8.795542873207829e-05,0.00040862256895390914,-0.006971790780401443
2024-09-18,-0.0034866389444787593,-0.003181164606502418,-0.007710465405288858,0.0008767365033128804,-0.004345177329293959,-0.004132886343550579,-0.0029658253212330177,-0.0012208813597482937
2024-09-19,0.021226837348785832,0.019761814758017193,0.01554075728197235,0.003002637783675377,-0.0008118732245721016,0.0008829074756537825,0.017064492025055333,0.0002036171393973163
2024-09-20,-0.002055704042832951,-0.00986997322211891,0.012710660066880486,0.0012476978957196572,-0.00030493871936543293,0.0008822747217518412,-0.001728712126973564,-0.0039722412643559135
2024-09-23,0.007782102234270782,0.003768489202698344,0.0019404068737312041,-0.0018691088617357465,-0.0006094816663044789,-0.0014100740971242365,0.0024987950515615864,0.009919110338306947
2024-09-24,0.03406768042614394,0.005934280949934312,0.01396907347432852,0.00012482646948464016,0.0011182446868407414,0.0016769827377549618,0.002861378152297034,0.0014175778148697304
2024-09-25,-0.010542495732972723,-0.005417699699859169,-0.001381767735031958,-0.0011234039595565681,-0.00406192306005293,-0.005904373057620815,-0.002205574021654777,-0.0066735018934210855
2024-09-26,0.03662604119196389,0.022031237965263628,0.005086884066794806,0.0016244724574752123,-0.000713835768727189,0.0,0.003964581671726419,-0.00905936833708243
2024-09-27,-0.0019272528326887972,-0.006040620500987637,-0.007935830791900744,0.0024953957914393143,0.003979484806339473,0.0039893514546194275,-0.0014501815720059374,0.0012743173058546997
2024-09-30,-0.016090967070453766,-0.00345562717194714,-0.007999374253898295,-0.0007468397954694117,-0.0027439607132402344,-0.0024723170086287105,0.004007306781378839,0.007862504972126594
2024-10-01,0.007195827035087143,-0.007413608196950805,0.010491249392624136,-0.0005005557913565495,0.003638556999182585,0.004805929682701882,-0.008958495996637117,-0.006466841683208879
2024-10-02,0.019701203131000655,-0.0020479193323859057,0.00020358719772617384,0.00012512229302741318,-0.002851515914470859,-0.0022101657999943347,0.0004220737216988901,-0.0035128811546053518
2024-10-03,-0.011889578313881266,-0.009295101574288811,-0.0006920058878576718,-0.0023786124542125586,-0.005106720733384473,-0.006468227956684891,-0.0018282874847113106,-0.00912377715572088
2024-10-04,0.009239508957166853,0.005848688954996906,-0.001996030315693287,-0.0011289623796872927,-0.009650101956153123,-0.005440142686864213,0.00908742566416687,-0.00481316136125598
2024-10-07,0.008303109536243802,-0.005572307875184812,-0.0033877625757333663,-0.0042715581827083016,-0.0036280306052887124,-0.005111142589686479,-0.00904048416232972,-0.008832103181047102
2024-10-08,-0.024704459831833003,-0.0015837061240898676,-0.007371925565205384,0.0023965789224902334,0.0008323491491268875,0.0019827807079333404,0.009457552416897164,0.0020156339137051837
2024-10-09,-0.005412541950334138,0.00024411757552234015,-0.005446185963701722,-0.0006290253074233698,-0.0037421593930812014,-0.0019788570683144657,0.006926483704299491,0.00105863498308989
2024-10-10,0.0019591363006190576,-0.0012198929797248015,0.007342892553628744,-0.0005034518690119061,-0.0001042518588745267,-0.0010816519326163343,-0.0017499289570287457,-0.008883216193712684
2024-10-11,0.007169338157079874,0.005129589713314342,0.010913408354139564,0.002645837473663759,0.00031304352266725566,-0.000180346476619353,0.005988233710532809,0.011310221347645477
2024-10-14,-0.004098464798468426,0.0029161220440971913,-0.001629502157067031,0.0005030132489527439,-0.0017733581568306622,9.007783692882576e-05,0.008178347010304066,0.006014018959227707
2024-10-15,-0.021225872269906243,-0.016597992626203206,0.003468359323146597,-0.00025148628927518235,0.005120524623208,0.004872772049086871,-0.00776970892320461,0.012060837639929378
2024-10-16,0.007745241153001459,0.0025870285298885687,0.005001609209081437,0.0017591486289540992,0.0015596067698009364,0.0031430798389688874,0.0043464140096862725,0.010984308215712613
2024-10-17,-0.0015372829928324006,0.00012297870008914913,0.00598831083503093,-0.001504951644793251,-0.0051903963823273225,-0.007429887383834877,8.589742862885608e-05,-0.007892473922621823
2024-10-18,0.009896670181107181,0.006757598399354192,0.010618185005034864,0.0023864669391562288,0.0011476560249175094,-0.0011725788991001629,0.003846440996529976,0.007438685245275023
2024-10-21,-0.006968667476821122,-0.011837973625691833,-0.00019900127714245208,-0.004009754762179241,-0.00771305851258508,-0.010203081407751391,-0.001642173469649788,-0.019587725010033363
2024-10-22,-0.002192941549845062,-0.005681042247262513,0.01078732362833379,-0.0013841613802713093,-0.0009454311855895403,-9.135670730564538e-05,-0.00053117967032279,0.0014645010279088488
2024-10-23,-0.0059340690975180355,-0.010061033012360276,-0.012050555849465017,-0.003024087329741465,-0.0023129456350150512,-0.003375615133665466,-0.009137472564623828,0.007311455950121282
2024-10-24,-0.0015475546376489957,0.005646304124536927,0.007693259346016168,0.0029069677444011344,0.002213098133672542,0.003020879058890813,0.0021628025973028375,0.0021776598692846427
2024-10-25,-0.0008858644402801596,-0.0033687411197977912,0.0020569789010425055,-0.001008262493987111,-0.0022082111457071285,-0.0023729707050031967,-0.0003452972949489208,-0.009415542596423854
2024-10-28,0.004432629919698838,0.008011913565533879,3.945407605776552e-05,0.0025229871750460653,-0.002318565621535762,-0.0008231839014569697,0.0030914298610738022,0.003133444579852762
2024-10-29,-0.0030891390828963194,-0.0036014420319409046,0.010894858433216914,0.00025147245839840515,0.0004225057364373175,0.0011900985492534488,0.0016183794542701246,-0.007184410581266176
2024-10-30,-0.009738782108649313,-0.006481382694974891,0.005505891218995584,-0.0017609272431660106,-0.001477887195723504,-0.001280266195186286,-0.0030253159284875375,0.004404765125423982
2024-10-31,-0.006481961570583894,-0.006147305661713176,-0.015495166963743978,-0.0027720831786752775,-0.000529207949227728,-0.002014296390642545,-0.019603193652644957,-0.016915641363922984
2024-11-01,0.0009000144821655898,0.002019665652075009,-0.0041023758773532926,6.329832071583219e-05,-0.005921793494440664,-0.005478648936486641,0.004220588805548209,-0.011046056332459586
2024-11-04,0.005619179692934573,0.000755950560935803,0.0014259144001700363,0.0027935954265856378,0.005337881974057934,0.007406649744052585,-0.0021538926051214435,0.010954637717549787
2024-11-05,0.013634335464829839,0.009944584333336337,0.002254447895034817,0.0027859194305799306,0.0005311957940898893,0.00477890383539159,0.012091704251122826,0.013279591032165472
2024-11-06,-0.012348469652015415,-0.014458445685142873,-0.030386729020158154,0.001767913203273741,-0.010295084327005988,-0.010426983559510772,0.024865595825653397,-0.021283260497118928
2024-11-07,0.022103190662186245,0.015176433421864699,0.016076503855530166,0.004286002030317482,0.008042884221287405,0.011830983689659735,0.007732061978746874,0.011997871895377266
2024-11-08,-0.02468321658508943,-0.013828351297962005,-0.006769426092267161,0.0016313962380085645,0.0021276739300128966,0.003471165753627492,0.00433181667633864,0.014925346050586263
2024-11-11,-0.007614692618273633,0.0002526495568713205,-0.02347155656813127,-0.0011277830788720689,-0.0027601811946698085,-0.0019115279465086177,0.0009527816016310364,-0.0050061909042790065
2024-11-12,-0.018957493757140065,-0.01856525749924287,-0.008631355179477884,-0.004014387639537098,-0.006280634550007713,-0.009029615140375924,-0.0031062323344024367,-0.013836377674128708
2024-11-13,-0.006441213773225152,-0.005919471317446967,-0.010081225320474285,0.00025219503379059205,-0.0006423896511768001,-0.0037736599909575785,0.0004857686482722112,0.005527049300665388
2024-11-14,-0.005556793501124813,0.002071170359765784,-0.0026091417886487944,-0.0021407886337195814,-0.00010738071588767273,-0.00027703959198022154,-0.006430102156933848,-0.008985166958547008
2024-11-15,0.0,-0.0036171616995204214,-0.0017720694429753658,-0.00012644225853031266,0.0004288716387186309,0.00046216446263702693,-0.012808639480448747,0.0005334132553456161
2024-11-18,0.011408503203673037,0.005445492330738322,0.019020246289590537,0.0018928423358450797,0.002250262353440169,0.0018474242171491184,0.0040973033512390344,0.007249369161288044
2024-11-19,-0.0006905672938615215,-0.0012895786599965708,0.008959325127211537,0.0015121965785664937,0.0021382787186672303,0.002120419324327605,0.0036554745910837294,0.004868776489972637
2024-11-20,-0.001151832836407407,-0.002711391405302077,0.005632045702723465,-0.0002515288651839809,-0.001493670767480304,-0.002391900858972784,0.00033882773833160407,-0.0012639392291140528
2024-11-21,-0.0020756162748504225,0.00025903515462055715,0.008339500390982302,0.00037722958867481005,-0.0005342270189420129,-0.0011992348367750871,0.005368352731534021,0.0073823096272376265
2024-11-22,0.00023100116903385093,0.0038828360616254276,0.012892210445830665,-0.0002514972756576528,0.0006416063228429358,0.0009234850124766325,0.003099499050194021,0.0075375879513450705
2024-11-25,0.0006933048014816645,0.005157335394547102,-0.029458856541118794,0.0037740425895487206,0.010790508820882394,0.012453687305299832,0.0033918955160623376,0.013923594747758061
2024-11-26,-0.004156116937409804,-0.005772115562544089,0.0019383092584315254,-0.0018798737002982957,-0.002113869643960431,-0.002551101229233632,0.005221693959176266,0.003996918445981823
2024-11-27,0.0013911541116358173,0.005418584554609085,0.002222714763140843,0.0030134628500357863,0.004024998154757098,0.0036539337776033687,-0.0030301914713902756,0.0064304531596792724
2024-11-29,0.0016207429954111507,0.013345240131212854,0.008624546377060671,0.0020028692991513886,0.004219710780995589,0.0061892450364500196,0.006212049739253267,-0.004462497584583502
2024-12-02,0.00392968150194517,0.002785934918194677,-0.008754403389975018,-0.0003636688229857743,-8.43095199798416e-05,0.0015702498695981948,0.001792534126376255,-0.0145680234309854
2024-12-03,0.0020723627740089068,0.005682461522527715,0.002012776164397767,0.0,-0.0028454940065997247,-0.00353461297840163,0.00046363580453046005,-0.005065831846923885
2024-12-04,0.002527517086318376,0.0007533804807433597,0.003033679807253664,0.002385350381035156,0.0038047329263561913,0.004820626416204288,0.006209407476146511,-0.002701373995763756
2024-12-05,0.00664687094301164,0.004893388708433033,-0.007397709454119217,-0.000876788200941947,-0.00010514656594895477,-0.0002715202002280259,-0.0016454323006397376,-0.002396300367384474
2024-12-06,-0.001593895299172643,-0.00012475631627106853,0.0003705687954560499,0.0016299746666335047,0.003158996448028084,0.0022631592531359157,0.0018955917276137768,-0.00146237706138852
2024-12-09,0.02052458849781935,-0.0006243674405944644,0.009919751769426055,-0.0012519876809857777,-0.0034637833032524767,-0.0025291035978640686,-0.005149570589002672,0.0028241057752567134
2024-12-10,-0.016089423782156387,-0.008996711609895902,0.01316431251835759,0.0005014228476225568,-0.0017908910372371745,-0.0015396483942782258,-0.003109196745000764,-0.0144973499115445
2024-12-11,0.00408815430195375,0.006304498279835924,0.009533812345188464,0.00025027136311850384,-0.0029544767152234197,-0.0027212381473825653,0.00773053367569565,-0.0023283441232312407
2024-12-12,-0.004976228979336916,-0.008770919272512834,-0.014663722649505995,-0.0027547060565917825,-0.0038099671334465013,-0.0056388902009651964,-0.005152435619933393,-0.0015911532054960764
2024-12-13,0.000909244243374685,-0.0027809016094835215,-0.012091578404740733,-0.002887765372872164,-0.004674340258281839,-0.0055792340166641585,-0.0001985150947229064,-0.00286864021596811
2024-12-16,-0.005450781705892638,-0.0032958913366615272,0.002415209844427002,0.0018888849667368923,0.0003203020356483677,0.0012875813610297993,0.004269952898457774,-0.00351620253952889
2024-12-17,-0.0023918307144148443,-0.001585512542126466,-0.0038386247250202787,-0.0021368966366963615,0.0,9.1878705059667e-05,-0.004119991056842687,-0.0048118279874930225
2024-12-18,-0.023277536098541107,-0.024531866842584793,-0.01918507783771317,-0.010268171030715756,-0.007729245136224416,-0.012398046391247974,-0.029803561159425507,-0.04125924341301157
2024-12-19,0.003336519170993313,-0.0031767784391741882,0.0014210967336203417,-0.001023274734730184,-0.004531396427584267,-0.005413499693921242,-0.00030704650479618234,-0.015465718448778865
2024-12-20,0.004038081279887917,-0.002788473089012311,0.010434056495473909,0.006274390829554388,0.003684875460981507,0.003941584335205084,0.012011012432826318,0.016847045950070694
2024-12-23,0.005677679703537608,0.006524702223548617,-0.004708795377563968,-0.002672121648062631,-0.004427043210782355,-0.0028978861377960685,0.005988208201289202,0.003910784832632075
2024-12-24,0.0030581511543679163,0.003571838556507778,0.001992014086009908,0.0031897719955651382,0.0005425212771570376,0.0030938638863646784,0.011114993282984376,0.006642715896459039
2024-12-26,-0.0035177006330388005,0.004745642332551814,0.006751179863859091,0.002544127288528708,0.0007586450015217849,0.0009345041513344476,6.669503786849162e-05,0.0026840960953966597
2024-12-27,-0.004471729938307245,-0.0014431499192960606,-0.0068705038771271765,-0.003425560309083031,-0.002599859430631901,-0.004201799797969752,-0.010526479880708539,-0.010039025021087111
2024-12-30,-0.008037884142282015,-0.006569425361960146,-0.0031896811646235923,0.0014004742854798469,0.005864690418613039,0.00431305692204953,-0.011411688320766777,-0.004957635406231176
2024-12-31,-0.003336519170993424,0.0,0.006233636577161361,-0.0001270993080548788,-0.001835562172101124,-0.002520799376437899,-0.00363813553785719,0.008719202460031328
2025-01-02,-0.0014347640156414654,-0.0034387168946528046,0.013587714119632333,0.0024154055052110213,0.0005407920453579518,9.381959591858724e-05,-0.002457018332623462,-0.008868467001257763
2025-01-03,0.009339224828916803,0.004379544469847563,-0.007864039973028869,0.001522026784292585,-0.001621761281491052,-0.0023397695585193334,0.012503510745669022,0.01313845125135149
2025-01-06,0.0035586873627559967,0.009513752275021936,-0.0012320959587239777,0.0017732629271340894,-0.0009743574354618145,-0.002532859095451201,0.00576050990496646,-0.012856083932909379
2025-01-07,-0.007092228869371886,-0.0007854899950890948,0.005633435188264313,-0.0032871476892777363,-0.0045524285924462005,-0.0046083851406582,-0.011304045433904064,-0.009513299941253717
2025-01-08,-0.004761862908689629,-0.0015717943460408224,0.005315681488123669,0.0012681972740991032,0.001742239976577853,0.0016064546933116652,0.0014609060507264626,0.0026298682930454564
2025-01-10,-0.016985646247676844,-0.015219160161100365,0.009558310004399662,-0.005193539763796773,-0.007282655851786002,-0.005754326678791832,-0.015267429606369842,-0.024404161458573936
2025-01-13,-0.006814230760041062,-0.0027977605510094428,-0.009951255605703757,-0.0002545134801511528,-0.0017519688417773072,-0.0028463033371131097,0.001550691849189434,0.012273410417571018
2025-01-14,0.011271608189838522,0.003607258787894141,0.005249423200524461,0.0012735275493771514,0.0003290485242444241,0.0011417556288801922,0.001375736572713837,0.00912243829659598
2025-01-15,0.01308458348181607,0.012779531207390171,0.007488993695735191,0.008777656527726885,0.01052626636473497,0.011975033369571841,0.018190137415575514,0.005721531531981627
2025-01-16,-0.001195969564720789,0.005126210715800994,0.006910965874952435,0.0011348719345676272,0.002387306064805861,0.0019722725826667453,-0.00192320642202648,0.020707695211721555
2025-01-17,0.007902305268482568,0.004053915320732626,-0.005307269747253374,0.0008817241823315669,0.0007577525325761503,0.0008435740179202345,0.010039901270404217,-0.0006688027016709119
2025-01-21,0.010691469058604852,0.020187528130003685,0.01548521901629396,0.0026428422890385495,0.003353120426033751,0.005806092280426833,0.009153480443916395,0.018739639629321347
2025-01-22,0.0007051939440281263,-0.0022978957493386964,0.005135652699768123,-0.001380682069898831,-0.002587353333953546,-0.0031658612613268966,0.005621538331987974,-0.017409560386115075
2025-01-23,0.002349051486514986,0.008189296332493878,-0.0014148699521492336,0.0012571386958277753,-0.0025939777693729793,-0.0014009711264997282,0.00545805853915704,0.007354641016867447
2025-01-24,0.006562095511847277,0.005584408849677702,0.006218705580030903,0.001129534006873767,0.0020590232313189016,0.001964340291109812,-0.002919264959769352,0.003429031278317396
2025-01-27,-0.01816074686713809,0.0,-0.0104048052682425,0.0007525905921792475,0.006488624853996816,0.006908118450795975,-0.014145458332822769,0.013339473759970577
2025-01-28,0.007351188921336682,-0.001262084890887416,0.008656417783572623,-0.00037611661575986943,0.00010755942202300695,-0.0013906555454584746,0.008592626933638936,-0.012075680668734434
2025-01-29,0.00023555074593217817,-0.00012639840920602996,-0.0038404097330004827,-0.0006266795188486496,-0.0011819847709113596,-0.001299833519456839,-0.004483171624160787,-0.013214470613216456
2025-01-30,0.016945031077427952,0.010995921157598731,0.01514551884715587,0.0018814262923581015,0.002151329870348384,0.0022311536831829404,0.005367289131639197,0.01272188227991311
2025-01-31,-0.011339995279508241,-0.009376253781540611,0.0019763991077348386,-0.0020033639507037737,-0.0016101854462233778,-0.0032464181925404567,-0.005321910535921792,-0.002203912412255149
2025-02-03,-0.007256454032039561,-0.011736405528646743,0.005337271410283728,-0.0012600458031400974,0.000711802625600555,0.001578210681137282,-0.006729655168999038,-0.0020983324234994383
2025-02-04,0.01792019873737183,0.01162054564542947,0.00984841707528572,0.0031543501855650913,0.0024787309813945058,0.0019583357286074854,0.0067083690889735426,0.0007746718627601457
2025-02-05,-0.0025480071009437166,0.009719695071330525,0.006209542410714253,0.00264103067316368,0.005805220811208711,0.006980051028239842,0.004054319483800306,0.01404389431098041
2025-02-06,0.004180158587929972,0.004750696798969667,-0.0026502562908058414,-0.0015049772460288269,-0.0011754502628730235,-0.0018483545022164316,0.0034757322910417,0.0025083573706561335
2025-02-07,-0.0009250067888323388,-0.009456368903758783,0.0017841598670260694,-0.0031407717226646925,-0.0033174554884570773,-0.004352015398593312,-0.009153513013858694,-0.0032634351209890333
2025-02-10,0.012037039983018971,0.00678304998782453,0.016938239196991,0.002016305896172632,-0.00021479199116414271,0.00027894289718211063,0.006791327618678844,-0.00043658462705054024
2025-02-11,-0.003888364270451361,0.004741113129515195,-0.0036516022155236305,-0.0003769774248157942,-0.002577365729840353,-0.002231072106290588,0.0007604384000761133,0.004367400071977778
2025-02-12,0.005510894372871222,0.0037253323697621354,0.0010471549570203464,-0.002138957256512808,-0.00689059070394149,-0.005404559090710026,-0.0032215873014570517,-0.009240149042600398
2025-02-13,0.006394079555303023,0.012124139654231092,0.009862831092105617,0.004538897062641878,0.007480619803075683,0.0077759347038792725,0.01055750138825129,0.009984634724528929
2025-02-14,0.007715056108567264,0.0014668968958890805,-0.014871773334245608,0.0011299091839263031,0.004196521883975013,0.003904277421369784,-4.8973341600810905e-05,-0.00456278299460644
2025-02-18,0.006304901499399218,0.007201270715655461,0.01656090548123368,-0.0008779302871403383,-0.0053578032324950176,-0.004074363555326754,0.002935795248416362,0.004474551254443959
2025-02-19,-0.0015664375680691789,-0.01030055159361376,0.000554096378723612,0.0007529797867407151,0.0016161466814936798,0.0005580845389181466,0.0023548170755354203,0.0007606196656593234
2025-02-20,0.009188765211048278,0.004652873922931233,0.0005168326664386491,0.0006267858903763468,0.0020435619136887073,0.0024159593288068937,-0.004160346116164559,0.0047768774624108445
2025-02-21,-0.002886921425294786,-0.0062157333169234885,-0.0009225433005247696,-0.0018793875178054753,0.005903782778140965,0.003522919029259164,-0.017104107843856187,-0.009832693003192006
2025-02-24,-0.015367469991744431,-0.0006132144615442758,0.005429568123388684,0.0012553535376655933,0.0021343394539961036,0.002586500818865689,-0.004550303389776356,0.003928568498242857
2025-02-25,0.0006786445655937445,0.009081024512304303,-0.013188334192659745,0.00250776702227129,0.007879996747935047,0.007647609840905956,-0.004973182424069411,0.012282594405648384
2025-02-26,0.009945608552365925,0.0013374781064956487,0.0015263333689308212,0.001375749067018761,0.002746897657257552,0.0021029495583635427,0.0005045885696586261,-0.004187791986045908
2025-02-27,-0.01947173413292913,-0.01129444713567207,-0.015239958822878874,-0.0018731805917084898,-0.0011591547470738428,-0.00419736973834306,-0.01596180843971251,0.0039897237479185055
2025-02-28,-0.013695561541239631,0.0020881005482977777,-0.006265820058134697,0.0027528745948750544,0.0054851038447805145,0.004398545811838295,0.015605596661077747,0.008484620826981537
2025-03-03,-0.0087941652032143,0.011032153129068023,0.013180390342641513,-0.0020814810854312693,0.0036301409852330657,0.0031594355191340018,-0.01751997766630431,0.004685730748324568
2025-03-04,0.008405212093382852,-0.00024252925703804884,0.008697635934455272,-0.0001253960078471117,-0.0031452267185663185,-0.0032863225739738766,-0.011836867992038314,-0.011553896099778083
2025-03-05,0.029868072352804642,0.02389044908682414,0.0020813110966888537,0.0005025797504616403,-0.005573367085109804,-0.003205731162804426,0.010747947228388455,0.01115278572543299
2025-03-06,-0.006294890904832151,-0.010304552027277536,-0.005081207410422395,-0.0037680244490120307,-0.0005289188594478356,-0.003124319956390842,-0.017751261304090216,-0.02566531137496686
2025-03-07,0.004977349112249341,0.010411841388565657,0.0005219558189655249,0.0016391284491055202,-0.0012697201525907476,-0.0015667572337335622,0.005604994241949157,0.005986563190336636
2025-03-10,-0.023863231596198076,-0.023569845634705433,-0.008755937163287819,-0.003775982851315529,0.006992296613722582,0.003415712862602893,-0.02663561657302338,-0.00962992317476652
2025-03-11,0.008302655297339978,-0.003396375446856892,0.011727541035094546,-0.003537691977990587,-0.003577228683595002,-0.006532429980313448,-0.008312890256780947,-0.011690249118920804
2025-03-12,0.005489376184714345,0.0071810133378145125,0.004346793335703092,0.001141376422158169,-0.0029563396807669173,-0.0029634282904978937,0.005306376283698455,-0.0030952621628600463
2025-03-13,-0.004094577915882636,-0.006646435180280963,0.017756144523255468,-0.005572830318603672,0.004024144698102861,0.0031581986204018975,-0.0133303267293573,-0.019738246476782795
2025-03-14,0.018273292898240312,0.018369815807709466,0.00039975774946587883,0.004584806418350906,-0.003480406851005924,-0.0004631045650796972,0.0206557912275962,0.020022555499084937
2025-03-17,0.01704790506513776,0.0112292748620626,0.0054135329342379634,0.0024089884820694962,0.0008467487593073475,0.0020379136603712045,0.007711226486406764,0.01707887243827666
2025-03-18,-0.005072808152870922,-0.00011815600765452405,0.011671955843306048,-0.001770531299171263,0.001163060979469721,0.002403865239732683,-0.010808379622018083,-0.005233828326481449
2025-03-19,0.002438514584121032,0.0029536802168865783,0.004107707999658539,0.00658807252062954,0.0030631985421920582,0.005902332680125522,0.010890845995021214,0.0012056944937646197
2025-03-20,-0.009287861437533018,-0.00836384632158138,-0.0012805854303336028,-0.0013844855192219896,0.0014744474078098868,-0.0014670548900937996,-0.0028918084037365954,-0.0006569561315816763
2025-03-21,-0.004910688340514113,-0.006177082336050521,-0.008049901213267985,-0.0015125079490094784,-0.000841144097838531,-0.0013771847240515722,0.00033000177186570667,-0.011064791425010267
2025-03-24,0.004486188806999802,-0.00011965016479487112,-0.004452548665506595,0.0029033041965214057,-0.005788251644257114,-0.0043214824139601316,0.01790848775160092,0.015398273190130762
2025-03-25,-0.0029030387852050366,0.005499096374818713,0.004400365088198743,-0.000503505906435775,0.0016934218708226645,0.0010159072003415037,0.0024038215328545665,-0.011220292105467933
2025-03-26,-0.0060469968801496465,-0.012959305248619324,-0.0008259812019960622,-0.0040299725508171624,-0.002324656584244189,-0.004059056256340177,-0.011938228305225729,0.0039014509633064076
2025-03-27,0.004957161842781943,0.002168179109540036,0.013405732882559862,-0.0018962728430326203,-0.0008473766750936029,-0.001204232811539141,-0.002655735881150312,-0.0025539230901359122
2025-03-28,-0.018609860100920583,-0.008894190622960929,0.007412123023167849,-0.0017734470270338587,0.008056650248192687,0.00602812312621448,-0.020138212342233786,-0.0013357771801791873
2025-03-31,-0.0015991830385393424,-0.008852713107359689,0.014363222998346137,0.001141762094377663,0.0029446944195472557,0.0019357157442845274,0.006712688489439067,0.009251974053009482
2025-04-01,0.003203578906900928,0.0014682343678809051,-0.0019782303576065807,0.002318558863437792,0.003513440118896982,0.0035743456667851614,0.002824442743211364,0.0004417674019498996
2025-04-02,0.0013685652441399743,0.002321369763114367,0.0020516615880092903,0.0020332254829535934,-0.0009433986012226114,0.0023007251436411025,0.006328298292829215,0.006071928757543699
2025-04-03,-0.021184396098541614,-0.02096546498534868,-0.006038278082531101,-0.01242880922068279,0.010282197494151601,-9.182072266988861e-05,-0.049280587213450744,-0.03412701967179432
2025-04-04,-0.055620290956534535,-0.06598604592221202,-0.02339226273628292,-0.014254278244084762,0.00280411980317119,-0.0011020239694103928,-0.05854304345544692,-0.04339919261756309
2025-04-07,-0.037210469911980404,-0.024127005866863005,-0.02148580630415131,-0.008598414304791246,-0.011909593897098891,-0.019488739000434685,-0.001781249590409928,-0.026247132515243243
2025-04-08,-0.014077274287979558,-0.0034146083660646642,0.005443793790763651,-0.004599189382085367,-0.00503112687257723,-0.012657287215651847,-0.01566275431689801,-0.026832508577870007
2025-04-09,0.06931466469102965,0.07716542173006657,0.03699125081478161,0.026798875100652264,-0.0031603438988446753,0.016712815455225183,0.10501950265487436,0.05965666411209303
2025-04-10,-0.017237194187962435,-0.01972249070956622,0.0244235794430141,-0.016328414666552105,-0.006234732084080319,-0.016998329905323573,-0.043819170447082834,-0.022826649614378414
2025-04-11,0.03137355186566282,0.0250517981256293,0.019086664805096243,0.003006282058819254,-0.00563584817565721,-0.00019010415468445618,0.01784277577362925,0.012224447461367527
2025-04-14,0.00910188524203126,0.010763600671939821,-0.005705977012200658,0.0049518834292241465,0.00802032487927229,0.006176990323707221,0.00970139106478829,0.020686420121205362
2025-04-15,-0.0009496574363406785,0.009020406537783465,0.005232379352138938,0.002723015548137697,0.0029707512507710643,0.005383482203262346,-0.002800907238158734,0.003046023359783545
2025-04-16,-0.011641655993702482,-0.0038490549338746627,0.0325408102664011,-0.0001294972428763641,0.004336705555076259,0.004227343651254545,-0.022227735567427742,-0.000700916060558221
2025-04-17,0.0076922590395254176,0.010843789736474818,-0.004390692094044635,0.005819956411103,-0.0028434407124864336,-0.0014029814753140357,0.0014265991987447713,0.014960308593193528
2025-04-21,-0.0002385100634196835,-0.005425346234148698,0.03093558529908469,-0.0059147284866263306,-0.005386719393026818,-0.010772891023024256,-0.02380270712392807,-0.02084284256001334
2025-04-22,0.015032248706341012,0.020704155450447903,-0.014195668551963636,0.00388061384409788,0.0007432912313480866,0.0024620161475608082,0.026017880186418818,0.01940474898615374
2025-04-23,0.011518598555584791,0.004008243467981787,-0.023978630729734163,0.005024979474177238,0.0010610195386098198,0.00443991284403733,0.015495243709833462,0.0018459449361105662
2025-04-24,0.011619788750030224,0.01330753671313345,0.014556277018207942,0.008974209893529927,0.005406304385271898,0.010251000623878959,0.02104903098185429,0.0036850874037892556
2025-04-25,-0.0018378689597267073,0.004297951019631263,-0.010841679678267213,0.0008893451094988958,0.0037952225550441643,0.005306302961031628,0.0072251980963009554,-0.001721191730163163
2025-04-28,0.0018412529413545098,0.006657089740455424,0.01424210344049559,0.0005078945084140418,0.0039910666158951,0.002314999588929556,0.0003813852095151393,0.006206366586663847
2025-04-29,0.00275680343958995,0.002007561581463424,-0.009738925467677184,0.0026646238994392224,0.0034524768781107884,0.0023096527437771464,0.006299389544388578,0.0053682697588230965
2025-04-30,0.002519987386568001,-0.0011785859504002127,-0.007482221012837353,-0.005314773470570411,0.001563862793676929,-0.004701060465204909,0.00039694175083582195,0.003522035634403231
2025-05-01,-0.00022857101832562954,-0.0031856907040419546,-0.02077228754256477,0.0012913838609809325,-0.004354797101101537,-0.0035146053453992687,0.0070868680708551235,0.0032830830847336845
2025-05-02,0.028571446523786292,0.01917608574977936,0.0017481999132260562,0.0030652451883264042,-0.006712871427991596,-0.0024259198445059083,0.014844136511218409,0.01229974223676078
2025-05-05,0.007555523867428526,0.001742212741637994,0.029867754776654154,-0.000382322696160009,-0.0017950465477770683,-0.0014030275890160038,-0.005734215590911473,-0.002229451525664894
2025-05-06,-0.0039699522211248395,-0.0012755123408727531,0.02802400275899264,-0.0007641057128707773,0.00253877030940286,0.001966877899659547,-0.008358545349501978,-0.007708579572174745
2025-05-07,-0.011514617322066711,-0.003366602376275063,-0.014993060801348546,0.0008923118465431479,0.002638087025720548,0.002056880370049141,0.004205638790233612,0.0011256252973315117
2025-05-08,-0.0006720194805595048,-0.0034943856260057915,-0.0196942722998793,-0.000254600092209345,-0.007787969985422638,-0.005037974928470024,0.006967762571935099,-0.003936023906660813
2025-05-09,0.00672497803838179,0.004909407442534874,0.007254674259445482,0.0006368703843933066,0.0007424594203147006,-0.00037499755968928294,-0.0012741118157988396,0.006661498973704827
2025-05-12,0.021598666105164144,0.005118106560147551,-0.028190568373488878,0.009930081373333843,-0.006359119779969502,-0.00018753141547078744,0.03304742941467098,0.004934924005078445
2025-05-13,0.0017436467012799106,0.0012729647844971215,0.004258992599597278,0.001764723806261026,-0.0007467417709252633,0.0008442382024800299,0.006603860821533747,-0.012723171980172587
2025-05-14,0.0076154217973527505,-0.004854366680128841,-0.021037827999516923,-0.0036493166304454316,-0.0037360731941581404,-0.005061909945265786,0.001277977174232836,-0.009835046705932382
2025-05-15,-0.0004318852950646601,0.010917568174200865,0.015963953531585195,0.0018946156405523773,0.00653582366595673,0.0071604009024706095,0.004884390984280174,0.01826702753699605
2025-05-16,-0.0006480654326360691,0.0022976787947599497,-0.012087047232674286,0.0011343108919787959,0.00031944561703789454,0.0018709036617341468,0.006334148752651592,0.01244536316614675
2025-05-19,0.002161675573617794,0.009514142902242284,0.012880671121226372,-0.000503635522530077,-0.0005321261279023215,9.344930855403888e-05,0.001093715365680037,0.00022147075190259713
2025-05-20,-0.001078506405855384,0.004768840090230819,0.0186222454642182,-0.0005036835459980571,-0.0012776297305177042,-0.002427353516697983,-0.003362153676216839,-0.0058680741255038305
2025-05-21,-0.0025913117703879607,-0.005876311440968562,0.007378683875855163,-0.006680258016757312,-0.006929581437595478,-0.011137231133508507,-0.016850775346555102,-0.02661772874121826
2025-05-22,-0.0032474276107015143,-0.0005684839263678798,-0.008861493387459118,0.0020301347347535526,0.003757158863928689,0.005110775569741044,0.00039470808698149895,-0.004576570198417285
2025-05-23,0.004126929238981836,0.0013649548793392974,0.021906288045034472,-0.0002532527047316435,0.002887772162285973,0.0007532487115065045,-0.0068258512570531504,0.0010343751992056838
2025-05-27,-0.0023795220432832886,0.014538791339254287,-0.016949152542372836,0.006079811463575613,0.004159130499303387,0.009032710530971544,0.02079068471986001,0.017453367053396063
2025-05-28,-0.004553350192862848,-0.011531524244752678,-0.0022660178699712707,-0.0006295165214416087,-0.002761184449409093,-0.0024245611704699632,-0.005785556441789574,-0.001015761691668171
2025-05-29,0.003702967121090639,0.0044172852093362636,0.0059247154716217665,0.0015118736503241248,0.004153287034637243,0.004486916772582061,0.003947548002436463,0.009037420063154
2025-05-30,-0.012152806629330493,0.0014658623523207126,-0.006576942326457891,0.0008805264668978463,0.0029696917796047106,0.0028849046191314898,-0.0011185059286688004,0.0
2025-06-02,0.007249479459405572,0.010697135547727,0.026581051258171673,-0.00017693562078391345,-0.003394985117885052,-0.002831178725886785,0.005632921295571913,0.0013435834884019116
2025-06-03,0.0023991580206701446,-0.0075758598779374076,-0.008855551213511115,0.0018946958473231579,-0.0009579890965669691,0.00046693170514156,0.005702557269405606,-0.002012492089211393
2025-06-04,0.012402168027515481,0.004490481066844243,0.006441974072654677,0.0018907029441750378,0.007352134285721901,0.007281542509236294,-0.0002684085986693896,0.0028007743797326956
2025-06-05,0.005157866343295403,-0.0006706686699409214,-0.00504987891618125,-0.002139005168810826,-0.00296171947297752,-0.0030584742145600696,-0.0048327557623635276,-0.0007820336988844101
2025-06-06,0.003207239997726097,0.0035786717090942055,-0.013416073696802311,-0.0001260513502456817,-0.007956562005878798,-0.006042568482132582,0.010268925536670137,0.004807719408567834
2025-06-09,0.00852515782384966,-0.00011145426980319062,0.004718534884218695,0.0005045764458426749,0.0018177139039252665,0.002992870386905988,0.0009013320810069558,0.001335271606889732
2025-06-10,0.005705881928228518,0.0013373319400293848,0.000293510988597534,0.002394684243528733,0.001707960126487107,0.002424614497572586,0.005669717805285801,0.008556485950989456
2025-06-11,0.00420252631839535,-0.0016694993449580808,0.005412290790508978,-0.0002516096836820969,0.004156218632592079,0.003162762933074159,-0.002851974722322681,-0.005398929578224854
2025-06-12,0.0016739591661116826,0.007692342799746843,0.0124202002480438,0.0011319151937612126,0.004351022178785691,0.005563767007155773,0.003974172050062563,0.004874242314231836
2025-06-13,-0.015876241332453467,-0.012833238325263618,0.013100564311248064,-0.003015027760964073,-0.003698237282803163,-0.005994163158143162,-0.011180059785133145,-0.009701198635575392
2025-06-16,0.012259301843742687,0.0037510101485802583,-0.01425909653729851,0.0020159605410852155,-0.002863636355968757,-0.0017628156901295933,0.009514239842613348,0.0007792478988279949
2025-06-17,-0.013127197617905262,-0.012267205371030654,0.0005131941200071655,-0.0011315685864867753,0.004892617359969265,0.003438886354330206,-0.00854517139843114,-0.003559387922365209
2025-06-18,-0.00021462208946954053,0.0017249260985765513,-0.005385627565021256,0.0015108425077918763,0.00063509331200029,0.0007409226222487852,-0.0001507130904417897,0.0034605216797181093
2025-06-20,-0.00579387032256895,-0.00895417043033131,-0.00041901914110908933,0.003142695478233426,0.0006345219832046833,0.0008328837569728798,-0.002348474253184407,-0.0006675317812077086
2025-06-23,0.008201906250616453,0.007529257137425471,0.0030631724583116693,0.0018796691904445773,0.0034886246859244796,0.0024967941107330027,0.009877485739587577,0.01502842869520915
2025-06-24,0.025904518606627347,0.012186735057578613,-0.015719378751237634,0.002751743679163088,0.00347624516932199,0.004704396057013449,0.011047186039507384,0.002632087311327469
2025-06-25,0.000834776234111434,-0.005452141067529115,0.003037305817845004,-0.00024960106409943617,0.00041967820774790887,-0.0011935347785122508,0.0005603844216792719,-0.02406472631063672
2025-06-26,0.006672234228144003,0.01119232369830514,-0.0011070472235482631,0.0028697091796823226,0.003567729360944849,0.003676837074933381,0.007823809728070064,-0.0009280901041215373
2025-06-27,-0.003935398909566401,0.009035379285680545,-0.018123728993798327,-0.0004975945887271127,-0.0026138356004342667,-0.001648596049002915,0.0049683222933454285,0.0024923788117725554
2025-06-30,0.0031192031041438195,0.0005596876347717661,0.01198454729743359,0.0038585055463740137,0.003983385483315782,0.005504198757165124,0.004781179328798402,0.00644136242181248
2025-07-01,0.0018656862326948964,-0.0016779471368532084,0.008923010663382636,-0.0012582139147071514,-0.0018538740362138428,0.0012086734835918822,-0.00032361428413474336,0.007298514038167392
2025-07-02,0.00434513434362227,0.002913512851561606,0.005527596405484614,0.0018709806382464222,-0.002098997298258576,-0.00018296876788082006,0.00453326557880418,0.00234079990021252
2025-07-03,0.004532264066340552,0.00022340426844968952,-0.006822911403597365,0.0006224283912754647,-0.0034704219621927157,-0.0023784452984224602,0.007881400243543668,0.001112143239889507
2025-07-07,-0.014150921949654949,-0.010835595670415699,0.000748780548875283,-0.003359626485387568,-0.0031656879582049324,-0.00595988703053596,-0.007451971921066947,-0.008553611136861261
2025-07-08,0.006240920756092061,0.00734049480907073,-0.010443411868664265,-0.0013731037892150688,-0.0014822084629143584,-0.0028594983529931506,-0.0005477352950125081,-0.0014565774496699824
2025-07-09,-0.0016538592018070508,0.007511248694673789,0.004471282664348264,0.0027503881196502267,0.0051951361556850095,0.005735397064445813,0.005996656078344209,0.0007854618507678879
2025-07-10,0.00269197334782878,-0.0006676291272785795,0.0022257895319868215,-0.0009972512053396665,-0.0005275314296770972,0.00018393879609046593,0.002820258275139098,0.006278674223502367
2025-07-11,-0.0033043831976006244,-0.009575773155977685,0.009601575193336043,-0.0012483131619454024,-0.0046432042116366645,-0.00606952444420672,-0.0035154084840562927,0.00011143380606748465
2025-07-14,0.0014505058596874232,0.0,-0.0036553174266280575,0.0007499240372133009,-0.0004240327116231679,-0.0002773943332110562,0.0019081841138897104,0.006461557722239553
2025-07-15,0.007241783271526581,-0.010455282294041246,-0.004155705135267751,-0.0029967412496902934,-0.003924618137194691,-0.003609564126335729,-0.004273310957695342,-0.014722063322285206
2025-07-16,0.0047248057896767115,0.004089967817410889,0.004988096125243757,0.0026297895033731145,0.0027687104485010217,0.001579021685512716,0.0033432737161649406,0.009437190987106936
2025-07-17,0.005724757113322765,0.0026024210577815232,-0.0021735334020257513,0.0009996251279464907,-0.000318552143466988,0.0024111627042320283,0.006119637877514572,-0.0011130095906339843
2025-07-18,-0.0022361478386196953,-0.0028214032340347917,0.002600924347578637,0.0013725189149096373,0.00276186146953572,0.001850256501423564,-0.0007322363413652111,0.0021170657165419104
2025-07-21,0.006519894935499648,0.005319163661195558,0.015370115792427752,0.0013706376887563376,0.003495871893275604,0.0038786427123351785,0.001896143305678999,0.004113723705479355
2025-07-22,0.0006072659811613423,0.005516109163515193,0.009484882235462067,0.001742234112494856,0.0028500206747006374,0.0023916443298004353,0.00014299913248505547,0.017163207547501003
2025-07-23,0.010115350641621168,0.024854474700334084,-0.01240118112003663,0.0004970302792535186,-0.0035787711428176827,-0.0015601856727135432,0.008507477186705525,0.0019594767136901226
2025-07-24,-0.005407535152795462,-0.00742836819839876,-0.006118276977772341,-0.0012417575243194312,-0.0014792442262115957,-0.0014705018387324298,0.0003310296833012316,-0.0034767303425766727
2025-07-25,-0.003020667701646884,-0.0012107660392197683,-0.0092499926477293,0.0006217009847555577,0.002327790551522213,0.0032216665226980634,0.004224435835635587,0.00010895397787424876
2025-07-28,-0.006665242150694417,-0.016088138489926407,-0.00647361832754334,-0.0004971924755994284,-0.0022168672359859087,-0.002018533991822502,-0.0002510690047468067,-0.01602520268977292
2025-07-29,0.0004067340866178437,-0.002015897595371352,0.002750389076383808,0.0006216237794525181,0.006558955330587368,0.0066193394849425324,-0.0026376616892719307,0.016064583899646268
2025-07-30,-0.007317130243021053,-0.00718208478541893,-0.017273497289540862,-0.0021118259843330156,-0.003468233135719534,-0.0037444462106468457,-0.0012593696215839056,-0.014175068315378181
2025-07-31,-0.00573296229544018,-0.01073810239446027,0.0066454015709211944,0.0006224516215311837,0.000843593430438716,0.000274851269762344,-0.003751066887460741,-0.014047116723120756
2025-08-01,-0.007413486893060206,-0.0026279932991535304,0.020299689958884537,4.991812823118558e-05,0.011512904537597457,0.008871373062527388,-0.016390513653391614,-0.002468142277084806
2025-08-04,0.01037339928420522,0.013289029036977151,0.005823229257701401,0.0033759474662078404,0.0013586984573916716,0.0017330389308136684,0.015199764160073403,0.010234061716659415
2025-08-05,0.002874721482654996,-0.00011302816917113656,0.0008040912066364925,-0.0004984798870888429,-0.0007306332096752577,0.0007283886754341218,-0.005070024116712868,0.004564187816999077
2025-08-06,0.004709247469660394,0.006558070035066699,-0.00212110700071233,0.0009973566386380917,-0.0007311674248776656,-0.0002727751918050192,0.007659759469106797,-0.007757132293662705
2025-08-07,0.008355353052782455,0.008986748873166306,0.008437987494967825,-0.0009963629094759119,-0.0007317024218532753,-0.0010014130745746863,-0.000837636431655131,0.0029037200151169618
2025-08-08,-0.0008083789055237656,0.006123399178791233,-0.00022357985855403495,0.00012473229719556223,-0.00230127283316095,-0.0031885604564776404,0.007797652437033564,-0.008240539710034578
2025-08-11,-0.002831693856408246,-0.004205039691174028,-0.014374701087597641,0.0,0.00031456388538186886,0.001553689604211872,-0.0019775980053369224,-0.006624642141811021
2025-08-12,0.012170428602376937,0.012223576042432738,-0.0009074665058316222,0.0022438979851173713,-0.00020953288494396372,0.0009126068848113178,0.010646078845516938,0.005651675047630311
2025-08-13,0.012024012326356637,0.006038025597507213,0.0030492830145867345,0.002611986506288133,0.0035643794658806183,0.005288047431708742,0.0034232284065640606,0.009328843792371089
2025-08-14,-0.012277178797396093,0.00010917975266644397,-0.006338706734070332,-0.002605181806562884,-0.0032383885861597683,-0.0034463458664284463,9.29178689290655e-05,-0.0071269103301987435
2025-08-15,0.001202844345578935,0.005891963620249907,0.0005858183101099534,0.0007460244315993236,-0.0019911818262445813,-0.001274219169168922,-0.0023411979263346927,0.005720019981050095
2025-08-18,0.005806996682561794,-0.001084770343060093,-0.0015612675411803556,-0.0007454682940389867,-0.0009450950397197344,-0.0018223355051254497,-0.0002176166478941033,-0.008475376168337045
2025-08-19,-0.008162473605433873,0.00010864624465711792,-0.005473279447945512,-0.0002486748105331449,0.0025225268323700867,0.001551845752525205,-0.005425196437217061,0.01720830921155536
2025-08-20,-0.0014050085192840456,0.003583051759085576,0.010122175284489776,-0.00037340540421459956,0.001467771492575487,0.00045565409870285123,-0.002657080804944645,0.002874823970921536
2025-08-21,-0.0022110551506671072,-0.006275058167602099,-0.0034698951143765644,-0.0018669230559638095,-0.002931406041677853,-0.00382640288224545,-0.004011809805612443,-0.002976849685692007
2025-08-22,0.019943592739453564,0.01502462654275094,0.01070642694476942,0.008104897392127386,0.005564939602807906,0.007865297414349603,0.015356833041096918,0.019352085262224872
2025-08-25,-0.005727856964744316,-0.013193224460011144,-0.0024148368614391735,-0.001979022697884081,-0.0019837401459649184,-0.002631475513640069,-0.004401115665894628,-0.0057497846409909625
2025-08-26,-0.0025824252916972767,-0.0010870105922209383,0.007262047243691283,0.002230728087383227,0.0026155771267044603,0.0007277921966359902,0.004187065214133812,-0.002618535805880895
2025-08-27,-0.00597492627105356,-0.0023939569458666377,0.0020187288833615202,0.001236546067262978,0.001878355457743952,0.00036373983511905905,0.002278548405594716,0.006235599276852577
2025-08-28,0.0038067955781946328,0.0037085986471747656,0.007419038046796889,0.0004940473261552114,0.0022912807057540174,0.0015449349334570872,0.003541324132844581,-0.002609227138374637
2025-08-29,-0.004790327582947618,-0.005868187316209195,0.00964990177666114,-0.0018516135794931499,-0.0008312360150267706,-0.003629745741106749,-0.005963639392962183,0.005450139242367369
2025-09-02,-0.0008022958845380623,-0.009838273688782873,0.023642559312442524,-0.0010809170803512957,-0.002984189760675604,-0.003345045891779974,-0.007410347641911175,-0.016587237559614776
2025-09-03,0.0038136726213826577,0.0015456196930574428,0.007831992196408066,0.002736556375333432,0.0034535640380273236,0.005960517932427356,0.005419642546478309,0.000551359808272478
2025-09-04,-0.003199324935205805,0.007275024416642406,-0.004418882618094533,0.0027291874488581946,0.004484827266750813,0.006836797768099645,0.008357320883294106,0.007492213310966278
2025-09-05,0.012036151053204103,0.004486861324709546,0.01334594055214322,0.0004948382905531901,0.004880069281854915,0.00651890183242565,-0.0028961941058495144,0.01126425050626767
2025-09-08,0.009117924280291456,0.010022792280436787,0.011388067271604019,0.0,0.003099775919322756,0.0035080537842213655,0.0024564823904422717,-0.005839737347228646
2025-09-09,0.00549986003967784,-0.0033437224455891146,-0.002269905468609168,-0.0011129097731803483,-0.002369123991213695,-0.001792725748881674,0.002311884840038969,-0.0022843585447241965
2025-09-10,0.0068373352589623515,-0.00021647807171065736,0.0035922056391106683,0.0007427664808625778,0.002684503613235689,0.0029633490025473552,0.002890900462591439,-0.0016354329049999006
2025-09-11,0.014551817645271248,0.010608355659176283,-0.0014913797811720864,0.0024738854707462288,0.0015447022859258475,0.004655604927990886,0.008310290457562264,0.01823740956761921
2025-09-12,-0.0005737775336417394,-0.003963114158665015,0.0019715725978484144,-0.000987112185804051,-0.002878872906397545,-0.0017822000624909684,-0.0003345365701959979,-0.004611790664141191
2025-09-15,0.007271301849637979,0.006667393015813428,0.01040483601055886,0.0028410732534420724,0.0016497502432111233,0.0031246835933500527,0.005323774557475458,-0.0016161403985147649
2025-09-16,0.007408848473152041,-0.002777501253630743,0.0020064107533963593,-0.0007391141976328397,0.0006177387421593128,-0.0008898750544937828,-0.0013768849532600491,-0.0052881774924163905
2025-09-17,0.004337161002295975,-0.003749348088303295,-0.007715171664187115,-0.0009861157820588717,-0.0021604672177479856,-0.0017816174665391538,-0.0012422701734727815,-0.0013018382651029947
2025-09-18,-0.00244076990542319,0.0038709569037027602,-0.0040063094596702875,0.0022208764960400806,-0.0032993226197515213,-0.0020525098190706803,0.004672499098921978,0.0021726448550434263
2025-09-19,-0.0022586773392233583,-0.003856030376296782,0.010607227252210416,0.0003694244739473884,-0.00041396383694691785,-0.0008049310560899192,0.00495277480627232,-0.006504147734320953
2025-09-22,0.004904708242570388,0.003225882264503044,0.01730643093326134,0.0007382803539053295,-0.0016557260294248755,-0.002237138050922849,0.004731049353107419,0.00021824734583897332
2025-09-23,0.0005631488614981084,-0.0019292549026771466,0.004086375052867464,-0.0007377356981330685,0.0027989266386168055,0.001973214911077381,-0.005443562937222368,0.00545438795841835
2025-09-24,-0.0033770643919686094,-0.005798952365312693,-0.009063049726670935,-0.0013538261583898592,-0.0026876373809554543,-0.004028269633454373,-0.0031816645261014687,-0.009835968034673015
2025-09-25,-0.005835856647215976,-0.007129119340772538,0.004165188877066628,-0.0028343226282834255,-0.0021766717184106277,-0.0017976306638463058,-0.004613374905433676,-0.0029866933887225944
2025-09-26,-0.0018935874692543875,0.007724201157831789,0.00577227044053652,0.0019774490620010354,-0.0005192571424036396,0.0013505440041736705,0.0057290340826092745,0.009874683027796038
2025-09-29,0.009106404707125426,0.003886418846984707,0.016496514338703028,0.0017265444125020846,0.002909989159265214,0.0033271194345434463,0.0028104467833012237,0.0003296230473261996
2025-09-30,0.003948190474853286,0.004086477635998342,0.008540004081594166,-0.00036917409157333214,-0.0004145298465162428,-0.000985740757420528,0.003766834755358328,0.004063666464491966
2025-10-01,0.007865108634423024,0.008246764907832826,0.0015753722020723782,0.0018685548891699266,0.0033690536961610285,0.004015699030814224,0.0034074798459751143,0.0015313387347213325
2025-10-02,0.004645093723186777,0.0015933670334791206,-0.003482825151325697,-0.00037059130043082256,0.001036487585504009,0.0016142625745407813,0.001151824796685963,-0.005242350019328934
2025-10-03,0.002959166409627345,0.008378355308743535,0.008032937892485048,-0.001112186067773524,-0.001967181664133788,-0.0012533963076488686,-1.4805406382656372e-05,0.0037329219810515735
2025-10-06,0.004609974907885839,0.0023138898370342886,0.01884573861512795,0.0002475591506096997,-0.0029045000324179338,-0.003227367031155559,0.003586271966467658,-0.009407248949190317
2025-10-07,-0.007709192840334778,-0.008709341770686718,0.005159462258136571,-0.0011132474374355716,0.0024967534607900355,0.0018885134792285818,-0.0037075138893177817,-0.003643838119520515
2025-10-08,0.007954131274642506,0.0029638676263299413,0.01649095687844504,-0.0014855564212827854,0.00020762608660440662,-0.0012566594236919082,0.005963055269571305,-0.005208959995824047
2025-10-09,-0.01027717948946727,-0.00823208361547123,-0.018452848086064955,-0.002851956300848224,-0.0007262145784032725,-0.001977397343389642,-0.002896974724933221,-0.005458981292750353
2025-10-10,-0.036899678946029635,-0.018410273229880203,0.010097700011942212,-0.0058444541782062265,0.006229895656136852,0.0027917207872731886,-0.027027862178845674,-0.012770342934876777
2025-10-13,0.02907202697928435,0.008022641738626879,0.02430104394061705,0.006253985967400233,0.0005158761764298969,0.0034128795526349176,0.015344118135168339,0.0063543787316611144
2025-10-14,-0.008980328952246652,0.004517172409105097,0.007141189222626965,0.0011189212053506203,0.0025782938720535498,0.0033113665533122116,-0.0012216462876413203,0.01026035550303206
2025-10-15,0.016424397291767923,0.0048178885602752075,0.017332403569977117,0.0032280782618905324,-0.0011316352719324962,0.0,0.004439529909605389,0.014508985674645647
2025-10-16,0.0065006573113992605,0.005221054691890936,0.02338727694573084,-0.003588917832234473,0.004634691173692751,0.0028547197869563945,-0.006810134562330372,-0.0035203617064786252
2025-10-17,-0.00018452937580626383,0.001802015647969446,-0.01881705572696646,0.0026082425098072903,-0.0016401824331687687,-0.001956923399153432,0.005676205164253156,0.00651355649110652
2025-10-20,0.013658196561850966,0.008253071712774451,0.03640197438905224,0.0019821332423806126,0.0013346511609344525,0.003030246980566087,0.010400500262923273,0.010091034478483252
2025-10-21,-0.011106955587970369,-0.007345948350894083,-0.06426889260666147,-0.0014837330569928975,0.0018458436713326698,0.00017774430902695038,-1.494287878323064e-05,-0.002823284918982205
2025-10-22,-0.0009207513594635675,-0.0014800954975666691,0.00010605594835544352,-0.0009905264678288228,0.00020469800815248185,0.000977244709716718,-0.005198916065879078,0.004246960378429199
2025-10-23,0.008846341401699265,0.004658564241912577,0.004002358382396931,0.00223116608050411,-0.0032745781990856093,-0.0012426344859609584,0.005929962705964353,-0.0006505826430203143
2025-10-24,0.006576524113140136,0.0015807732733732482,-0.0033528327110016187,0.0027206031927620167,0.0009238572345517948,0.0016884756470749718,0.008172554694480416,0.0029296555587052797
2025-10-27,0.011070812413692899,0.006944424841653252,-0.027839530498784404,0.002466493566977368,0.0,0.0016856295027094514,0.011797664492784632,0.0028130693624617287
2025-10-28,-0.0003590590822888373,-0.0004179441763778602,-0.007166030388359279,-0.0009840915016753327,0.0009232461343748888,8.861586629338447e-05,0.002655926209922388,-0.019635400513863477
2025-10-29,0.005746100909982621,-0.0056448942103025646,-0.0037872684129753864,-0.003078904437899599,-0.006456198490485177,-0.005667838183876728,0.0004804602529762114,-0.0257511367312675
2025-10-30,-0.010355274889796817,-0.004415628154834872,0.01964188672951095,-0.0018528904283021674,-0.0014442137219254914,-0.005343763594490403,-0.010998097614260183,0.004744073366394597
2025-10-31,-0.002345287606119073,-0.0022175228801301072,-0.005430550723012573,0.0,0.0004133219772526342,-0.0040293016223402756,0.0032801312668069293,0.002585831679222439
2025-11-03,0.006329171347602358,0.0004233797124792993,0.0017929035935666526,-0.0031097376014582734,-0.0004764697169322707,-0.002688981009284497,0.0018767398754619968,-0.0014576611492372882
2025-11-04,-0.0183288904022485,-0.010261319237110489,-0.017517195825319742,0.00012482108318168095,0.0012434511975822904,0.0013572917388371408,-0.01185354736001909,0.0016843109262476563
2025-11-05,0.008969398122010253,0.006413063315769962,0.011564369498527016,0.0009980481448368383,-0.004760886331084402,-0.0029818381082689083,0.0034653852011290454,0.0008968414916485923
2025-11-06,-0.007438335692587228,-0.0022303237719497604,-0.0012005195756799036,0.0003739443265913245,0.005095826246187318,0.005256195348753101,-0.010729363869237507,-0.004816236618011338
2025-11-07,-0.0029244788197267946,0.0037254873965177904,0.006119021470095687,0.0008722435497712233,0.00041375942428389934,-0.001983341293962382,0.000984565078659072,0.015531832220624597
2025-11-10,0.017598481487135276,0.010498295203710262,0.02734111859838051,0.003360914013769145,-0.0013444655425656205,0.0005419345565198519,0.01560437034633999,-0.0005541817011289751
2025-11-11,0.0010809182234601256,0.007346031156664878,0.003937814406542062,0.0011166832637070634,0.003106777291262519,0.0039722707620244435,0.002289177027853917,0.011199807103987602
2025-11-12,0.00017994685163702506,0.005938101795067929,0.016110762091908537,-0.0019827381448618286,0.00020663324223790802,-0.0009891385643074901,0.0005563903663643455,-0.0074568387166806804
2025-11-13,-0.011694790870589444,-0.010666967384016512,-0.008083098515826892,-0.0040978665088462485,-0.0028901671056614786,-0.0049504481042613735,-0.01659390636118807,-0.012263905891495286
2025-11-14,0.0005461303095382064,-0.002826246819057854,-0.018047911171504505,0.0002492575685280052,-0.001656380528996526,-0.002713665413361377,-0.0001637328001578009,0.0021251783896849563
2025-11-17,-0.011826718476261266,-0.013017023931444438,-0.011463979297139493,-0.0016206604391535429,0.001140579948339937,0.0006347641520636493,-0.009316529838549359,-0.00825978056047838
2025-11-18,-0.004971570360528865,-0.012975953509973825,0.007264932736103624,0.0002498971142974593,0.0016573195347409087,0.00045341059985903875,-0.008397554120144202,0.0040518168901420015
2025-11-19,-0.00351593383558213,-0.0030173744548349646,0.0016294519610446923,0.0004993722940764833,-0.0007239737116201406,9.054129160190882e-05,0.003863270235832328,-0.007846724625581447
2025-11-20,-0.013741823593294011,-0.013834751906118381,-0.0002933255655774847,-0.0006238295772419411,0.0023800313546957774,0.0013588511770548095,-0.015242227316648038,-0.004180371755533541
2025-11-21,-0.0001882817978736684,0.015453791179625087,-0.0015473311468576778,0.00337076270389125,0.0033033661253951685,0.003528560175306339,0.009961138168965045,0.01622427075879984
2025-11-24,0.010546132490234505,0.0008634905645834579,0.01584423909859023,0.0027371194697227708,0.001543319371271501,0.003966827587707611,0.014718606876234608,0.0026794101879636933
2025-11-25,0.003540759762240775,0.011970116446403667,-0.00031569077041548876,0.003474589743173384,0.002568369365287815,0.0027836633198505822,0.009405836039293458,0.009241739300685614
2025-11-26,0.007242445174991952,0.010976239267671106,0.007998338908444147,0.0009890642822139029,0.000819628346387935,0.003402839809261815,0.006903582418005261,0.004413053339954676
2025-11-28,0.0014748740068371013,0.003373054785795526,0.012424331348639184,0.000494288488673833,-0.0017404140786251299,-0.0016956849638226634,0.0054584342293309,0.00329524790021396
2025-12-01,-0.0007363509785004441,-0.004937589632968309,0.004821066034977672,-0.0017986973254906502,-0.00536971189308455,-0.005356672684673436,-0.004565560353440801,-0.011495444200055549
2025-12-02,0.0003684467954085946,0.003378396671502415,-0.006440050713598433,0.001864148715069014,0.000827235341392063,0.0006314707466723579,0.001852367504067809,-0.0035441452789185535
2025-12-03,0.0007366938127175704,0.005366229492136387,-0.0009296182229129313,0.0008681476301499735,0.002066822530526924,0.002253879883138632,0.003462749080359595,0.0025564283572294677
2025-12-04,-0.0001840199798028852,0.0027210255169431985,0.0006461951944911615,0.0007437047593874535,-0.0030938393788563223,-0.0017991899910526632,0.000731139787988333,-0.0024390364892077354
2025-12-05,0.007546422590215318,0.0,-0.0017823532991587676,0.0,-0.002068718426311178,-0.0009910769194280133,0.001899394752821859,-0.001111355675080694
2025-12-08,-0.0021922457566182496,-0.0031311883073753544,-0.002639449868615862,-0.0024767498517851427,-0.0020732495873604373,-0.002074847120990597,-0.0030042091058060105,-0.0076768771750307385
2025-12-09,-0.0016476898802546547,-0.0013610826204000226,0.005137202012788666,-0.0011174958682060865,-0.0014542411773751374,-0.0012654531571328897,-0.000863028073573191,-0.0038121134077554464
2025-12-10,0.011186463719847994,0.011113381524934907,0.004259147967166088,0.0033556493732078696,0.003224870479108688,0.0046159085927022225,0.00663214455678518,0.0036014972135309797
2025-12-11,-0.004715244662215068,0.0059103940150857515,0.010769830543307712,-0.0001237263763311791,0.0001036623562493677,-0.0014414717040783787,0.0023270355362734474,0.004373738378557368
2025-12-12,-0.01166174951968968,-0.005257175299230865,0.005594579039939429,-0.001858375145469826,-0.002695751044526684,-0.006044743768363281,-0.010752074615154483,-0.0012282330036804678
2025-12-15,-0.002949891428105089,0.00611399972902249,0.0009103412637567754,0.0004965743037155246,0.0008316976855584635,0.0011800104690733448,-0.001510898681416406,0.0031303038334156152
2025-12-16,-0.006320705730391563,-0.004634943070763731,0.00022745542760316262,0.0006202383823337154,0.002804636937044913,0.002266406966952017,-0.002732285145230273,-0.007355523225550775
2025-12-17,-0.007172545089687232,-0.008112076030269866,0.008588228474273762,-0.0012398057425569986,-0.00020727164549760868,-0.0010852566299607291,-0.011003593983400228,0.0037050579946453777
2025-12-18,0.011406910630922251,0.0071162864591349795,-0.0018032036998043566,0.0027310565054454727,0.0025901390042881722,0.003803234267129474,0.00755126270975226,-0.005257320617444106
2025-12-19,0.00977443478957829,0.006749606036630329,0.0011289903434381632,-0.00048501985580584606,-0.002249649386961483,-0.0025721691705608007,0.009063506223587092,-0.003823258862774459
2025-12-22,0.005398314493576528,0.0025141227090303975,0.02308160549906857,0.0008707602634852041,-0.0010389744754508712,-0.00018158384185784637,0.006229803850433591,0.005137386863714788
2025-12-23,0.0055545592369175,0.006165197058094263,0.013252341857567629,0.0007460097273415123,-0.0004160543916272852,0.0009989988045036036,0.004570492347330646,-0.00067994994834919
2025-12-24,0.0020253578531121974,0.0012462658907150814,-0.004134082564786756,0.0018636828474198897,0.002601300860891609,0.0039012540291190057,0.003517674396244841,0.006577498182964048
2025-12-26,0.006982753585108359,0.0016595123442106896,0.011676735474757116,-0.0004961420593784238,0.000934284033810906,-9.047101835324423e-05,-0.00010140966545213459,0.0011265230716377417
2025-12-29,-0.0025547173790545497,-0.0030030232472473273,-0.0435283019531133,0.0003722668781054317,0.001451579819104154,0.0013557776296198032,-0.0035636535074947684,0.0020257049172980324
2025-12-30,0.004024848227240696,0.001661833704901472,0.0007275678386380324,0.0009922123030232655,-0.0010353168368339993,-0.001173299010463813,-0.0012212136133650242,0.0020215223682293892
2025-12-31,-0.0030976646847500344,-0.004251398843861942,-0.006467991163222386,-0.0009912287936190145,-0.003316947344156329,-0.004247240936247398,-0.0074088529688375315,-0.008181987247354083
2026-01-02,0.027965680334191667,0.010517590276501121,0.004970859258759619,0.0004962036183389085,-0.0008319358526007736,-0.00027226285197501365,0.0018329931020035772,0.0003390584425289056
2026-01-05,0.011024122939343295,0.01143862349970104,0.026313174195160993,0.0026032168364087394,0.0030183999249955296,0.0028141017727261186,0.0066602071082446646,0.0022593305474407632
2026-01-06,0.007386552577740346,0.0015283105413315123,0.010813149047262716,0.0002470919809858252,-0.0007263171804040569,0.0,0.005947158299371091,0.0073264033285906915
2026-01-07,-0.007506980201585689,-0.0037640537049776768,-0.009559953917111952,-0.00024703094162115136,0.0018692148950092413,0.000724099868712802,-0.003223412281198157,-0.009734830938032735
2026-01-08,0.00035181853286414544,0.00010216902222581759,0.005522515913727544,0.0007418589362278016,-0.0030058852655021617,-0.0028041743244883177,-0.00010152731427326422,0.008926592953004464
2026-01-09,0.004747677523108562,0.008882890731858328,0.007242001159325273,0.0007412118960139491,0.0011435953323906123,0.003628407218764451,0.006613382996888628,0.0020159495235512193
2026-01-12,0.014000647185167248,0.006072330849831387,0.018722729613168898,0.0004938399529716975,-0.0012460894109945775,-0.001174819221421819,0.00157043300066384,0.001341117524324087
2026-01-13,-0.007421467676817728,-0.005733892294538467,-0.0014210408732292512,0.0,0.001247644087080113,0.002171654465613626,-0.0019995067653818532,0.005581041009975918
2026-01-14,0.004173238400327461,0.004654074567597588,0.010222226854541994,0.0,0.002076734906473421,0.0025282945731246453,-0.004915252903138989,0.008658092387523908
2026-01-15,0.005887440253616427,-0.0004028816417716019,-0.006127660830587689,0.0,-0.0020724310166398974,-0.0012609943471697527,0.0027232975079871657,0.00693288302879691
2026-01-16,-0.0037872619437471222,0.002720117705719227,-0.004818883830700504,0.000616849783743767,-0.0038422301850095097,-0.002885781238741947,-0.000837905189162047,0.012240529551255097
2026-01-20,-0.009676825784336707,-0.015171340621498941,0.03783617488689295,-0.0025895402344968677,-0.003961169526605857,-0.006059452195714354,-0.02035680001149731,-0.018570545623528223
2026-01-21,0.016576509716315968,0.010304062388120538,0.014568979615140476,0.002967338579365819,0.0026164372799570845,0.006005517559051654,0.0115411092816613,0.003960401292823379
2026-01-22,0.007552355978729608,0.00393821906130265,0.01846258414950319,0.0007396641024008943,-0.00010442335208216136,0.001899320689215056,0.005223257672714476,-0.009861903348965861
2026-01-23,0.006303253846087431,0.005532118003654274,0.013745304981574558,-0.0004927449358599345,0.0016702172419333916,0.0006319771417557796,0.00036273518897367296,0.0019919914008368345
2026-01-26,0.0016928516195238164,0.005001493897347942,0.014628847613605389,0.0004929878531279019,0.0014590741733737644,0.0008119986867232143,0.00507823176187272,-0.0013253541731086393
2026-01-27,0.01977356535160002,0.01612414888047442,0.024531942321975864,-0.0001231378307295916,-0.0011446237212437982,-0.0010817865064084442,0.003984165378470905,-0.00033182128245101694
2026-01-28,0.006794811659930566,-0.010578857513450779,0.038773348494905324,-0.0016016666705394034,-0.0008334959693289123,-0.0014438971054672178,-0.0001006645803248718,-0.010288755381944847
2026-01-29,-0.005102853644219141,0.006732044141880111,0.0027094717415592218,-0.00012354450943086182,0.0010427390804816916,0.0002711309942073914,-0.001984377154833794,0.013972659533877163
2026-01-30,-0.022170775183136038,-0.009342220204772822,-0.10274245274560045,0.0011108741427312552,-0.0006249107140180454,-0.000993924505163224,-0.0029824841055743345,0.0009922814549618852
2026-02-02,0.0030456900877002813,0.0065516031159906785,-0.04004945911975222,0.000606941139691175,-0.001966067178880926,-0.0009258995942652559,0.00497122273706152,-0.010352469724551838
2026-02-03,0.005398090409023171,0.0004930577906379074,0.06358720612372104,-0.0006189658574443646,0.0009429683297663694,0.00045430267435375704,-0.008455385901172563,-0.002225639312944838
2026-02-04,-0.013422768703556631,0.003252837447508039,-0.0007044119795716064,-0.0012388921854753487,-0.000209242886512917,-0.0012714274962981609,-0.004843853725993386,0.014387611620205298
2026-02-05,-0.004591843821618147,-0.014246357753057493,-0.026631707613677613,-0.0011162696495419233,0.005863274263291363,0.004819535167465139,-0.012489284060324235,-0.0014292851119740435
2026-02-06,0.026311275914818966,0.02272494655905022,0.03073229479090611,0.003476752235835434,0.0,0.0005429642442780214,0.01918478647681998,0.015745410679162353
2026-02-09,0.0073247921364336666,0.01344893440490158,0.02540290594406658,0.0013612832351683757,0.00020798601739957512,0.0,0.004821726716577324,0.004227598702012836
2026-02-10,0.001487359786508602,0.002404111658458552,-0.009913720520981939,-0.0009886255871958127,0.004371155489628631,0.002351591678466214,-0.002637057770699447,0.013385127842854505
2026-02-11,0.015841587792086775,0.006715338409279292,0.011310577541873812,-0.00012362794026277157,-0.002797862039732646,-0.0010827929014072257,-0.00023112214366449724,-0.005538873952874779
2026-02-12,-0.011371024008201225,-0.007528123561252764,-0.03472828959819363,-0.0004948631463950193,0.0061305915746139306,0.0046973056941042035,-0.01544885969788623,-0.001178335818542653
2026-02-13,0.004272099570131305,0.000864085047637797,0.024878663914389865,0.0007426138380939307,0.0039243216415911775,0.0033267208035796525,0.0007044991031190939,0.01436993275512144
2026-02-17,-0.004090306581330028,-0.00019182007811979762,-0.0311702543391007,-0.0004948374793544152,-0.00010289312331757117,0.0009858041691763741,0.0016134830190519533,0.009514802476029649
2026-02-18,0.005257085477405221,0.0011513643701248633,0.022489929267582198,0.001237706161783203,-0.002057515835804269,-0.0009848333163871015,0.005037707550576753,-0.011728983809034754
2026-02-19,-0.002451363913489213,-0.002779319657191026,0.0027930496262249527,0.00037075618991755377,0.0009278030611505894,0.0008066303777041206,-0.002637344323549562,-0.002119274692043649
2026-02-20,0.021297508080049266,0.008169101556736225,0.019714504323102178,0.000741237561421082,0.0,-0.0008059802495511414,0.00723184928909637,0.0075394445257186415
2026-02-23,-0.011068331681383325,-0.0040991442797125854,0.027015500392687075,-0.00160495388557369,0.0036048317315275913,0.0010754607281282524,-0.010211366038766267,0.0001055171446913139
2026-02-24,0.015733992801168828,0.0018187239095353025,-0.01385890426498504,-0.0007420726163600566,-0.00020514136133653604,-0.000268541544539036,0.00726847527019836,0.002529193070837321
2026-02-25,0.011018840426623155,0.009554810591028806,-0.0025072627221415233,0.0013612832351683757,-0.0008212113528052178,-0.00026861367847119677,0.008438306300538434,-0.0027330467571533568
2026-02-26,-0.00947717028156414,-0.0008518829738417555,0.008575889154321725,-0.0008650232288357484,0.0026709313203199248,0.0006270496956726213,-0.005554445579207146,0.006851382928496852
2026-02-27,-0.002073003830367126,-0.0017997735086788813,0.01313141674919538,-0.0016078349138599624,0.0039960821695737,-0.00035813927338435025,-0.004801940858611298,0.0017798996428473046
2026-03-02,-0.017257935959388626,-0.019738037204429904,0.012919896640826822,-0.0005727502815553454,-0.006007732309532887,-0.003387428002798454,0.0005685229860479257,0.002508047995317453
2026-03-03,-0.050081329341935654,-0.031074553058576204,-0.04461221500318879,-0.0019928824656877397,-0.0011327058566918957,-0.0004507011325568522,-0.008814250912485666,-0.0053164712571760475
2026-03-04,0.010783994998970536,0.012888407402179336,0.007818116439543887,0.0034946784342209103,-0.0020616484612431263,0.0009019484616250573,0.007055355958297538,0.0012575725621244427
2026-03-05,-0.024047375379556257,-0.021897736562690007,-0.012017768242597593,-0.003980202937889588,-0.003098741664275484,-0.003964983045761872,-0.005575670491907769,-0.01004810731876915
2026-03-06,-0.0053791804922151965,-0.008874659310248223,0.01583250339069653,-0.004869922895964773,-0.0006218029160329763,-0.0033475027461297158,-0.013107129910862048,-0.010890236916462959
2026-03-09,0.01971388769738236,0.0072243035374577325,-0.0020696732193965506,0.006023105742569701,0.003110468026682911,0.005991240817598609,0.00875996152231262,0.002244785007536887
2026-03-10,0.003934964092247251,0.0023234718809561627,0.01127967872100144,-0.0016214206125618746,-0.003204146491752491,-0.0068579849330137055,-0.0016070155764896787,-0.001493143833963928
2026-03-11,0.002556284792043062,-0.002116482623963578,-0.003390104145245987,-0.002248824617250178,-0.004562449895783249,-0.008177348646408178,-0.0012551345486657706,-0.010361031632903583
2026-03-12,-0.03195652614584865,-0.015655003018721247,-0.019653925633074443,-0.006386323145924355,-0.0032291790152408906,-0.005404914371445746,-0.015184966271003186,-0.00690774507218439
2026-03-13,-0.002633871051145986,-0.01190231947121656,-0.012936961278600778,-0.001890316528721736,-0.0010450843827873868,-0.0036842945003807692,-0.00566013575260893,0.001630266842800543
2026-03-16,0.027816914387340796,0.018691564716567077,-0.0008896876689686861,0.0031565925778904713,0.004498442905790823,0.004807301500517225,0.01017686501045656,0.00835507648592837
2026-03-17,0.006337738242366164,0.002752361201052933,-0.002519392047785618,0.004531147093957966,0.0017704166976995062,0.00561225137104171,0.002630544991105488,0.004411791541447663
2026-03-18,-0.020255235138636474,-0.017078402085986766,-0.03163716142328721,-0.005137182147458397,-0.004574308112990977,-0.00539799147766884,-0.013953644515257158,-0.014784526738215953
2026-03-19,0.0010423032837416635,-0.001758266139261666,-0.041215062676522196,0.0032745830667075815,-0.0001043218390098799,0.004415417066603533,-0.002464381043311259,-0.00402361826532871
2026-03-20,-0.034363056205808484,-0.030356373310371,-0.0305574415876555,-0.009289660512309728,-0.00898270830468284,-0.012272194694311511,-0.014335696266852715,-0.031007636061834543
2026-03-23,0.030014394631223684,0.024040958160334247,-0.02259421410703788,0.006589098519264702,0.0031618561007127344,0.006583311622175181,0.010499991225476402,0.007774621607209209
2026-03-24,-0.013784686361133947,-0.005947397149499656,0.00022274115430986896,-0.003398812590300504,-0.0033620271260922374,-0.0020266805356317086,-0.0033568144771775055,-0.00659929403548265
2026-03-25,0.015923523882504176,0.014590200381478402,0.030089336389747867,0.0031577886829359247,0.0052708984415592575,0.0035998724888739453,0.0055726882440485515,-0.0007963671091278934
2026-03-26,-0.03396019118935334,-0.020691055267872405,-0.0375939695290467,-0.006295794869945692,-0.008074713885425466,-0.007817524824536903,-0.017858729983344035,-0.0013660134452874173
2026-03-27,-0.004867503234149084,-0.009085151165924676,0.035093842463368,-0.0025341548859689755,0.00010576465598566287,-0.0024100761736599585,-0.01705189415742525,-0.00820799387076565
2026-03-30,-0.008152186182858956,0.002878370127149976,-0.0002894276132928697,0.0011433657698867172,0.007082376968626569,0.006411442783383681,-0.0033433906874337227,0.0037931164437914333
2026-03-31,0.037260237131228946,0.03252894433593645,0.037893826237359374,0.009516541108530951,0.0017844354285376784,0.006278328601006855,0.029067865784757174,0.01568755502793362
2026-04-01,0.007747847460037205,0.015237420127938828,0.017499822514495555,0.0024502892350717342,-0.0008724424354056293,0.0010686944875053506,0.00753449141030349,0.0036077025060243795
2026-04-02,-0.011182970768697342,-0.006186032090596538,-0.019208815315471695,0.0023937572045427125,0.002314761513891428,0.0042333630274413725,0.0009004595313388819,0.013592497928858638
2026-04-06,0.009188969794051038,0.00500001739824163,-0.004098669687746526,0.001759808824352449,-0.0026244022819454926,-0.0015580607051165485,0.004726845083763864,0.0014407208619964251
2026-04-07,0.00350196671315417,-0.0014215252363811715,0.009727589667910319,0.0002508902132800639,0.0025261172150179423,0.0011014654787873113,0.0004400005646272298,0.0014386481715624733
2026-04-08,0.05461525347475815,0.03904432394471424,0.00629906958171822,0.005895704033908933,0.0022047324610996455,0.0038507460807268856,0.02546963651219092,0.018013149185537536
2026-04-09,-0.0026472434814341916,-0.002348623986801357,0.007778530578574028,0.0011222037377303096,-0.0003142458382404678,0.0,0.005769017699185586,0.007164508566396499
2026-04-10,0.004645004271538911,0.002256012619135772,-0.0017811851128632927,-0.0039860138376033305,-0.0016767737922662729,-0.0026486877974470913,-0.0006617754265585418,0.0021556896361067945
2026-04-13,0.008421392014905438,0.00616558995690486,-0.004049183335572026,0.0037518912968479423,0.0022043507740503454,0.003846232651927961,0.009772447246481741,0.0037642179438648338
2026-04-14,0.019158372290253745,0.008073142010785572,0.022349346089928224,0.0029903516748517323,0.003246795956899362,0.0032840588433524776,0.012184877209840739,0.009536064896865648
2026-04-15,-0.0006427018713517363,-0.003184102281321821,-0.010402401583740839,-0.0004969861914608797,-0.0021923036330476764,-0.0003636698326894283,0.007890969227043909,0.0007429520035850956
2026-04-16,0.004019285071910295,-0.00290387788364177,-0.0008627455164704756,-0.001367054722325567,-0.0017787057249364358,-0.004638968486201378,0.002457347646937613,0.009226825250038706
2026-04-17,0.019055225819143873,0.01271724860825385,0.013293051904224695,0.0037336802089118493,0.005450213618265476,0.005574403487569768,0.012085686101644066,0.015973115789216674
2026-04-20,-0.0072281161075423705,-0.003930187355869141,-0.008611208936292747,-0.0008680602234064638,-0.0009381990305704635,-9.093799704329442e-05,-0.0019997351150194964,0.0036201592093063617
2026-04-21,-0.014719890618322906,-0.02194215561783397,-0.028320000717914517,-0.0026060587887497544,-0.004382320080940971,-0.003817148777715773,-0.006546892848539487,-0.01772646508233655
2026-04-22,0.018152611391724527,0.0033455257567964747,0.013245809401008168,0.0016175769435495813,0.0010479522333406432,0.0019159228115179783,0.01012671209511895,-0.008288807062012293
2026-04-23,-0.01625117507202889,-0.007158966728954441,-0.00969535708776803,-0.001614964614025216,-0.0015703231036993115,-0.0027317785997562627,-0.0038807408683984024,0.010262458529383123
2026-04-24,0.02229350482485959,0.005235009317145378,0.005127114447075254,0.0013686818911167187,0.0019922905192324425,0.0007304650784998312,0.007749309237231605,-0.001989729269952445
2026-04-27,-0.0015688826660573696,-0.0038321126332389044,-0.007755303754327758,0.00037278417624508897,-0.002302326832195223,-0.002828424472745783,0.001722787837563633,-0.005456457169734863
2026-04-28,-0.010213671142709546,-0.004142854281581343,-0.0185629131043068,-0.0013663018257309423,-0.0009438434180095712,0.0004575279119558573,-0.004865992267119479,0.00917912390022635
2026-04-29,-0.004762688311918395,-0.010202055211203653,-0.010665781709228828,-0.003358299599431347,-0.004724484487147129,-0.0055789209184449184,-0.00015450932498595193,-0.00784107762292674
2026-04-30,0.020737019101672693,0.02391673512236414,0.014973287523456946,0.00311987858751972,0.0018987644781807145,0.0011035521009001847,0.009949633527564838,0.015068544700851394
2026-05-01,0.0021877585712628544,-0.00215006916184568,-0.0011330099187530918,0.0012381543859338873,0.0007605813908491132,0.0016140937918063258,0.0027690952923506984,-0.002802925442071391
2026-05-04,-0.0004678204523759222,-0.013712105225603843,-0.02001512681908002,-0.0032474952629467646,-0.003694386400455496,-0.0032228438500946366,-0.0036633921467564834,-0.006246088482834922
2026-05-05,0.02028093012782972,0.013306897219705682,0.008584306218673232,0.0015037273148457153,0.0014832504739663577,0.0036951590349647567,0.008022228723942426,0.003142673659165318
2026-05-06,0.0319570711453292,0.027146174936226952,0.030339261182306565,0.0030030354245975666,0.004971917340157894,0.004970113536307386,0.013899399692774095,0.013888834189734522
2026-05-07,-0.01333533023336575,-0.018318795715742686,0.001670691560653026,-0.0037425312278051015,-0.003052551618827337,-0.004121336713737378,-0.0030660824190705815,-0.007209743951351544
2026-05-08,0.0202734047130515,0.010399434645328443,0.004841540894531038,0.003506157456905745,0.002639648524769722,0.0042302703174890155,0.00825609701116825,0.0023861260222362013
2026-05-11,-0.000735975961128732,-0.002116225644059555,0.0020287362083613036,-0.0019965596380986383,-0.0033698322330660835,-0.002472505411860504,0.002277563042387465,0.0007244974122817549
2026-05-12,-0.030490490501798084,-0.0057836827352162334,-0.003957209812161522,-0.0013752182341396635,-0.0033812263987719193,-0.0033966568357118865,-0.0015149526145865622,0.0
2026-05-13,0.02111820159721778,0.006689950106592457,-0.005612899814961714,0.0005008030983428835,0.0,0.0005526769364381234,0.00559483781461112,-0.00827390772231118
2026-05-14,0.0025293830973036613,-0.0035635052752059915,-0.007642296271595517,-0.0007509250386115163,-0.0006361970124553196,-0.0006443510499801741,0.0078943149045545,-0.005944288011822785
2026-05-15,-0.034283204438351866,-0.01681813220773487,-0.02322039069444226,-0.004884150135396448,-0.007956588191256664,-0.0063566175437235195,-0.012029343756796207,-0.014792212117847758
2026-05-18,-0.0015367565797141935,0.009241103279037821,0.00273187497307803,0.0010067743972150822,-0.00042783259220313674,-0.0018541887829666148,-0.0007035093177317764,0.011713300138860738
2026-05-19,-0.010928071934439676,-0.007208311311355797,-0.016561892782745447,-0.0023887811840405115,-0.0038515662219762437,-0.00501581661549122,-0.0066607880874933745,0.002841786378673161
2026-05-20,0.018674064725897388,0.01667980406294567,0.014337773746013083,0.0064272786911729884,0.006766260504617483,0.0077482951619842755,0.010248994582563453,0.012699375124601842
2026-05-21,0.008707640827418706,0.005500853919931492,-0.0009822799906678004,0.000500962324218257,0.0006400514400788371,0.002037957002567259,0.0019830877010671433,0.001865492019033077
2026-05-22,-0.0022717949456511066,-0.0020155236080550143,-0.0076020599640161945,0.00012515376654009813,0.0008528560483631598,0.0018490170476175294,0.003931549076803931,0.001034472380869289
2026-05-26,0.03825142845967555,0.011059767420210642,0.00043495402009452455,0.003378728835945699,0.00426081014295665,0.0037832587326167566,0.006638641352187502,0.004650195788298728
2026-05-27,-0.00014620528881936767,-0.0034243422068699347,-0.013309202332427494,-0.0006235836052663757,0.0004242569739481006,0.0013789333211062793,-0.0001732421647460125,-0.0030857810395388263
2026-05-28,0.00321687455747921,-0.0007635468162494607,0.010477609933210896,0.001247945408829887,0.002332423809646711,0.003029574634062504,0.005516578600909927,-0.0038175079976126014
2026-05-29,-0.00014575778342651446,0.0010507716516408028,0.010538571648365469,0.000997111985739263,0.0011635793725965904,0.0009151798306210601,0.0024914048034492264,-0.00880382346404418
2026-06-01,0.021574402364661127,-0.0034351247215538283,-0.014048680044494555,-0.000763492785237796,-0.0017279637357253685,-0.00015607992444632846,0.0027231134609038143,-0.016823391544971367
2026-06-02,0.010273987968302478,0.005553316580971801,0.001677776649860796,0.0007515959533821448,0.0007433473259288448,-9.179297689543287e-05,0.0013579397972762752,0.004570048708303576
2026-06-03,-0.012429493215544762,-0.008569712060892298,-0.009904155768766576,-0.002753462332831025,-0.002546703094089109,-0.0027543232767449632,-0.00701718232049986,-0.001163697491417981
2026-06-04,-0.011727658762345494,0.007971493948359276,0.008335974543818736,0.0018825223336698116,0.0012766841065938728,0.002117475371070876,0.0037786857621391334,0.017900618209494734
2026-06-05,-0.06526772532857605,-0.025631170054900676,-0.036545333189379026,-0.005010658943849111,-0.005312409116253747,-0.0062471429890754715,-0.025809371248925683,0.007180060048207704
2026-06-08,0.01795939855837525,0.006062923349470006,0.002599431669397134,0.0013848293111751175,-0.0010682217162238938,-0.0010168878263797643,0.002264172608771542,-0.013637818833237447
2026-06-09,0.001064685847108171,0.00019443113375050558,-0.01633647245916592,0.0010058433931323663,0.0027801827896314357,0.0032389745384646673,-0.0029354505508077944,0.02304388689107495
2026-06-10,-0.017623785194817998,-0.012925161050474143,-0.04145558180468856,-0.0018839409580412303,-0.0009596368904434271,-0.00230604353890429,-0.015765562508027298,0.00010244324781982783
2026-06-11,0.04392197542203502,0.031111600130448114,0.03134182597256352,0.005914221223315863,0.006937722267575275,0.008505852263915203,0.016996847886747934,-0.0007166353077981968
2026-06-12,0.005629651208170827,0.002768895601602317,0.0005694792310315666,0.0,-0.0016959483208797144,-0.0006417374288109068,0.005408247901529384,0.009220355084678777
2026-06-15,0.032889583637671915,0.0067322487830374644,0.025896360083728753,0.0012508690452481819,0.001061788723875301,-0.00018345122462470886,0.01763396989375332,-0.007004403124846625
2026-06-16,-0.01591398724518367,0.002209797497048527,0.002723533282284807,-0.00012496893731872571,0.002545541344648017,0.0011927922472718677,-0.005961562844234103,0.0024534515362673037
2026-06-17,-0.0011655278520698031,-0.0050809969485346995,-0.02270955075927472,-0.0037484831855068013,-0.0052898470973421485,-0.0032075108305674727,-0.012487870885051433,-0.024984647533747184
2026-06-18,0.03252630449742577,0.006070580942598491,-0.003808571701190089,0.0035117736706571367,0.003616257870823869,0.0027581216560836896,0.010396992441959574,-0.0005230108681931744
2026-06-22,0.005933015447287415,0.001628178938633651,-0.0065354381359996605,-0.0008748231697088826,-0.00381519655469853,-0.002658860192865986,-0.003146979693962715,0.010778598604182621
2026-06-23,-0.056733618416915044,-0.02027158834828502,-0.018903219228002643,-0.0008756850368122349,0.0012766841065938728,0.0011950949586700954,-0.014521954010491611,0.013148353672840729
2026-06-24,0.0011910351829020893,-0.0019519514935512072,-0.030213064971899906,-0.0002504698468851485,0.00648108869863262,0.004590983684001015,-0.0004635170636431152,5.159407199850641e-05
2026-06-25,0.010557607204054298,0.008703299149776855,0.009674185334065832,0.00037570290711874677,0.0006333420574760051,0.0008225823234861984,0.0014456352254532678,0.0018554819215754748
2026-06-26,-0.011330144988809021,-0.005913723716218455,0.011286779419095394,-0.0006259043612762971,0.0025318455096989823,0.0,-0.007231373616869652,0.01522785976295582
2026-06-29,0.0035719281894479593,0.008874546758240287,-0.013516094115971211,0.0022547821227001386,0.000315671363476433,0.0018264427688263751,0.016474862380159383,-0.005270058302586089
2026-06-30,0.01453364010823499,0.004156600462645876,-0.0005425733809176769,-0.0004999673809363836,-0.005154553255812266,-0.005742924462460164,0.007786800986842035,-0.01752420982132763
2026-07-01,-0.02821225262183058,-0.008278789305833034,0.006026389031102086,-0.00013820915818740787,-0.0024295176028328314,-0.0020977886072073293,-0.001352504438058455,0.004044378185359188
2026-07-02,-0.011732947793391735,0.013104311274567237,0.020318398961908235,0.001507761679904851,0.0009571835419928121,0.0016596008362086412,-0.001314069480687241,0.01239410196265811
2026-07-06,0.02846275241162033,0.010443578702754364,0.01057837238078907,0.002007322342831852,0.0006374581050034855,0.0002761301497185009,0.008727409093039817,-0.007957547500610396
2026-07-07,-0.027378991896943927,-0.012326905306740965,-0.012142502784779907,-0.0013772456062206562,-0.005096659114230406,-0.007269724200226424,-0.004751899671231685,0.011929285145959145
2026-07-08,0.007760227126560215,-0.007680520580173877,-0.008053135463158334,-0.0012537421193933307,-0.002027692830306793,-0.0019465989045156507,-0.0030894297130047432,-0.016260146842582146
2026-07-09,0.008304324241072303,0.005417933003936781,0.009961224054354512,0.0011297556333584868,0.0021387759990725286,0.00037151403554935847,0.00846525000257925,0.0029957983160160406
2026-07-10,0.0017969863548310538,0.003945377880423262,-0.003093719744077794,-0.0005015788780857733,-0.0008537171255607046,-0.0023210472762509315,0.0043101596888019955,0.0023689707035638996
