Date,EM_EQUITY,INTL_EQUITY,GOLD,HY_BOND,GOV_BOND,CORP_BOND,US_EQUITY,REIT
2015-01-02,30.198095321655273,43.098609924316406,114.08000183105469,48.571231842041016,82.31924438476562,80.12425994873047,169.6878204345703,52.090736389160156
2015-01-05,29.66063690185547,42.081268310546875,115.80000305175781,48.12128829956055,82.821533203125,80.45191955566406,166.6233673095703,52.3758430480957
2015-01-06,29.536020278930664,41.604610443115234,117.12000274658203,47.93699264526367,83.37789916992188,80.77952575683594,165.05393981933594,52.895347595214844
2015-01-07,30.174724578857422,42.06703567504883,116.43000030517578,48.23514938354492,83.36245727539062,80.88652038574219,167.11070251464844,53.7062873840332
2015-01-08,30.68879508972168,42.63618850708008,115.94000244140625,48.598323822021484,83.0224380493164,80.62577819824219,170.07603454589844,53.9090576171875
2015-01-09,30.58753204345703,42.42987060546875,117.26000213623047,48.842262268066406,83.4319839477539,80.8397445678711,168.71310424804688,53.93436813354492
2015-01-12,30.338287353515625,42.330265045166016,118.55999755859375,48.782657623291016,83.72562408447266,80.99351501464844,167.3915557861328,54.3462028503418
2015-01-13,30.603116989135742,42.543697357177734,118.16000366210938,48.782657623291016,83.80291748046875,81.06705474853516,166.920654296875,54.26382064819336
2015-01-14,30.4317569732666,42.422760009765625,117.97000122070312,48.66876983642578,84.18927001953125,81.20750427246094,165.9129638671875,54.7326545715332
2015-01-15,30.50185775756836,42.6931037902832,120.94000244140625,48.370643615722656,84.90791320800781,81.62874603271484,164.39312744140625,54.85935974121094
2015-01-16,30.758895874023438,43.248008728027344,122.5199966430664,48.554935455322266,84.28199005126953,81.17406463623047,166.54896545410156,55.33452224731445
2015-01-20,30.712169647216797,43.397422790527344,124.19999694824219,48.46820068359375,84.47518157958984,81.36125946044922,166.90415954589844,54.897377014160156
2015-01-21,31.389812469482422,43.7389030456543,124.2300033569336,48.72842025756836,84.07332611083984,81.32782745361328,167.74668884277344,54.85935974121094
2015-01-22,31.989559173583984,43.902530670166016,125.2300033569336,48.79347229003906,83.86470031738281,81.2877426147461,170.2412872314453,55.83504104614258
2015-01-23,31.74810791015625,43.65353775024414,124.2300033569336,48.79347229003906,84.413330078125,81.76248931884766,169.30784606933594,55.67666244506836
2015-01-26,31.763687133789062,44.251136779785156,122.98999786376953,49.01573181152344,84.22013854980469,81.74241638183594,169.70436096191406,56.14546585083008
2015-01-27,31.592330932617188,44.3151741027832,124.4000015258789,48.977779388427734,84.33609771728516,81.80258178710938,167.46588134765625,56.16447830200195
2015-01-28,31.249605178833008,43.65353775024414,123.41999816894531,48.874759674072266,84.9852066040039,82.35758209228516,165.31822204589844,55.79068374633789
2015-01-29,31.249605178833008,44.251136779785156,120.76000213623047,49.04826736450195,84.68379211425781,82.16364288330078,166.8463592529297,55.98707962036133
2015-01-30,30.3928165435791,43.55393981933594,123.44999694824219,48.912750244140625,85.4256362915039,82.83899688720703,164.7482147216797,54.83401107788086
2015-02-02,30.93804168701172,44.08039855957031,122.41999816894531,49.10050964355469,85.31879425048828,82.9161148071289,166.78855895996094,54.68831253051758
2015-02-03,31.52223014831543,44.78471374511719,121.05000305175781,49.37810516357422,84.59900665283203,82.2456283569336,169.20050048828125,55.16347885131836
2015-02-04,31.366436004638672,44.41476821899414,121.58000183105469,49.171287536621094,84.7383041381836,82.35962677001953,168.5562286376953,54.935386657714844
2015-02-05,31.553380966186523,45.02660369873047,121.79000091552734,49.45976257324219,84.42869567871094,82.09815216064453,170.2578125,55.59428024291992
2015-02-06,31.01593780517578,44.464576721191406,118.63999938964844,49.49784469604492,83.4843978881836,81.23995208740234,169.7869415283203,53.97872543334961
2015-02-09,30.969202041625977,44.251136779785156,119.16999816894531,49.37810516357422,83.44570922851562,81.29363250732422,169.027099609375,53.59859848022461
2015-02-10,30.891315460205078,44.65665054321289,118.47000122070312,49.54684829711914,83.2367172241211,81.07231140136719,170.82769775390625,53.7696647644043
2015-02-11,30.665430068969727,44.41476821899414,117.06999969482422,49.53047180175781,83.20576477050781,81.12596130371094,170.92691040039062,53.61127471923828
2015-02-12,31.319711685180664,45.1048583984375,117.33999633789062,49.525047302246094,83.2367172241211,81.33381652832031,172.57064819335938,54.25114822387695
2015-02-13,31.678001403808594,45.403656005859375,117.9800033569336,49.59583282470703,82.95811462402344,81.01197052001953,173.28099060058594,53.8900260925293
2015-02-17,31.6079044342041,45.5103759765625,116.01000213623047,49.56316375732422,82.36985778808594,80.63653564453125,173.5535430908203,53.75698471069336
2015-02-18,31.600112915039062,45.78071594238281,116.33999633789062,49.73188018798828,82.76457977294922,80.9248275756836,173.57012939453125,54.25748062133789
2015-02-19,31.467693328857422,45.8376350402832,115.94000244140625,49.617591857910156,82.55561828613281,80.91143798828125,173.4462127685547,53.09177780151367
2015-02-20,31.678001403808594,46.26449203491211,115.27999877929688,49.753684997558594,82.50916290283203,81.03211212158203,174.4869384765625,53.60493087768555
2015-02-23,31.358652114868164,46.10087203979492,115.43000030517578,49.79177474975586,82.88849639892578,81.30699157714844,174.46218872070312,54.03574752807617
2015-02-24,31.8104248046875,46.38543701171875,115.26000213623047,49.840755462646484,83.43797302246094,81.83666229248047,174.9578399658203,52.97137451171875
2015-02-25,31.74810791015625,46.42101287841797,115.69999694824219,50.0040397644043,83.515380859375,81.91038513183594,174.80909729003906,52.98404312133789
2015-02-26,31.755895614624023,46.29295349121094,116.06999969482422,49.99315643310547,83.02001953125,81.46792602539062,174.60264587402344,52.407535552978516
2015-02-27,31.732532501220703,46.31428909301758,116.16000366210938,50.0040397644043,83.31414794921875,81.66230010986328,174.00787353515625,52.819332122802734
2015-03-02,31.685792922973633,46.38543701171875,115.68000030517578,49.99473571777344,82.69397735595703,80.95441436767578,175.10646057128906,53.123435974121094
2015-03-03,31.444334030151367,46.10087203979492,115.47000122070312,49.85263442993164,82.51570892333984,80.90736389160156,174.38787841796875,53.022064208984375
2015-03-04,31.101625442504883,45.915889739990234,115.11000061035156,49.75971221923828,82.57764434814453,80.85358428955078,173.6526641845703,52.51520538330078
2015-03-05,31.05489158630371,46.022605895996094,115.0,49.85263442993164,82.62420654296875,80.96115112304688,173.84274291992188,52.667259216308594
2015-03-06,30.57974624633789,45.39654541015625,111.86000061035156,49.535587310791016,81.77920532226562,80.10065460205078,171.39767456054688,50.91866683959961
2015-03-09,30.46291732788086,45.467681884765625,111.97000122070312,49.43172836303711,82.15906524658203,80.4233169555664,172.10806274414062,51.324134826660156
2015-03-10,29.785274505615234,44.47880554199219,111.41999816894531,49.24039840698242,82.5079345703125,80.55107879638672,169.3162078857422,51.286128997802734
2015-03-11,30.011150360107422,44.592628479003906,110.75,49.377052307128906,82.65519714355469,80.96115112304688,168.91961669921875,51.33048629760742
2015-03-12,30.198095321655273,45.147544860839844,110.72000122070312,49.47547912597656,82.73268127441406,80.88050842285156,171.0673065185547,52.223777770996094
2015-03-13,29.832002639770508,44.884315490722656,110.87999725341797,49.305973052978516,82.60867309570312,80.65190124511719,170.0182647705078,52.19210433959961
2015-03-16,30.190298080444336,45.38942337036133,110.80999755859375,49.25679016113281,82.8955078125,80.73258972167969,172.28976440429688,52.730621337890625
2015-03-17,30.540800094604492,45.275604248046875,110.20999908447266,49.010807037353516,83.06605529785156,80.86701965332031,171.77769470214844,52.711612701416016
2015-03-18,31.28855323791504,46.24314498901367,112.37000274658203,49.448097229003906,84.01959991455078,81.86203002929688,173.84274291992188,53.813995361328125
2015-03-19,30.758895874023438,45.70246887207031,112.29000091552734,49.05455017089844,83.62423706054688,81.44518280029297,173.04974365234375,53.78868865966797
2015-03-20,31.218446731567383,46.712703704833984,113.56999969482422,49.43719482421875,83.9653091430664,81.67374420166016,174.57720947265625,55.138118743896484
2015-03-23,31.31191635131836,46.94746780395508,114.29000091552734,49.47547912597656,84.07390594482422,81.86203002929688,174.2370147705078,55.068443298339844
2015-03-24,31.436552047729492,46.84786605834961,114.56999969482422,49.551998138427734,84.32969665527344,81.98299407958984,173.25796508789062,54.599605560302734
2015-03-25,30.93804168701172,46.62732696533203,114.7300033569336,49.42076873779297,83.9653091430664,81.714111328125,170.7190704345703,53.65761947631836
2015-03-26,30.64984893798828,46.22180938720703,115.4800033569336,49.41532516479492,83.49242401123047,81.20993041992188,170.31256103515625,53.37720489501953
2015-03-27,30.735536575317383,46.34275436401367,115.05999755859375,49.45355987548828,83.81803131103516,81.53263092041016,170.7025146484375,53.44731140136719
2015-03-30,31.327503204345703,46.3712043762207,113.75,49.59024429321289,83.81025695800781,81.67374420166016,172.78504943847656,54.21210861206055
2015-03-31,31.257400512695312,45.65266036987305,113.66000366210938,49.53011703491211,84.02739715576172,81.82166290283203,171.27499389648438,53.734100341796875
2015-04-01,31.6468448638916,45.979915618896484,115.5999984741211,49.63224792480469,84.42725372314453,82.05689239501953,170.6693572998047,53.65761947631836
2015-04-02,32.12198257446289,46.37832260131836,115.27999877929688,49.670654296875,84.18653869628906,81.92210388183594,171.28329467773438,54.065521240234375
2015-04-06,32.53479766845703,46.84786605834961,116.69000244140625,49.796966552734375,84.29523468017578,82.02999114990234,172.43653869628906,54.62639236450195
2015-04-07,32.37123107910156,46.783843994140625,116.11000061035156,50.060543060302734,84.36518096923828,82.3265380859375,171.98025512695312,53.66400146484375
2015-04-08,33.04887771606445,46.9830436706543,115.47000122070312,50.04954528808594,84.28752136230469,82.2995834350586,172.56105041503906,53.74684143066406
2015-04-09,33.37601852416992,47.04706573486328,114.66999816894531,50.0001335144043,83.94584655761719,81.88163757324219,173.32437133789062,52.63151550292969
2015-04-10,33.39938735961914,47.13956832885742,115.97000122070312,50.115440368652344,83.92251586914062,81.99624633789062,174.270263671875,52.59326171875
2015-04-13,33.20465850830078,46.840755462646484,115.13999938964844,50.022090911865234,84.09337615966797,81.96930694580078,173.48199462890625,52.45305252075195
2015-04-14,33.3526496887207,47.189361572265625,114.44000244140625,50.044063568115234,84.34181213378906,82.15802764892578,173.8139190673828,52.63787841796875
2015-04-15,33.58631896972656,47.40278244018555,115.43000030517578,50.241737365722656,84.38844299316406,82.21195983886719,174.59375,52.24272918701172
2015-04-16,33.85115051269531,47.530853271484375,115.02999877929688,50.13739013671875,84.4505386352539,82.16478729248047,174.5440216064453,52.37657928466797
2015-04-17,33.25917053222656,46.93324661254883,115.5999984741211,49.983665466308594,84.6213607788086,82.38722229003906,172.53614807128906,52.134368896484375
2015-04-20,33.22801971435547,46.9830436706543,114.72000122070312,50.093502044677734,84.4660873413086,82.19172668457031,174.11256408691406,52.210872650146484
2015-04-21,33.42274475097656,47.40278244018555,115.37999725341797,50.12639617919922,84.28752136230469,82.17152404785156,173.90512084960938,52.30009078979492
2015-04-22,33.781044006347656,47.49527359008789,113.83000183105469,50.07701110839844,83.7983169555664,81.63896942138672,174.759765625,52.408443450927734
2015-04-23,34.03029251098633,47.673126220703125,114.66000366210938,50.060543060302734,84.05451965332031,81.84795379638672,175.1994171142578,52.54866027832031
2015-04-24,34.15492248535156,47.950584411621094,113.05000305175781,50.142879486083984,84.34955596923828,82.00300598144531,175.60606384277344,52.657012939453125
2015-04-27,34.28732681274414,48.18536376953125,115.33000183105469,50.15937042236328,84.21764373779297,81.94230651855469,174.8758544921875,52.58689880371094
2015-04-28,34.34185791015625,48.24227523803711,116.33000183105469,50.082462310791016,83.82931518554688,81.45697784423828,175.43182373046875,52.48491668701172
2015-04-29,33.9134635925293,47.822532653808594,115.51000213623047,49.98917770385742,83.51878356933594,80.78290557861328,174.70999145507812,51.42694854736328
2015-04-30,33.39938735961914,47.317420959472656,113.47000122070312,49.96167755126953,83.49543762207031,80.85027313232422,172.9593048095703,50.59202194213867
2015-05-01,33.601890563964844,47.8438835144043,113.08000183105469,50.073089599609375,83.03897094726562,80.40420532226562,174.83444213867188,50.974430084228516
2015-05-04,33.796627044677734,47.7940788269043,114.0999984741211,50.062068939208984,82.86788177490234,80.14733123779297,175.3321990966797,51.02540969848633
2015-05-05,33.430538177490234,47.0826416015625,114.41999816894531,49.99592208862305,82.72785949707031,80.01210021972656,173.32437133789062,49.91642379760742
2015-05-06,33.0177116394043,47.203590393066406,114.36000061035156,49.84696578979492,82.3235092163086,79.66738891601562,172.61077880859375,49.82084655761719
2015-05-07,32.970985412597656,47.04706573486328,113.41999816894531,49.84147644042969,82.6734619140625,79.98506164550781,173.29946899414062,50.58564376831055
2015-05-08,33.3915901184082,48.13556671142578,113.97000122070312,50.23303985595703,82.99230194091797,80.44476318359375,175.58114624023438,51.29309844970703
2015-05-11,33.07225036621094,47.715816497802734,113.52999877929688,49.9187126159668,82.17574310302734,79.63357543945312,174.7431182861328,50.52190017700195
2015-05-12,32.96320724487305,47.68736267089844,114.5,49.91316223144531,82.23796081542969,79.51870727539062,174.2204132080078,50.67488098144531
2015-05-13,33.0255012512207,48.04307174682617,116.55000305175781,49.84147644042969,82.12910461425781,79.4443359375,174.25360107421875,50.19049072265625
2015-05-14,33.3526496887207,48.61933135986328,117.18000030517578,50.084102630615234,82.4090576171875,79.71467590332031,176.07066345214844,51.15923309326172
2015-05-15,33.609683990478516,48.67625427246094,117.52999877929688,50.19441223144531,83.00011444091797,80.26898956298828,176.26153564453125,51.681880950927734
2015-05-18,33.266971588134766,48.512630462646484,117.5199966430664,50.11171340942383,82.44015502929688,79.65383911132812,176.80908203125,51.54802703857422
2015-05-19,33.32149887084961,48.327640533447266,115.88999938964844,50.03450393676758,82.07469940185547,79.2280044555664,176.75100708007812,51.36956787109375
2015-05-20,33.29812240600586,48.42013168334961,116.08000183105469,49.97381591796875,82.25357055664062,79.32262420654297,176.62655639648438,51.32497024536133
2015-05-21,33.18128967285156,48.67625427246094,115.69000244140625,50.045528411865234,82.74346923828125,79.70120239257812,177.1409912109375,51.0827751159668
2015-05-22,33.29032897949219,48.36322784423828,115.5999984741211,50.084102630615234,82.5568618774414,79.64712524414062,176.71780395507812,51.019046783447266
2015-05-26,32.76068115234375,47.49527359008789,113.91000366210938,49.979339599609375,83.07009887695312,79.9986343383789,174.81777954101562,50.630252838134766
2015-05-27,32.76846694946289,47.957706451416016,113.88999938964844,50.08961486816406,83.02344512939453,80.0797348022461,176.47720336914062,51.12737274169922
2015-05-28,32.34008026123047,47.87234878540039,114.0199966430664,50.067604064941406,83.10118103027344,79.91073608398438,176.27806091308594,51.02540969848633
2015-05-29,32.02851486206055,47.409908294677734,114.0999984741211,50.13926696777344,83.14785766601562,79.94454956054688,175.18289184570312,50.43904495239258
2015-06-01,31.903884887695312,47.28184127807617,114.0,50.223506927490234,82.7809829711914,79.4964828491211,175.53968811035156,51.05727005004883
2015-06-02,32.02851486206055,47.50238037109375,114.45999908447266,50.12931823730469,82.20458221435547,79.08975219726562,175.36541748046875,50.58564376831055
2015-06-03,31.86494255065918,47.7656135559082,113.63999938964844,49.85786056518555,81.50357818603516,78.58143615722656,175.83010864257812,49.85906982421875
2015-06-04,31.382020950317383,47.25338363647461,112.83999633789062,49.69722366333008,81.90083312988281,78.98811340332031,174.34487915039062,49.76347351074219
2015-06-05,31.241817474365234,46.69135284423828,112.23999786376953,49.547664642333984,81.308837890625,78.58818054199219,174.0461883544922,49.208984375
2015-06-08,31.234024047851562,46.62732696533203,112.56999969482422,49.547664642333984,81.42570495605469,78.533935546875,172.9758758544922,49.119754791259766
2015-06-09,31.04709243774414,46.3712043762207,112.81999969482422,49.46455001831055,81.16089630126953,78.18146514892578,172.9510040283203,48.76284408569336
2015-06-10,31.498859405517578,47.34587097167969,113.77999877929688,49.531009674072266,80.84934997558594,77.97135162353516,175.0252227783203,49.10700607299805
2015-06-11,31.34308433532715,47.473941802978516,113.26000213623047,49.6307373046875,81.48802185058594,78.6627197265625,175.58944702148438,49.406558990478516
2015-06-12,31.34308433532715,47.09686279296875,113.2300033569336,49.44791793823242,81.44129943847656,78.52717590332031,174.2453155517578,49.36195755004883
2015-06-15,30.99257469177246,46.81230163574219,113.7300033569336,49.215248107910156,81.63602447509766,78.51363372802734,173.4986114501953,49.09425354003906
2015-06-16,31.0003604888916,46.79807662963867,113.31999969482422,49.492225646972656,81.94755554199219,78.71016693115234,174.44444274902344,49.48942565917969
2015-06-17,31.187286376953125,46.69135284423828,113.8499984741211,49.44791793823242,81.9942855834961,78.70340728759766,174.7265625,49.910057067871094
2015-06-18,31.475486755371094,47.11109924316406,115.31999969482422,49.6307373046875,81.93199920654297,78.56103515625,176.54359436035156,50.598384857177734
2015-06-19,31.202871322631836,46.99726867675781,115.12000274658203,49.65843200683594,82.36817169189453,78.98131561279297,175.75985717773438,50.20960998535156
2015-06-22,31.654640197753906,47.88655471801758,113.63999938964844,49.75813674926758,81.67497253417969,78.35768127441406,176.6603240966797,49.6933708190918
2015-06-23,31.96619415283203,48.01461410522461,112.88999938964844,49.72491455078125,81.42570495605469,78.18146514892578,176.78536987304688,49.27911376953125
2015-06-24,31.740318298339844,47.601985931396484,112.58999633789062,49.591957092285156,81.66716003417969,78.39837646484375,175.50140380859375,49.01142120361328
2015-06-25,31.631244659423828,47.580997467041016,112.44000244140625,49.4423713684082,81.46463775634766,78.26958465576172,174.96786499023438,48.51428985595703
2015-06-26,31.333065032958984,47.55930709838867,112.55999755859375,49.29836654663086,81.07523345947266,77.91030883789062,174.9344940185547,48.86323547363281
2015-06-29,30.634674072265625,46.09794235229492,113.06999969482422,48.96040344238281,82.01763153076172,78.58818054199219,171.26605224609375,48.10354995727539
2015-06-30,31.089794158935547,45.931549072265625,112.37000274658203,49.19309616088867,81.79178619384766,78.4390640258789,171.6245880126953,48.08424377441406
2015-07-01,31.066253662109375,46.2281608581543,111.9800033569336,49.2014274597168,81.36430358886719,78.18754577636719,173.00022888183594,48.8760986328125
2015-07-02,31.21535301208496,46.28603744506836,111.76000213623047,49.38507080078125,81.65293884277344,78.48661804199219,172.84178161621094,48.99842071533203
2015-07-06,30.344337463378906,45.3527946472168,112.05999755859375,49.22370529174805,82.23021697998047,78.79936218261719,172.3498992919922,49.30741882324219
2015-07-07,29.889209747314453,45.36725997924805,110.76000213623047,49.262657165527344,82.44862365722656,79.1256332397461,173.43374633789062,50.079986572265625
2015-07-08,28.861255645751953,44.31102752685547,111.08999633789062,49.01780700683594,82.77628326416016,79.23442077636719,170.5240478515625,49.886844635009766
2015-07-09,29.418397903442383,45.04171371459961,111.36000061035156,49.12910842895508,82.19905853271484,78.71099090576172,170.83250427246094,49.648624420166016
2015-07-10,30.16385269165039,46.51754379272461,111.48999786376953,49.41289520263672,81.6295394897461,78.20791625976562,172.9835205078125,50.06066131591797
2015-07-13,30.367874145507812,46.69116973876953,110.98999786376953,49.45740509033203,81.41110229492188,78.03797149658203,174.89280700683594,50.13148498535156
2015-07-14,30.422809600830078,47.08183288574219,110.73999786376953,49.4073600769043,81.66851806640625,78.10594177246094,175.65145874023438,50.23448944091797
2015-07-15,30.077533721923828,46.9081916809082,110.16000366210938,49.4073600769043,81.9805679321289,78.30985260009766,175.5931396484375,50.31818771362305
2015-07-16,30.45419692993164,47.31332778930664,109.76000213623047,49.485233306884766,81.94935607910156,78.43226623535156,177.00218200683594,50.723758697509766
2015-07-17,30.414960861206055,47.23374938964844,108.6500015258789,49.3516845703125,81.95716094970703,78.48661804199219,177.1522216796875,50.54349136352539
2015-07-20,30.21879005432129,47.35674285888672,105.69999694824219,49.12351989746094,81.79337310791016,78.30308532714844,177.24392700195312,50.60142517089844
2015-07-21,30.22662925720215,47.219276428222656,105.37000274658203,49.03453063964844,82.01959991455078,78.46627807617188,176.54359436035156,50.45981216430664
2015-07-22,29.7950496673584,46.8575553894043,104.80000305175781,48.71733856201172,82.12100219726562,78.56824493408203,176.22677612304688,50.67868423461914
2015-07-23,29.504695892333984,46.73456573486328,104.33000183105469,48.68950653076172,82.45647430419922,78.79936218261719,175.234619140625,50.047786712646484
2015-07-24,29.080970764160156,46.220924377441406,105.3499984741211,48.55039978027344,82.5344467163086,78.76534271240234,173.4170684814453,50.26023864746094
2015-07-27,28.53168487548828,45.88090133666992,104.86000061035156,48.344505310058594,82.8074722290039,78.77214050292969,172.4082489013672,50.35035705566406
2015-07-28,28.8220157623291,46.45967102050781,105.0199966430664,48.60606002807617,82.57341766357422,78.71099090576172,174.5259552001953,50.382572174072266
2015-07-29,29.104507446289062,46.62604904174805,105.16999816894531,48.889835357666016,82.45647430419922,78.64299011230469,175.72647094726562,50.71087646484375
2015-07-30,28.814178466796875,46.58988952636719,104.2699966430664,49.03453063964844,82.55006408691406,78.68376159667969,175.7682647705078,50.45981216430664
2015-07-31,29.128049850463867,46.86479187011719,104.93000030517578,48.95102310180664,83.03368377685547,79.09162139892578,175.50140380859375,50.858943939208984
2015-08-03,28.64154052734375,46.74180603027344,104.0999984741211,48.85938262939453,83.28681945800781,79.27571105957031,174.9094696044922,51.174407958984375
2015-08-04,28.743545532226562,46.77798843383789,104.30999755859375,48.8873291015625,82.857177734375,78.87345123291016,174.567626953125,50.80101013183594
2015-08-05,28.751401901245117,47.023956298828125,103.93000030517578,48.82024383544922,82.53678894042969,78.56672668457031,175.14295959472656,50.46623229980469
2015-08-06,28.50029182434082,46.82862854003906,104.38999938964844,48.61901092529297,82.82587432861328,78.71672058105469,173.7088623046875,50.537052154541016
2015-08-07,28.48459815979004,46.74180603027344,104.6500015258789,48.46809387207031,83.15404510498047,78.9894027709961,173.37542724609375,50.723758697509766
2015-08-10,28.96326446533203,47.31332778930664,105.72000122070312,48.60783386230469,82.81025695800781,78.67578887939453,175.55982971191406,50.56282424926758
2015-08-11,28.327655792236328,46.58988952636719,106.26000213623047,48.38424301147461,83.35719299316406,79.00302124023438,173.97567749023438,50.89759063720703
2015-08-12,27.888227462768555,46.25710678100586,107.75,48.31718444824219,83.3259506225586,78.88034057617188,174.1841278076172,51.05852127075195
2015-08-13,27.841140747070312,46.2281608581543,106.86000061035156,48.255680084228516,83.10716247558594,78.60762786865234,173.9673309326172,51.116455078125
2015-08-14,27.88037872314453,46.30051040649414,106.8499984741211,48.28361511230469,83.02120971679688,78.6826171875,174.60104370117188,51.39328384399414
2015-08-17,27.574352264404297,46.21369552612305,107.12999725341797,48.28361511230469,83.16966247558594,78.93486022949219,175.5764923095703,51.83107376098633
2015-08-18,27.276155471801758,45.8664436340332,107.11000061035156,48.22212600708008,83.03681182861328,78.6349105834961,175.06788635253906,51.97269821166992
2015-08-19,26.93874168395996,45.4613151550293,108.55000305175781,48.17744445800781,83.5446548461914,79.01666259765625,173.6838836669922,51.66368103027344
2015-08-20,26.515005111694336,44.36166763305664,110.44000244140625,47.94268798828125,83.77127075195312,79.06438446044922,170.0570831298828,51.28386688232422
2015-08-21,25.698911666870117,43.34884262084961,111.12999725341797,47.769386291503906,84.10721588134766,79.08482360839844,164.93800354003906,50.33106231689453
2015-08-24,24.57678985595703,41.851322174072266,110.52999877929688,47.378089904785156,84.24785614013672,78.86669158935547,157.9929656982422,47.97480010986328
2015-08-25,24.890670776367188,42.24921417236328,109.16000366210938,47.47314453125,83.78688049316406,78.46444702148438,156.13372802734375,46.655029296875
2015-08-26,25.714611053466797,43.24756622314453,107.66999816894531,47.86998748779297,83.271240234375,78.41670989990234,162.12831115722656,47.9168586730957
2015-08-27,26.852426528930664,43.77568435668945,107.7300033569336,48.22773361206055,83.22433471679688,78.49170684814453,166.13851928710938,48.84391784667969
2015-08-28,26.507158279418945,43.71057891845703,108.69999694824219,48.272464752197266,83.2399673461914,78.6349105834961,166.1469268798828,48.773094177246094
2015-08-31,26.554235458374023,43.38502502441406,108.81999969482422,48.20537567138672,83.09935760498047,78.43720245361328,164.8046112060547,47.65933609008789
2015-09-01,25.526277542114258,41.93089294433594,109.19999694824219,48.049835205078125,83.47259521484375,78.91234588623047,159.88560485839844,46.75161361694336
2015-09-02,25.895090103149414,42.55305480957031,108.62000274658203,48.24635696411133,83.24563598632812,78.79615020751953,162.92030334472656,47.234458923339844
2015-09-03,25.997098922729492,42.65433883666992,107.83999633789062,48.31373977661133,83.44914245605469,79.17218017578125,163.0370635986328,47.36322021484375
2015-09-04,25.220245361328125,41.67768859863281,107.48999786376953,48.26320266723633,83.7073974609375,79.3499526977539,160.56924438476562,46.481231689453125
2015-09-08,26.02064323425293,42.90031051635742,107.5199966430664,48.527061462402344,83.3395767211914,78.98072814941406,164.60447692871094,47.18295669555664
2015-09-09,25.887245178222656,42.7266845703125,106.12999725341797,48.465335845947266,83.3708724975586,79.15166473388672,162.40341186523438,46.64216613769531
2015-09-10,26.15404510498047,43.00883102416992,106.37999725341797,48.58324432373047,83.18306732177734,78.99443054199219,163.28720092773438,46.74516677856445
2015-09-11,26.25605583190918,43.00159454345703,106.16000366210938,48.5663948059082,83.40219116210938,79.04910278320312,164.02926635742188,47.640045166015625
2015-09-14,26.216815948486328,42.676048278808594,106.22000122070312,48.48215103149414,83.4804458618164,79.04226684570312,163.42063903808594,47.6657829284668
2015-09-15,26.467920303344727,42.965423583984375,105.9000015258789,48.470947265625,82.8231430053711,78.44744873046875,165.4632568359375,48.13575744628906
2015-09-16,27.111373901367188,43.6237678527832,107.30999755859375,48.29688262939453,82.79963684082031,78.59102630615234,166.897216796875,48.65077209472656
2015-09-17,27.04859733581543,43.64546585083008,108.41000366210938,48.336185455322266,83.48828125,79.24052429199219,166.5220947265625,49.20442581176758
2015-09-18,26.546390533447266,42.55305480957031,109.20999908447266,48.20145797729492,83.87952423095703,79.47984313964844,163.80087280273438,49.12073516845703
2015-09-21,26.499309539794922,42.5313606262207,108.52999877929688,48.111602783203125,83.40219116210938,79.07645416259766,164.64732360839844,49.53919982910156
2015-09-22,26.004947662353516,41.51853561401367,107.79000091552734,47.76351547241211,83.81690979003906,79.41828155517578,162.51026916503906,48.91472625732422
2015-09-23,25.58905601501465,41.32320022583008,108.22000122070312,47.67931365966797,83.7230453491211,79.37039947509766,162.2504425048828,49.22163391113281
2015-09-24,25.47920036315918,41.20744323730469,110.48999786376953,47.44345474243164,83.84821319580078,79.38412475585938,161.66380310058594,48.759979248046875
2015-09-25,25.42426872253418,41.569175720214844,109.80999755859375,47.202049255371094,83.62908935546875,79.14480590820312,161.62188720703125,48.95504379272461
2015-09-28,24.882823944091797,40.75168228149414,108.41999816894531,46.47774887084961,84.10647583007812,79.28156280517578,157.56561279296875,48.19429016113281
2015-09-29,25.00053596496582,40.69379425048828,107.9800033569336,46.472129821777344,84.39599609375,79.38412475585938,157.65780639648438,48.707950592041016
2015-09-30,25.722457885742188,41.46788787841797,106.86000061035156,46.76411437988281,84.41169738769531,79.37039947509766,160.59942626953125,49.11760330200195
2015-10-01,25.863698959350586,41.59811782836914,106.7300033569336,46.4639778137207,84.47744750976562,79.35263061523438,161.0184783935547,49.35817337036133
2015-10-02,26.554235458374023,42.30708694458008,108.98999786376953,46.50910186767578,84.88501739501953,79.70234680175781,163.42373657226562,49.715797424316406
2015-10-05,27.1270694732666,43.14628601074219,108.7699966430664,47.0676155090332,84.4147720336914,79.48973083496094,166.33180236816406,50.55458068847656
2015-10-06,27.079984664916992,43.196929931640625,109.86000061035156,47.327117919921875,84.58718872070312,79.6474380493164,165.76194763183594,50.437538146972656
2015-10-07,27.80191421508789,43.73951721191406,109.69999694824219,47.81230163574219,84.37555694580078,79.9285888671875,167.11961364746094,51.016239166259766
2015-10-08,28.100095748901367,44.086769104003906,109.13999938964844,48.009769439697266,84.15617370605469,79.61316680908203,168.62811279296875,51.44538497924805
2015-10-09,28.202104568481445,44.16634750366211,110.87000274658203,48.0153923034668,84.20318603515625,79.6474380493164,168.72874450683594,51.36083984375
2015-10-12,27.9902286529541,44.079524993896484,111.30999755859375,47.925148010253906,84.48529052734375,79.96974182128906,168.88792419433594,51.72496032714844
2015-10-13,27.535114288330078,43.52247619628906,111.86000061035156,47.81230163574219,84.5636978149414,79.90804290771484,167.8236083984375,51.321834564208984
2015-10-14,27.746984481811523,43.60930633544922,113.80999755859375,47.77845764160156,85.02605438232422,80.22343444824219,167.01901245117188,50.938209533691406
2015-10-15,28.421825408935547,44.35444641113281,113.29000091552734,47.891300201416016,84.73607635498047,80.18914794921875,169.58360290527344,51.63394546508789
2015-10-16,28.44536781311035,44.318260192871094,112.48999786376953,48.11130905151367,84.66558837890625,80.21656036376953,170.3545684814453,52.024070739746094
2015-10-19,28.155017852783203,44.16634750366211,112.0199966430664,48.24107360839844,84.62637329101562,80.20973205566406,170.4383544921875,52.75230026245117
2015-10-20,28.147180557250977,43.9854736328125,112.7300033569336,48.28620910644531,84.33637237548828,80.05885314941406,170.22044372558594,52.73281478881836
2015-10-21,27.73912811279297,43.963783264160156,111.7300033569336,48.235443115234375,84.62637329101562,80.45652770996094,169.16452026367188,52.53774642944336
2015-10-22,28.311954498291016,44.455726623535156,111.69000244140625,48.252349853515625,84.71260833740234,80.6279296875,172.02230834960938,52.999412536621094
2015-10-23,28.47675323486328,44.89702224731445,111.5,48.421600341796875,84.2344970703125,80.33313751220703,173.90798950195312,52.48573684692383
2015-10-26,28.217802047729492,44.73064041137695,111.43000030517578,48.37081527709961,84.45394897460938,80.47713470458984,173.48060607910156,52.472721099853516
2015-10-27,27.896074295043945,44.33997344970703,111.68000030517578,48.21287536621094,84.66558837890625,80.4976577758789,173.14537048339844,52.453224182128906
2015-10-28,27.574352264404297,44.62934875488281,110.77999877929688,48.34260177612305,84.22671508789062,80.1822738647461,175.11480712890625,52.49873352050781
2015-10-29,27.315401077270508,44.303802490234375,109.72000122070312,48.218528747558594,83.70947265625,79.62006378173828,175.01425170898438,52.427215576171875
2015-10-30,27.362472534179688,44.209754943847656,109.30000305175781,48.27491760253906,83.87403106689453,79.82569885253906,174.26004028320312,51.946044921875
2015-11-02,27.903919219970703,44.62934875488281,108.58999633789062,48.424564361572266,83.63299560546875,79.48259735107422,176.32164001464844,53.051414489746094
2015-11-03,28.272727966308594,44.61487579345703,106.9800033569336,48.47553634643555,83.41323852539062,79.48944854736328,176.83285522460938,52.51824951171875
2015-11-04,28.045167922973633,44.36890411376953,105.97000122070312,48.333858489990234,83.32695770263672,79.40007781982422,176.29652404785156,52.284156799316406
2015-11-05,28.092248916625977,44.289329528808594,105.63999938964844,48.146827697753906,83.27198028564453,79.42073059082031,176.12049865722656,52.49223709106445
2015-11-06,27.69989776611328,44.086769104003906,104.0999984741211,47.914459228515625,82.70683288574219,78.90502166748047,176.02835083007812,50.86018753051758
2015-11-09,27.009361267089844,43.63099670410156,104.4000015258789,47.71609115600586,82.56555938720703,78.77433013916016,174.38575744628906,49.98887252807617
2015-11-10,26.89165687561035,43.602054595947266,104.18000030517578,47.608402252197266,82.72249603271484,78.97377014160156,174.7879638671875,50.561073303222656
2015-11-11,26.94658660888672,43.826324462890625,103.83000183105469,47.495052337646484,82.68331146240234,78.96687316894531,174.1007843017578,50.61960983276367
2015-11-12,26.687633514404297,43.25480651855469,103.8499984741211,47.17765808105469,82.73039245605469,78.93937683105469,171.6703338623047,50.275001525878906
2015-11-13,26.318828582763672,42.89308166503906,103.55999755859375,47.0416145324707,83.04438018798828,79.17316436767578,169.74276733398438,49.702781677246094
2015-11-16,26.828880310058594,43.4356575012207,103.70999908447266,47.26267623901367,83.15421295166016,79.18692779541016,172.3240966796875,50.275001525878906
2015-11-17,26.750411987304688,43.551414489746094,102.33999633789062,47.29669189453125,83.1307144165039,79.26946258544922,172.1983642578125,50.275001525878906
2015-11-18,27.04074478149414,43.94930648803711,102.43000030517578,47.387367248535156,83.09141540527344,79.29008483886719,174.93045043945312,50.717132568359375
2015-11-19,27.284013748168945,44.173583984375,103.55999755859375,46.962318420410156,83.27198028564453,79.5238265991211,174.77955627441406,50.87318801879883
2015-11-20,27.55864906311035,44.07229232788086,103.08999633789062,46.950950622558594,83.162109375,79.51008605957031,175.4165496826172,51.5103874206543
2015-11-23,27.29970359802246,43.797393798828125,102.26000213623047,46.911251068115234,83.27198028564453,79.53761291503906,175.2153778076172,51.620948791503906
2015-11-24,27.440948486328125,43.804622650146484,102.94000244140625,46.9736213684082,83.35047912597656,79.5650863647461,175.45004272460938,51.34785461425781
2015-11-25,27.229082107543945,43.90589904785156,102.45999908447266,47.024635314941406,83.39756774902344,79.6407699584961,175.42489624023438,51.55591583251953
2015-11-27,26.632701873779297,43.91313552856445,101.25,47.09829330444336,83.48391723632812,79.66826629638672,175.6260223388672,52.004573822021484
2015-11-30,26.671951293945312,43.87696838378906,101.91999816894531,47.06997299194336,83.51527404785156,79.70268249511719,174.8969268798828,51.620948791503906
2015-12-01,26.87596321105957,44.33997344970703,102.27999877929688,47.40482711791992,83.95945739746094,80.30187225341797,176.56468200683594,52.33616638183594
2015-12-02,26.554235458374023,43.869728088378906,100.69000244140625,47.30802917480469,83.7236328125,80.1087875366211,174.76283264160156,51.26981735229492
2015-12-03,26.405149459838867,43.659934997558594,101.76000213623047,47.18272399902344,82.84317779541016,79.04682159423828,172.3155975341797,50.46354293823242
2015-12-04,26.58562469482422,44.01442337036133,104.0199966430664,47.07453918457031,83.14974975585938,79.47441864013672,175.67628479003906,51.42585372924805
2015-12-07,26.146194458007812,43.732276916503906,102.66999816894531,46.74423599243164,83.4170150756836,79.6123275756836,174.61195373535156,51.282833099365234
2015-12-08,25.855857849121094,43.088417053222656,102.83999633789062,46.1633415222168,83.46420288085938,79.50886535644531,173.43869018554688,51.23731994628906
2015-12-09,25.643985748291016,42.89308166503906,102.63999938964844,46.40251159667969,83.58997344970703,79.48818969726562,172.08937072753906,50.951229095458984
2015-12-10,25.471349716186523,42.90031051635742,102.55000305175781,46.20891571044922,83.40914154052734,79.30197143554688,172.53350830078125,50.587100982666016
2015-12-11,24.75727081298828,42.08282470703125,103.11000061035156,45.28630447387695,84.07737731933594,79.43992614746094,169.1896514892578,50.4960823059082
2015-12-14,25.157472610473633,42.14793395996094,101.79000091552734,44.89336395263672,83.45636749267578,78.853759765625,170.04449462890625,50.730140686035156
2015-12-15,25.541975021362305,42.357730865478516,101.5199966430664,45.628013610839844,83.24407958984375,78.86065673828125,171.82962036132812,51.282833099365234
2015-12-16,26.04418182373047,43.21139907836914,102.75,45.97541427612305,83.02398681640625,78.84688568115234,174.34381103515625,52.284156799316406
2015-12-17,25.70676040649414,42.66157913208008,100.5,45.46287155151367,83.36988067626953,78.9365234375,171.68710327148438,52.024070739746094
2015-12-18,25.620445251464844,42.21303939819336,102.04000091552734,45.29199981689453,83.66864776611328,78.9365234375,168.6284942626953,51.419368743896484
2015-12-21,25.82047462463379,42.40863037109375,103.1500015258789,45.1496467590332,83.7079086303711,78.99166107177734,170.01950073242188,51.620948791503906
2015-12-22,26.027679443359375,42.72974395751953,102.61000061035156,45.69632339477539,83.47206115722656,78.88825988769531,171.56236267089844,51.829002380371094
2015-12-23,26.394264221191406,43.444942474365234,102.30999755859375,45.98675537109375,83.28340911865234,78.95722961425781,173.68682861328125,52.3617057800293
2015-12-24,26.298633575439453,43.3719596862793,103.05000305175781,46.08065414428711,83.43616485595703,79.21443176269531,173.40016174316406,52.3617057800293
2015-12-28,26.11534309387207,43.26979064941406,102.2699966430664,45.80587387084961,83.45185089111328,79.11763763427734,173.0039520263672,52.65181350708008
2015-12-29,26.139249801635742,43.70037078857422,102.19999694824219,46.069244384765625,83.01097869873047,78.70960235595703,174.85023498535156,53.21222686767578
2015-12-30,25.732810974121094,43.437644958496094,101.41999816894531,46.10360336303711,83.04243469238281,78.70960235595703,173.61099243164062,53.02762222290039
2015-12-31,25.653118133544922,42.85380172729492,101.45999908447266,46.13221740722656,83.13697052001953,78.84103393554688,171.87425231933594,52.56611633300781
2016-01-04,24.951820373535156,42.196983337402344,102.88999938964844,45.857391357421875,83.49124145507812,78.79952239990234,169.47157287597656,51.93317413330078
2016-01-05,25.007606506347656,42.13130187988281,103.18000030517578,45.94328689575195,83.4676513671875,78.84103393554688,169.75819396972656,52.93532180786133
2016-01-06,24.529451370239258,41.437984466552734,104.66999816894531,45.94328689575195,83.97152709960938,79.15218353271484,167.61679077148438,52.79027557373047
2016-01-07,23.772369384765625,40.57683181762695,106.1500015258789,45.64559555053711,84.15262603759766,79.21443176269531,163.59542846679688,51.761756896972656
2016-01-08,23.517353057861328,40.08786392211914,105.68000030517578,45.525352478027344,84.36519622802734,79.27671813964844,161.7997283935547,51.06950378417969
2016-01-11,23.50937843322754,40.25572967529297,104.73999786376953,45.4566535949707,84.09748077392578,79.02083587646484,161.95993041992188,51.35957717895508
2016-01-12,23.55719757080078,40.445465087890625,104.20999908447266,45.502471923828125,84.47544860839844,79.20062255859375,163.26661682128906,51.01674270629883
2016-01-13,23.310150146484375,39.81783676147461,104.72000122070312,44.998634338378906,84.8061294555664,79.442626953125,159.19467163085938,50.28492736816406
2016-01-14,23.612985610961914,40.328697204589844,103.0199966430664,45.19902801513672,84.63294219970703,79.04847717285156,161.80812072753906,50.16625213623047
2016-01-15,22.680578231811523,38.869102478027344,104.08000183105469,44.6036262512207,85.02657318115234,78.930908203125,158.3347625732422,49.82341384887695
2016-01-19,23.01528549194336,39.22669982910156,103.9800033569336,44.44905090332031,84.9163589477539,78.57826232910156,158.54547119140625,50.08714294433594
2016-01-20,22.513219833374023,38.33634567260742,105.37000274658203,44.15135192871094,85.33364868164062,78.69583892822266,156.51380920410156,48.742164611816406
2016-01-21,22.600887298583984,38.620967864990234,105.48999786376953,44.44905090332031,85.12110137939453,78.46758270263672,157.3905792236328,49.012454986572266
2016-01-22,23.3739013671875,39.759456634521484,105.0,45.130306243896484,84.93211364746094,78.51597595214844,160.61941528320312,50.377227783203125
2016-01-25,22.975444793701172,39.22669982910156,106.08000183105469,44.68378448486328,85.215576171875,78.43299865722656,158.19143676757812,50.06076431274414
2016-01-26,23.310150146484375,39.927303314208984,107.29000091552734,45.084529876708984,85.27854919433594,78.65430450439453,160.34971618652344,51.10905075073242
2016-01-27,23.23045539855957,39.6718864440918,107.69000244140625,45.01580810546875,85.3415298461914,78.4399185180664,158.6045379638672,50.12009811401367
2016-01-28,23.5970458984375,39.78865432739258,106.54000091552734,45.24481964111328,85.45176696777344,78.52979278564453,159.4307861328125,49.73769760131836
2016-01-29,24.362096786499023,40.489253997802734,106.94999694824219,45.393672943115234,85.90840911865234,78.93782806396484,163.31723022460938,50.759620666503906
2016-02-01,24.130985260009766,40.445465087890625,108.05000305175781,45.12385177612305,85.71052551269531,78.68606567382812,163.25823974609375,50.84531784057617
2016-02-02,23.349998474121094,39.504032135009766,108.08999633789062,44.80166244506836,86.31765747070312,78.83171081542969,160.31594848632812,50.38382339477539
2016-02-03,24.01144790649414,39.832435607910156,109.25,45.02030944824219,86.22303009033203,78.63749694824219,161.27703857421875,50.720062255859375
2016-02-04,24.194746017456055,39.88352584838867,110.56999969482422,44.876434326171875,86.4280776977539,78.67218017578125,161.52992248535156,50.746429443359375
2016-02-05,23.915817260742188,39.27049255371094,112.31999969482422,44.53124237060547,86.53843688964844,78.65835571289062,158.45277404785156,49.78384780883789
2016-02-08,23.589075088500977,38.54069137573242,113.83000183105469,44.01341247558594,87.18498229980469,79.06756591796875,156.31982421875,48.359764099121094
2016-02-09,23.262332916259766,38.09551239013672,113.58000183105469,43.84658432006836,87.20079040527344,78.79706573486328,156.32827758789062,47.46970748901367
2016-02-10,23.357969284057617,38.051727294921875,114.45999908447266,43.78329849243164,87.46099853515625,78.8941421508789,156.19337463378906,47.79934310913086
2016-02-11,22.967470169067383,37.4970817565918,119.05999755859375,43.48989486694336,87.86316680908203,79.1576919555664,154.16163635253906,47.120277404785156
2016-02-12,23.365934371948242,38.153900146484375,118.36000061035156,44.14002227783203,87.1928939819336,78.71382141113281,157.3399200439453,47.66090774536133
2016-02-16,23.88393783569336,38.927486419677734,114.7699966430664,44.180294036865234,86.93276977539062,78.33930969238281,159.9955596923828,48.53776931762695
2016-02-17,24.354122161865234,39.59889602661133,115.4800033569336,44.542720794677734,86.71979522705078,78.31847381591797,162.6090850830078,48.95315170288086
2016-02-18,24.210676193237305,39.394561767578125,118.29000091552734,44.5829963684082,87.12197875976562,78.95654296875,161.9430389404297,49.44762420654297
2016-02-19,24.09910774230957,39.350765228271484,117.58000183105469,44.66931915283203,87.12197875976562,78.90108489990234,161.86717224121094,49.73112106323242
2016-02-22,24.69679832458496,39.79594802856445,115.48999786376953,45.05480194091797,87.03520965576172,79.06062316894531,164.21087646484375,50.205814361572266
2016-02-23,24.170835494995117,39.14643096923828,117.22000122070312,44.962738037109375,87.20866394042969,79.22012329101562,162.13693237304688,50.07395935058594
2016-02-24,24.115047454833984,39.00776290893555,117.61000061035156,45.037532806396484,87.20866394042969,79.29637908935547,162.87884521484375,50.014617919921875
2016-02-25,24.194746017456055,39.47483825683594,117.91999816894531,45.2791748046875,87.46885681152344,79.74030303955078,164.85159301757812,51.036537170410156
2016-02-26,23.95566177368164,39.37266159057617,117.11000061035156,45.584083557128906,87.0430679321289,79.71256256103516,164.47219848632812,50.77280807495117
2016-02-29,24.162864685058594,39.13913345336914,118.63999938964844,46.073123931884766,87.18498229980469,79.76806640625,163.18228149414062,50.57501983642578
2016-03-01,25.023544311523438,40.16084671020508,117.7699966430664,46.80132293701172,86.50357055664062,79.33332824707031,167.0182647705078,51.999114990234375
2016-03-02,25.358257293701172,40.438167572021484,118.68000030517578,46.483219146728516,86.353515625,79.49325561523438,167.76861572265625,52.374916076660156
2016-03-03,25.64514923095703,40.8322639465332,120.7300033569336,46.63937759399414,86.45618438720703,79.86895751953125,168.42616271972656,52.65181350708008
2016-03-04,26.155183792114258,41.13148498535156,120.54000091552734,46.77239990234375,86.16402435302734,79.85501098632812,168.97418212890625,52.65840148925781
2016-03-07,26.11534309387207,41.08039855957031,121.13999938964844,46.83021926879883,85.99032592773438,79.94541931152344,169.10903930664062,52.79685974121094
2016-03-08,25.66905403137207,40.67900085449219,120.58000183105469,46.500545501708984,86.4877700805664,80.36980438232422,167.26275634765625,52.25624084472656
2016-03-09,25.828441619873047,40.8322639465332,119.58000183105469,46.61621856689453,86.14826965332031,80.27932739257812,168.0889892578125,52.54633331298828
2016-03-10,25.868288040161133,40.76657485961914,121.5,46.940128326416016,85.8403091430664,80.61322021484375,168.22381591796875,52.355125427246094
2016-03-11,26.41020393371582,41.83208465576172,119.41000366210938,47.50690841674805,85.59552001953125,80.8427505493164,170.9384765625,53.528682708740234
2016-03-14,26.250812530517578,41.744510650634766,117.87000274658203,47.37388229370117,85.65861511230469,81.07926177978516,170.71926879882812,53.5352783203125
2016-03-15,25.87626075744629,41.35041809082031,117.95999908447266,46.934322357177734,85.64283752441406,81.05142211914062,170.44105529785156,53.5616340637207
2016-03-16,26.394264221191406,41.71531677246094,120.58999633789062,47.246681213378906,86.09297180175781,81.44097137451172,171.42742919921875,54.2077751159668
2016-03-17,26.976016998291016,42.03642654418945,120.12999725341797,47.54742431640625,86.1877212524414,81.69141387939453,172.5150146484375,54.97255325317383
2016-03-18,27.119468688964844,41.963443756103516,119.80000305175781,47.657310485839844,86.33773803710938,81.8792495727539,173.19293212890625,54.735191345214844
2016-03-21,27.175251007080078,41.897762298583984,118.95999908447266,47.60523986816406,86.09297180175781,81.78180694580078,173.43865966796875,54.241207122802734
2016-03-22,27.111499786376953,41.824790954589844,119.30999755859375,47.478023529052734,85.91133880615234,81.62879180908203,173.34542846679688,54.241207122802734
2016-03-23,26.64927864074707,41.4015007019043,116.61000061035156,47.258209228515625,86.3061752319336,82.03919219970703,172.20144653320312,53.94785690307617
2016-03-24,26.585525512695312,41.124176025390625,116.33000183105469,47.050010681152344,86.21931457519531,82.00440979003906,172.1251983642578,53.96786117553711
2016-03-28,26.673192977905273,41.372318267822266,116.5999984741211,46.83599853515625,86.34563446044922,82.05311584472656,172.22689819335938,54.454532623291016
2016-03-29,27.039772033691406,41.81748962402344,118.76000213623047,47.015289306640625,86.9299545288086,82.4217529296875,173.8199920654297,55.63455581665039
2016-03-30,27.318695068359375,42.13130187988281,117.0999984741211,47.18303680419922,86.81156921386719,82.32437896728516,174.5826416015625,55.52788543701172
2016-03-31,27.294790267944336,41.71531677246094,117.63999938964844,47.246681213378906,87.12733459472656,82.65131378173828,174.1590118408203,55.867916107177734
2016-04-01,27.21510124206543,41.270137786865234,116.93000030517578,47.28092575073242,87.10206604003906,82.91777801513672,175.34530639648438,55.794559478759766
2016-04-04,26.888364791870117,41.18256759643555,116.1500015258789,47.16474533081055,87.20491027832031,82.92472076416016,174.777587890625,55.71457290649414
2016-04-05,26.36238670349121,40.372493743896484,117.66000366210938,46.99040603637695,87.55290985107422,83.18984985351562,173.0319061279297,55.347869873046875
2016-04-06,26.681154251098633,41.02931213378906,116.94000244140625,47.38554382324219,87.36302185058594,83.12006378173828,174.92166137695312,55.4812126159668
2016-04-07,26.147214889526367,40.43086624145508,118.61000061035156,47.15311050415039,87.81383514404297,83.3432846069336,172.8285369873047,55.134544372558594
2016-04-08,26.601465225219727,41.2044563293457,118.43000030517578,47.368080139160156,87.67940521240234,83.15493774414062,173.29461669921875,55.44123077392578
2016-04-11,26.944149017333984,41.22636032104492,120.02999877929688,47.4320068359375,87.6635513305664,83.1479721069336,172.8878631591797,55.32788848876953
2016-04-12,27.35854721069336,41.839378356933594,120.05000305175781,47.710933685302734,87.31562805175781,82.82014465332031,174.49790954589844,55.72787857055664
2016-04-13,27.844669342041016,42.503501892089844,118.7699966430664,48.02470397949219,87.37889862060547,83.10611724853516,176.260498046875,55.4812126159668
2016-04-14,27.709197998046875,42.64216232299805,117.11000061035156,48.00727462768555,87.17321014404297,83.05028533935547,176.26902770996094,55.1745491027832
2016-04-15,27.549806594848633,42.54728317260742,117.91999816894531,47.93174743652344,87.4342269897461,83.39909362792969,176.07411193847656,55.587886810302734
2016-04-18,27.677316665649414,42.91218566894531,117.73999786376953,48.204837799072266,87.34721374511719,83.4897689819336,177.311279296875,55.85456085205078
2016-04-19,28.099687576293945,43.65658187866211,119.58000183105469,48.408206939697266,87.20491027832031,83.64323425292969,177.87060546875,55.8812370300293
2016-04-20,27.97218132019043,43.69307327270508,118.97000122070312,48.50117492675781,86.76202392578125,83.41302490234375,178.04005432128906,54.93453598022461
2016-04-21,27.693254470825195,43.43034362792969,119.41999816894531,48.35007858276367,86.61966705322266,83.37813568115234,177.08250427246094,53.954532623291016
2016-04-22,27.525897979736328,43.45225143432617,117.88999938964844,48.460514068603516,86.52473449707031,83.4688720703125,177.08250427246094,54.541202545166016
2016-04-25,27.350582122802734,43.23330307006836,118.2300033569336,48.27454376220703,86.42982482910156,83.2735595703125,176.7774200439453,54.99453353881836
2016-04-26,27.64544105529785,43.386558532714844,118.69999694824219,48.437278747558594,86.24793243408203,83.23868560791016,177.04014587402344,55.207881927490234
2016-04-27,27.81279182434082,43.41575622558594,119.04000091552734,48.72196960449219,86.72246551513672,83.76879119873047,177.40451049804688,55.1745491027832
2016-04-28,27.525897979736328,42.824607849121094,121.29000091552734,48.64063262939453,87.02301025390625,83.8455810546875,175.79444885253906,55.061214447021484
2016-04-29,27.40635871887207,42.64216232299805,123.6500015258789,48.72196960449219,86.99136352539062,83.93620300292969,174.84536743164062,54.55453872680664
2016-05-02,27.334627151489258,43.04355239868164,123.23999786376953,48.74065017700195,86.73872375488281,83.82779693603516,176.23512268066406,55.40121078491211
2016-05-03,26.561622619628906,42.33564758300781,122.95999908447266,48.42544174194336,87.2535400390625,83.97465515136719,174.70126342773438,55.487884521484375
2016-05-04,26.13127899169922,41.8466911315918,122.20999908447266,48.2444953918457,87.41189575195312,83.83477020263672,173.72677612304688,56.28123474121094
2016-05-05,26.123306274414062,41.75910568237305,122.06999969482422,48.20361328125,87.6495132446289,84.00263214111328,173.69287109375,56.441261291503906
2016-05-06,26.163156509399414,41.87586975097656,123.18000030517578,48.17444610595703,87.44361877441406,83.82081604003906,174.32839965820312,57.061275482177734
2016-05-09,25.828441619873047,41.788291931152344,120.6500015258789,48.086875915527344,87.60987854003906,83.73683166503906,174.4724884033203,57.68793869018555
2016-05-10,26.322534561157227,42.3867301940918,120.9800033569336,48.4954833984375,87.59408569335938,83.87677764892578,176.6418914794922,57.68126678466797
2016-05-11,26.258785247802734,42.02183151245117,122.12000274658203,48.46046829223633,87.72865295410156,83.96766662597656,174.9894561767578,56.447914123535156
2016-05-12,26.18705940246582,42.00724411010742,121.16000366210938,48.53634262084961,87.4910888671875,83.7928237915039,175.04029846191406,56.77458953857422
2016-05-13,25.716876983642578,41.576656341552734,121.70999908447266,48.32037353515625,87.82376098632812,83.94669342041016,173.51490783691406,56.26792526245117
2016-05-16,26.027679443359375,42.07292175292969,121.80000305175781,48.58887481689453,87.50698852539062,83.66695404052734,175.2266845703125,56.80125427246094
2016-05-17,25.908130645751953,41.76640701293945,122.22000122070312,48.489654541015625,87.38813018798828,83.63892364501953,173.59120178222656,55.74787902832031
2016-05-18,25.653118133544922,41.78099822998047,120.0999984741211,48.4954833984375,86.68328094482422,82.92549133300781,173.64202880859375,54.87455368041992
2016-05-19,25.414037704467773,41.48177719116211,119.87000274658203,48.361228942871094,86.77041625976562,83.12135314941406,173.04037475585938,54.26121139526367
2016-05-20,25.66905403137207,41.824790954589844,119.70999908447266,48.53048324584961,86.82584381103516,83.17730712890625,174.133544921875,54.69453811645508
2016-05-23,25.62124252319336,41.68612289428711,119.37000274658203,48.542179107666016,86.8812484741211,83.17730712890625,173.896240234375,54.70120620727539
2016-05-24,25.88422966003418,42.29185485839844,117.30000305175781,48.83403015136719,86.73872375488281,83.03742980957031,176.150390625,55.3812255859375
2016-05-25,26.195026397705078,42.73703384399414,116.9800033569336,48.90992736816406,86.6990966796875,83.18427276611328,177.34519958496094,55.3812255859375
2016-05-26,26.370351791381836,42.85380172729492,116.58000183105469,48.76982879638672,86.96842956542969,83.422119140625,177.39602661132812,55.487884521484375
2016-05-27,26.36238670349121,42.81001663208008,115.62000274658203,48.8515510559082,86.80205535888672,83.35916137695312,178.15869140625,55.78789138793945
2016-05-31,26.394264221191406,42.60568618774414,116.05999755859375,48.80485534667969,86.905029296875,83.50608825683594,177.81976318359375,55.781227111816406
2016-06-01,26.378318786621094,42.569190979003906,115.94000244140625,48.88226318359375,86.87569427490234,83.56497955322266,178.1841583251953,55.8278923034668
2016-06-02,26.59349250793457,42.569190979003906,115.66999816894531,48.89398193359375,87.1453857421875,83.73331451416016,178.7264404296875,56.11457443237305
2016-06-03,26.999927520751953,42.84650421142578,118.87999725341797,48.98200988769531,87.95442199707031,84.4066390991211,178.1925811767578,56.341251373291016
2016-06-06,27.28683090209961,43.087337493896484,118.91999816894531,49.199012756347656,87.7243881225586,84.20323944091797,179.0993194580078,55.90790557861328
2016-06-07,27.533870697021484,43.401153564453125,118.81999969482422,49.41602325439453,87.85133361816406,84.32949829101562,179.37901306152344,56.247901916503906
2016-06-08,27.733104705810547,43.48873519897461,120.58000183105469,49.60373306274414,87.95442199707031,84.61006927490234,179.96365356445312,56.60793685913086
2016-06-09,27.414331436157227,42.95598220825195,121.25,49.41017532348633,88.08924102783203,84.72923278808594,179.71791076660156,56.73459243774414
2016-06-10,26.72100257873535,41.7080192565918,121.73999786376953,49.169681549072266,88.39857482910156,84.82750701904297,178.0146942138672,56.46792221069336
2016-06-13,26.34644889831543,41.102291107177734,122.63999938964844,48.841224670410156,88.57302856445312,84.70124816894531,176.6418914794922,56.481266021728516
2016-06-14,26.258785247802734,40.445465087890625,122.7699966430664,48.676963806152344,88.54930877685547,84.51187896728516,176.29440307617188,56.33458709716797
2016-06-15,26.53770637512207,40.715492248535156,123.68000030517578,48.700435638427734,88.81891632080078,84.82750701904297,176.04867553710938,56.8679313659668
2016-06-16,26.442079544067383,40.803077697753906,122.37999725341797,48.72979736328125,88.91413879394531,84.95372772216797,176.5740509033203,57.18794631958008
2016-06-17,26.51380157470703,41.2044563293457,123.94999694824219,48.75912094116211,88.61271667480469,84.70124816894531,175.91650390625,57.09459686279297
2016-06-20,26.983985900878906,42.226173400878906,123.20999908447266,49.04651641845703,88.2319564819336,84.59603881835938,177.04937744140625,57.17460250854492
2016-06-21,27.19118881225586,42.569190979003906,120.83999633789062,49.23420715332031,88.03369903564453,84.51885986328125,177.55191040039062,57.392547607421875
2016-06-22,27.26026153564453,42.543113708496094,120.9000015258789,49.281124114990234,88.20821380615234,84.67318725585938,177.2623291015625,57.30510330200195
2016-06-23,27.91887855529785,43.71990203857422,120.11000061035156,49.64476776123047,87.78779602050781,84.5889892578125,179.57073974609375,57.594356536865234
2016-06-24,26.22414779663086,39.96609878540039,126.0,48.82947540283203,89.00138854980469,84.98884582519531,173.12257385253906,57.0831184387207
2016-06-27,25.88680648803711,39.198951721191406,126.68000030517578,48.125667572021484,89.77076721191406,85.34651947021484,170.02195739746094,57.12348556518555
2016-06-28,26.64984130859375,40.22677993774414,125.31999969482422,48.72979736328125,89.75491333007812,85.81644439697266,173.0884552001953,58.32755661010742
2016-06-29,27.32452392578125,40.96413040161133,125.83999633789062,49.34564971923828,89.39006042480469,85.78839874267578,176.03570556640625,59.033878326416016
2016-06-30,27.597604751586914,41.57487106323242,126.47000122070312,49.67993927001953,89.58834838867188,86.09002685546875,178.43785095214844,59.646018981933594
2016-07-01,27.862653732299805,41.57487106323242,128.41000366210938,49.77838897705078,89.82499694824219,86.54084014892578,178.8126220703125,59.666175842285156
2016-07-05,27.26829719543457,40.77048873901367,129.47000122070312,49.4954948425293,90.3174819946289,86.83624267578125,177.52639770507812,60.325382232666016
2016-07-06,27.19600486755371,40.69600296020508,130.22999572753906,49.713584899902344,90.33336639404297,86.99092864990234,178.59117126464844,60.063053131103516
2016-07-07,27.12372589111328,40.53214645385742,129.74000549316406,49.77838897705078,90.21420288085938,87.00503540039062,178.4804229736328,59.44420623779297
2016-07-08,27.71004867553711,41.150333404541016,130.52000427246094,50.43840408325195,90.3889389038086,87.49031829833984,181.1380615234375,60.4061393737793
2016-07-11,27.975109100341797,41.753623962402344,129.2899932861328,50.467864990234375,89.91236877441406,87.26524353027344,181.7769317626953,60.80971908569336
2016-07-12,28.368667602539062,42.319679260253906,127.1500015258789,50.609291076660156,89.38023376464844,86.77294921875,183.0972900390625,60.80302047729492
2016-07-13,28.32047462463379,42.274986267089844,128.32000732421875,50.46198272705078,89.61060333251953,87.11048126220703,183.0717010498047,61.139347076416016
2016-07-14,28.7301025390625,42.639930725097656,127.33000183105469,50.56214904785156,89.23723602294922,86.89952850341797,184.09384155273438,60.59446334838867
2016-07-15,28.665842056274414,42.4239387512207,126.83999633789062,50.46198272705078,88.89567565917969,86.56890869140625,183.84683227539062,60.61465072631836
2016-07-18,28.922870635986328,42.528221130371094,127.04000091552734,50.63285446166992,88.87186431884766,86.56890869140625,184.3408660888672,60.77609634399414
2016-07-19,28.62568473815918,42.19306182861328,127.20999908447266,50.497344970703125,89.1102294921875,86.72369384765625,184.15350341796875,61.072059631347656
2016-07-20,28.770259857177734,42.57291030883789,125.38999938964844,50.6269645690918,88.92752075195312,86.69556427001953,184.9201202392578,61.078800201416016
2016-07-21,28.68190574645996,42.401607513427734,127.30000305175781,50.556251525878906,89.1260757446289,86.79403686523438,184.22164916992188,61.199893951416016
2016-07-22,28.890737533569336,42.4835319519043,126.3499984741211,50.78018569946289,89.05460357666016,86.7447509765625,185.04794311523438,61.73802185058594
2016-07-25,28.601591110229492,42.431392669677734,125.47000122070312,50.538578033447266,88.98309326171875,86.69556427001953,184.54531860351562,61.6236686706543
2016-07-26,28.826478958129883,42.61014938354492,126.0,50.3441162109375,89.03868103027344,86.61116027832031,184.63050842285156,61.320960998535156
2016-07-27,28.922870635986328,42.76655578613281,128.02999877929688,50.497344970703125,89.41999053955078,86.96984100341797,184.43460083007812,60.84334182739258
2016-07-28,28.930908203125,42.72187423706055,127.66000366210938,50.285213470458984,89.46759796142578,86.88542938232422,184.64756774902344,61.40840148925781
2016-07-29,29.08350372314453,43.22834014892578,128.97999572753906,50.33235168457031,89.80914306640625,87.20194244384766,184.94569396972656,62.18870544433594
2016-08-01,29.02728271484375,42.9453125,129.22000122070312,50.04997253417969,89.49736022949219,86.7104263305664,184.79238891601562,62.323238372802734
2016-08-02,28.818449020385742,42.729312896728516,130.27000427246094,49.97892379760742,89.28260803222656,86.22389221191406,183.6083526611328,61.327674865722656
2016-08-03,28.914840698242188,42.58034896850586,129.64999389648438,50.203887939453125,89.33026885986328,86.33674621582031,184.14498901367188,60.97115707397461
2016-08-04,29.075475692749023,42.826133728027344,129.8699951171875,50.52350616455078,89.54508972167969,86.70339965820312,184.3408660888672,60.72227096557617
2016-08-05,29.412813186645508,43.01978302001953,127.55000305175781,50.63601303100586,88.98828125,86.35082244873047,185.84861755371094,60.76264190673828
2016-08-08,29.621646881103516,43.109161376953125,127.44000244140625,50.84320068359375,88.9405746459961,86.40727996826172,185.7378692626953,60.870269775390625
2016-08-09,29.822439193725586,43.451778411865234,127.95999908447266,51.02076721191406,89.2587661743164,86.9149169921875,185.84861755371094,61.199893951416016
2016-08-10,29.830474853515625,43.600738525390625,128.55999755859375,50.92604064941406,89.49736022949219,87.16177368164062,185.38858032226562,61.132606506347656
2016-08-11,30.215999603271484,43.913551330566406,127.66999816894531,51.05036926269531,89.06780242919922,86.87261962890625,186.24891662597656,60.439754486083984
2016-08-12,30.103553771972656,43.801841735839844,127.4000015258789,51.0918083190918,89.38601684570312,87.26753234863281,186.08712768554688,60.69536209106445
2016-08-15,30.416805267333984,43.9731330871582,127.83999633789062,51.24571228027344,89.12348937988281,86.99954223632812,186.62376403808594,60.63481903076172
2016-08-16,30.28026580810547,43.90610885620117,128.47000122070312,51.13915252685547,88.97235870361328,86.84442138671875,185.66123962402344,59.90834426879883
2016-08-17,30.08749771118164,43.89120864868164,128.5,51.210201263427734,89.11555480957031,87.08418273925781,186.0104522705078,60.15048599243164
2016-08-18,30.368614196777344,44.1146354675293,129.11000061035156,51.41147232055664,89.27465057373047,87.29570007324219,186.42784118652344,59.92851257324219
2016-08-19,30.199939727783203,43.78693389892578,127.97000122070312,51.257568359375,88.97235870361328,87.03480529785156,186.15528869628906,59.545101165771484
2016-08-22,29.798337936401367,43.83161926269531,127.77999877929688,51.1746711730957,89.1712646484375,87.33097839355469,186.14678955078125,59.86798858642578
2016-08-23,29.677860260009766,44.017822265625,127.76000213623047,51.34632873535156,89.16326904296875,87.42971801757812,186.5215301513672,59.901607513427734
2016-08-24,29.758180618286133,43.913551330566406,126.33999633789062,51.20431137084961,89.1314468383789,87.373291015625,185.56752014160156,59.639251708984375
2016-08-25,29.782283782958984,43.73479461669922,126.2300033569336,51.29900360107422,88.98828125,87.28866577148438,185.43968200683594,59.90834426879883
2016-08-26,29.525259017944336,43.47411346435547,126.05000305175781,51.23981475830078,88.6462631225586,87.01363372802734,185.09048461914062,59.316383361816406
2016-08-29,29.750152587890625,43.60818099975586,126.30000305175781,51.49433898925781,89.01216888427734,87.50726318359375,186.00192260742188,59.901607513427734
2016-08-30,29.669832229614258,43.54859924316406,125.02999877929688,51.52394104003906,89.00420379638672,87.39441680908203,185.6952362060547,59.78725814819336
2016-08-31,29.340524673461914,43.4592170715332,124.77999877929688,51.32267379760742,88.90078735351562,87.35914611816406,185.1671600341797,59.847801208496094
2016-09-01,29.565427780151367,43.75715255737305,125.29000091552734,51.424354553222656,89.04020690917969,87.35913848876953,185.17567443847656,59.6998176574707
2016-09-02,30.047332763671875,44.263607025146484,126.56999969482422,51.66217041015625,88.80918884277344,87.20367431640625,186.0104522705078,60.217777252197266
2016-09-06,30.68988609313965,44.5615348815918,128.7100067138672,51.721595764160156,89.22335052490234,87.50761413574219,186.57264709472656,60.68191146850586
2016-09-07,30.593502044677734,44.5838737487793,128.27000427246094,51.57890319824219,89.27113342285156,87.38748168945312,186.5555877685547,61.04514694213867
2016-09-08,30.513181686401367,44.4572639465332,127.58999633789062,51.48375701904297,88.8331298828125,86.77236938476562,186.12969970703125,60.29849624633789
2016-09-09,29.485097885131836,43.593284606933594,126.75,50.990325927734375,88.41092681884766,86.12200164794922,181.6747283935547,57.910491943359375
2016-09-12,29.685897827148438,43.95079040527344,126.58999633789062,51.1687126159668,88.49056243896484,86.12908935546875,184.2812957763672,58.596622467041016
2016-09-13,28.93893051147461,43.06447982788086,125.75,50.776329040527344,88.16404724121094,85.84627532958984,181.6321258544922,57.12549591064453
2016-09-14,29.02728271484375,43.0048942565918,126.18000030517578,50.76445388793945,88.36315155029297,85.9028549194336,181.56402587890625,57.308353424072266
2016-09-15,29.525259017944336,43.37729263305664,125.37000274658203,51.06169128417969,88.38705444335938,85.95939636230469,183.3783721923828,57.52509307861328
2016-09-16,29.324460983276367,42.818687438964844,125.05999755859375,51.073577880859375,88.48265075683594,86.0583724975586,182.66949462890625,57.55220413208008
2016-09-19,29.557384490966797,43.04214096069336,125.31999969482422,51.10332107543945,88.3313217163086,86.03012084960938,182.70375061035156,58.0737190246582
2016-09-20,29.57344627380371,43.30281066894531,125.44000244140625,51.04386901855469,88.46672058105469,86.14319610595703,182.7122802734375,57.985687255859375
2016-09-21,30.400726318359375,44.06251525878906,127.2699966430664,51.46596145629883,88.61007690429688,86.58150482177734,184.7670135498047,58.730735778808594
2016-09-22,30.61760139465332,44.509403228759766,127.56999969482422,51.638343811035156,88.87293243408203,86.93497467041016,185.93121337890625,59.78059768676758
2016-09-23,30.22403335571289,44.136993408203125,127.6500015258789,51.57890319824219,88.91272735595703,86.871337890625,184.91253662109375,59.96348190307617
2016-09-26,29.782283782958984,43.72734832763672,127.55000305175781,51.35300064086914,89.16759490966797,87.00569915771484,183.41432189941406,60.105709075927734
2016-09-27,30.20797348022461,43.93589401245117,126.62000274658203,51.50160217285156,89.31895446777344,87.21781158447266,184.55294799804688,59.469017028808594
2016-09-28,30.481056213378906,44.248714447021484,126.22000122070312,51.846431732177734,89.27910614013672,87.27430725097656,185.46897888183594,59.95669937133789
2016-09-29,29.950952529907227,43.69755554199219,126.06999969482422,51.65026092529297,89.33488464355469,87.23895263671875,183.791015625,59.157440185546875
2016-09-30,30.079458236694336,44.04016876220703,125.63999938964844,51.87614440917969,89.11184692382812,87.08345794677734,185.1779327392578,58.75105667114258
2016-10-03,30.28829574584961,43.920997619628906,125.31999969482422,51.84392547607422,88.9045181274414,86.83680725097656,184.73275756835938,57.6537971496582
2016-10-04,29.950952529907227,43.913551330566406,120.97000122070312,51.75434875488281,88.49779510498047,86.43275451660156,183.791015625,56.86811828613281
2016-10-05,30.384666442871094,44.0922966003418,120.77999877929688,51.891700744628906,88.29837799072266,86.34064483642578,184.6043243408203,55.716651916503906
2016-10-06,30.408769607543945,43.85396194458008,119.66000366210938,51.92151641845703,88.11490631103516,86.34771728515625,184.73275756835938,55.73696517944336
2016-10-07,30.27223014831543,43.630523681640625,119.73999786376953,52.04095458984375,88.24249267578125,86.55323028564453,184.09922790527344,55.64213943481445
2016-10-10,30.601531982421875,43.75715255737305,120.16000366210938,52.19025802612305,88.01122283935547,86.55323028564453,185.0580596923828,55.987571716308594
2016-10-11,29.894725799560547,43.138954162597656,119.55000305175781,51.897674560546875,87.98728942871094,86.28392028808594,182.7208251953125,55.44572067260742
2016-10-12,29.838502883911133,43.04214096069336,119.73999786376953,51.87971496582031,87.98728942871094,86.39730834960938,182.96055603027344,56.082401275634766
2016-10-13,29.57344627380371,42.87826919555664,120.02999877929688,51.74835205078125,88.17073822021484,86.60997009277344,182.3612518310547,56.52265930175781
2016-10-14,29.621646881103516,42.9527587890625,119.36000061035156,51.8677864074707,87.89958190917969,86.20594024658203,182.4554901123047,56.27204895019531
2016-10-17,29.58951187133789,42.826133728027344,119.68000030517578,51.79615020751953,88.09098815917969,86.48948669433594,181.82191467285156,56.39397430419922
2016-10-18,30.111589431762695,43.25068283081055,120.41999816894531,52.00511169433594,88.26643371582031,86.70211029052734,182.96055603027344,56.75296401977539
2016-10-19,30.296316146850586,43.369842529296875,121.11000061035156,52.15445327758789,88.30634307861328,86.8155288696289,183.4485321044922,56.874881744384766
2016-10-20,30.20797348022461,43.43687438964844,120.73999786376953,52.160377502441406,88.22654724121094,86.78719329833984,183.10610961914062,56.74617385864258
2016-10-21,30.199939727783203,43.340049743652344,120.83000183105469,52.172359466552734,88.322265625,86.83680725097656,183.19171142578125,56.536216735839844
2016-10-24,30.328447341918945,43.33259582519531,120.55999755859375,52.20215606689453,88.20264434814453,86.58868408203125,183.97076416015625,56.66489791870117
2016-10-25,30.360578536987305,43.30281066894531,121.47000122070312,52.172359466552734,88.18670654296875,86.52493286132812,183.35440063476562,56.563289642333984
2016-10-26,30.039302825927734,43.109161376953125,120.79000091552734,51.96332931518555,87.99527740478516,86.16342163085938,182.9862823486328,55.82503128051758
2016-10-27,29.782283782958984,43.057029724121094,121.01000213623047,51.77224349975586,87.69221496582031,85.7735595703125,182.4982147216797,54.36198806762695
2016-10-28,29.661794662475586,43.04214096069336,121.58000183105469,51.52145767211914,87.70818328857422,85.67436981201172,181.95889282226562,54.49068832397461
2016-10-31,29.830474853515625,43.06447982788086,121.94000244140625,51.366188049316406,87.77995300292969,85.7522964477539,181.96743774414062,55.37799835205078
2016-11-01,29.58951187133789,42.87826919555664,122.7300033569336,51.165863037109375,87.78311920166016,85.64429473876953,180.6490478515625,54.17237091064453
2016-11-02,29.23611068725586,42.587799072265625,123.63999938964844,50.93790817260742,88.04668426513672,85.7722396850586,179.561767578125,53.37986373901367
2016-11-03,29.15578842163086,42.543113708496094,124.30000305175781,50.949886322021484,87.99079132080078,85.60164642333984,178.7399444580078,52.966712951660156
2016-11-04,28.85860824584961,42.13346481323242,124.38999938964844,50.97390365600586,88.26235961914062,85.85748291015625,178.54296875,53.38666915893555
2016-11-07,29.902755737304688,42.714412689208984,122.1500015258789,51.68768310546875,87.89491271972656,85.80059051513672,182.48114013671875,54.32134246826172
2016-11-08,30.095529556274414,42.83358383178711,121.63999938964844,51.57373809814453,87.58348846435547,85.60874938964844,183.3030242919922,54.605831146240234
2016-11-09,29.115631103515625,42.870819091796875,121.55999755859375,51.21384048461914,86.24966430664062,84.35082244873047,185.24639892578125,53.77949142456055
2016-11-10,28.288349151611328,42.75166702270508,119.75,50.54203796386719,85.73047637939453,84.27979278564453,185.70867919921875,52.878665924072266
2016-11-11,27.75020980834961,42.4909782409668,117.0999984741211,50.068153381347656,85.55480194091797,83.91732788085938,185.2806396484375,53.19701385498047
2016-11-14,27.549406051635742,42.260093688964844,116.11000061035156,50.44004821777344,85.05964660644531,83.48382568359375,185.4261932373047,54.456817626953125
2016-11-15,28.103614807128906,42.446292877197266,117.12000274658203,51.105857849121094,85.05964660644531,83.73966217041016,186.87303161621094,54.003028869628906
2016-11-16,27.87068748474121,41.99940872192383,116.7699966430664,50.901893615722656,85.13948059082031,83.86048126220703,186.5220184326172,53.84722900390625
2016-11-17,27.91084861755371,42.319679260253906,116.16999816894531,50.76394271850586,84.76408386230469,83.32743835449219,187.4808349609375,53.298614501953125
2016-11-18,27.782344818115234,41.85789489746094,115.1500015258789,50.76394271850586,84.38874053955078,82.8583984375,187.06138610839844,53.454368591308594
2016-11-21,28.055419921875,42.21540069580078,115.58000183105469,51.17182159423828,84.46058654785156,82.9437026977539,188.47393798828125,53.29183578491211
2016-11-22,28.48111343383789,42.319679260253906,115.54000091552734,51.54977035522461,84.54045867919922,83.15687561035156,188.84207153320312,54.22652816772461
2016-11-23,28.175901412963867,42.170711517333984,113.25,51.35780334472656,84.23699188232422,82.85131072998047,188.9447784423828,53.996238708496094
2016-11-25,28.312442779541016,42.29733657836914,112.61000061035156,51.423744201660156,84.16506958007812,82.8583984375,189.64682006835938,54.30781555175781
2016-11-28,28.424888610839844,42.07388687133789,113.80000305175781,51.417762756347656,84.54845428466797,83.23506164550781,188.75640869140625,54.55842208862305
2016-11-29,28.46504783630371,42.342018127441406,113.2699966430664,51.351806640625,84.6363296508789,83.34880065917969,189.12461853027344,55.07996368408203
2016-11-30,28.513240814208984,42.29733657836914,111.75,51.37578582763672,84.06922149658203,83.03610229492188,188.6708526611328,54.45003890991211
2016-12-01,28.175901412963867,42.13346481323242,111.54000091552734,51.13540267944336,83.74849700927734,82.57075500488281,187.97743225097656,53.650814056396484
2016-12-02,28.208024978637695,42.23773956298828,112.13999938964844,51.44267272949219,84.12443542480469,82.94844055175781,188.07162475585938,54.18588638305664
2016-12-05,28.440950393676758,42.65483093261719,111.54000091552734,51.575233459472656,84.09246063232422,83.12657928466797,189.20169067382812,54.585506439208984
2016-12-06,28.593555450439453,42.9453125,111.43000030517578,51.834285736083984,84.12443542480469,83.11946105957031,189.80088806152344,54.9377326965332
2016-12-07,29.075475692749023,43.58583068847656,111.83000183105469,52.093406677246094,84.40440368652344,83.46863555908203,192.28366088867188,56.03498840332031
2016-12-08,29.203981399536133,43.54859924316406,111.56999969482422,52.08735656738281,84.08445739746094,83.12657928466797,192.7545166015625,56.42106246948242
2016-12-09,29.051376342773438,43.73479461669922,110.4000015258789,52.11147689819336,83.65254974365234,82.80590057373047,193.9188232421875,56.36009979248047
2016-12-12,28.85860824584961,43.54115676879883,110.81999969482422,52.039154052734375,83.66857147216797,82.72753143310547,193.69622802734375,56.73265075683594
2016-12-13,29.179893493652344,44.010379791259766,110.44999694824219,52.16569137573242,83.71654510498047,82.91281127929688,194.98898315429688,56.70553970336914
2016-12-14,28.312442779541016,43.362396240234375,108.83000183105469,51.77404022216797,83.02074432373047,82.38545227050781,193.37950134277344,55.466041564941406
2016-12-15,28.360633850097656,43.26557540893555,107.33999633789062,51.79815673828125,82.78875732421875,82.44246673583984,194.17568969726562,55.140926361083984
2016-12-16,28.232120513916016,43.29537582397461,108.05000305175781,51.84636688232422,82.89273071289062,82.37828826904297,193.79588317871094,55.96724319458008
2016-12-19,28.039358139038086,43.22834014892578,108.58999633789062,51.978912353515625,83.27662658691406,82.77738952636719,194.21786499023438,56.57008361816406
2016-12-20,28.1357421875,43.37729263305664,107.79000091552734,52.051231384277344,83.10069274902344,82.72753143310547,194.96710205078125,56.69878005981445
2016-12-21,28.018762588500977,43.38933563232422,107.8499984741211,52.14159393310547,83.23667907714844,82.99118041992188,194.42457580566406,55.838565826416016
2016-12-22,27.685686111450195,43.291507720947266,107.58999633789062,52.254005432128906,83.20059967041016,82.99689483642578,194.08868408203125,55.745216369628906
2016-12-23,27.84815788269043,43.404396057128906,107.93000030517578,52.35073471069336,83.28068542480469,83.12551879882812,194.37290954589844,55.89044189453125
2016-12-27,27.970012664794922,43.35170364379883,108.55999755859375,52.302398681640625,83.16058349609375,82.97543334960938,194.8551788330078,56.00800323486328
2016-12-28,28.181232452392578,43.1861572265625,108.86000061035156,52.229835510253906,83.46500396728516,83.2827377319336,193.2447967529297,55.66913986206055
2016-12-29,28.644287109375,43.291507720947266,110.29000091552734,52.302398681640625,83.7213134765625,83.60427856445312,193.20169067382812,56.360679626464844
2016-12-30,28.44119644165039,43.44200897216797,109.61000061035156,52.32052230834961,83.96964263916016,83.73291015625,192.49557495117188,57.072959899902344
2017-01-03,28.782394409179688,43.712913513183594,110.47000122070312,52.538169860839844,83.9295654296875,83.80438995361328,193.9681396484375,57.25968933105469
2017-01-04,29.00172996520996,44.209564208984375,110.86000061035156,52.82229232788086,84.02571105957031,84.09019470214844,195.1220245361328,58.09646224975586
2017-01-05,29.318553924560547,44.5858039855957,112.58000183105469,52.743690490722656,84.57046508789062,84.5403823852539,194.96710205078125,58.28316116333008
2017-01-06,29.196701049804688,44.43532180786133,111.75,52.7315788269043,84.18595886230469,84.0973129272461,195.6646728515625,58.290061950683594
2017-01-09,29.17232894897461,44.36758041381836,112.66999816894531,52.71953201293945,84.50639343261719,84.26167297363281,195.01878356933594,57.76451873779297
2017-01-10,29.342927932739258,44.375118255615234,113.1500015258789,52.725521087646484,84.46631622314453,84.21167755126953,195.01878356933594,57.273502349853516
2017-01-11,29.69224739074707,44.60838317871094,113.5,52.75577163696289,84.56238555908203,84.34027099609375,195.56988525390625,56.920841217041016
2017-01-12,29.822227478027344,44.67611312866211,113.91000366210938,52.76786422729492,84.61051177978516,84.33316802978516,195.0790557861328,57.211273193359375
2017-01-13,29.797863006591797,44.8416633605957,114.20999908447266,52.7859992980957,84.42626190185547,84.16168212890625,195.52687072753906,57.128292083740234
2017-01-17,29.781606674194336,44.67611312866211,115.8499984741211,52.7315788269043,84.85083770751953,84.52608489990234,194.8379364013672,57.570865631103516
2017-01-18,29.619136810302734,44.54819107055664,114.87000274658203,52.77995681762695,84.25,83.96871185302734,195.26852416992188,57.66767501831055
2017-01-19,29.52977752685547,44.43532180786133,114.7699966430664,52.610687255859375,83.9295654296875,83.6828842163086,194.54513549804688,57.07988357543945
2017-01-20,29.586639404296875,44.691162109375,115.05000305175781,52.71345138549805,83.96964263916016,83.83292388916016,195.2598876953125,57.49479293823242
2017-01-23,30.02532196044922,44.804039001464844,115.79000091552734,52.71345138549805,84.41026306152344,84.21881866455078,194.7517852783203,57.97888946533203
2017-01-24,30.212169647216797,44.91691970825195,115.2699966430664,52.749698638916016,84.08979034423828,83.96871185302734,196.00051879882812,57.99272537231445
2017-01-25,30.545242309570312,45.38346481323242,114.31999969482422,52.937129974365234,83.67320251464844,83.64714813232422,197.69696044921875,57.61236572265625
2017-01-26,30.415266036987305,45.20286560058594,113.26000213623047,52.912960052490234,83.78540802001953,83.7472152709961,197.4903106689453,57.50174331665039
2017-01-27,30.43963623046875,45.12760925292969,113.48999786376953,52.961299896240234,83.8895492553711,83.84719848632812,197.1802520751953,56.941566467285156
2017-01-30,30.277158737182617,44.804039001464844,113.97000122070312,52.852481842041016,83.86550903320312,83.70429229736328,195.9574432373047,56.55429458618164
2017-01-31,30.334022521972656,44.87175750732422,115.55000305175781,52.798118591308594,84.15392303466797,83.85435485839844,195.940185546875,56.96232223510742
2017-02-01,30.35027313232422,45.052371978759766,115.19999694824219,52.99358367919922,83.99262237548828,83.75117492675781,196.0177001953125,56.27770233154297
2017-02-02,30.480255126953125,45.07493591308594,115.83999633789062,53.023963928222656,84.02474975585938,83.77269744873047,196.14691162109375,56.94849395751953
2017-02-03,30.66709327697754,45.25554656982422,116.12999725341797,53.11503601074219,84.08893585205078,83.86589813232422,197.49891662597656,57.25968933105469
2017-02-06,30.593982696533203,44.931968688964844,117.69999694824219,53.078582763671875,84.4900894165039,84.13095092773438,197.1458282470703,57.162864685058594
2017-02-07,30.43963623046875,44.886817932128906,117.45999908447266,52.99969482421875,84.64246368408203,84.27422332763672,197.15447998046875,56.96232223510742
2017-02-08,30.626487731933594,44.96207046508789,118.19000244140625,53.03610610961914,84.98748016357422,84.5679931640625,197.41281127929688,57.41180419921875
2017-02-09,30.764585494995117,45.15019226074219,117.29000091552734,53.108985900878906,84.48204040527344,84.2312240600586,198.58396911621094,57.55012130737305
2017-02-10,31.048921585083008,45.25554656982422,117.5999984741211,53.14537811279297,84.42587280273438,84.2098159790039,199.36761474609375,57.95814895629883
2017-02-13,31.146394729614258,45.43613815307617,116.80000305175781,53.224327087402344,84.2975082397461,84.17395782470703,200.45272827148438,57.97888946533203
2017-02-14,31.17889404296875,45.368412017822266,116.93000030517578,53.26074981689453,83.99262237548828,83.97332000732422,201.2535400390625,57.67461395263672
2017-02-15,31.430721282958984,45.54149627685547,117.44999694824219,53.278961181640625,83.8321533203125,83.90882873535156,202.30421447753906,57.480987548828125
2017-02-16,31.316993713378906,45.64684295654297,118.08000183105469,53.23646926879883,84.16915130615234,84.14527893066406,202.13194274902344,57.81982421875
2017-02-17,31.18701171875,45.52644729614258,117.68000030517578,53.291133880615234,84.39374542236328,84.3602066040039,202.45059204101562,57.93046569824219
2017-02-21,31.528213500976562,45.67694091796875,117.75,53.46718978881836,84.35365295410156,84.39602661132812,203.65621948242188,58.670433044433594
2017-02-22,31.625703811645508,45.67694091796875,117.91000366210938,53.491477966308594,84.4900894165039,84.4605484008789,203.47537231445312,58.4767951965332
2017-02-23,31.633827209472656,45.774776458740234,118.94000244140625,53.540035247802734,84.71473693847656,84.67548370361328,203.61314392089844,58.781070709228516
2017-02-24,31.260129928588867,45.443668365478516,119.69999694824219,53.58254623413086,85.10782623291016,85.1053695678711,203.87152099609375,59.05769348144531
2017-02-27,31.162641525268555,45.4737663269043,119.12000274658203,53.64934539794922,84.80294799804688,84.90473175048828,204.19015502929688,59.36888885498047
2017-02-28,30.8620662689209,45.40604019165039,119.2300033569336,53.60681915283203,84.76282501220703,84.96207427978516,203.63897705078125,58.96088790893555
2017-03-01,31.34136962890625,45.880130767822266,119.05999755859375,53.804420471191406,84.17233276367188,84.45986938476562,206.48939514160156,58.781070709228516
2017-03-02,30.788963317871094,45.57911682128906,117.58000183105469,53.633644104003906,83.93132781982422,84.3305435180664,205.18910217285156,58.46297073364258
2017-03-03,31.024538040161133,45.85002136230469,117.51000213623047,53.65803909301758,84.01168823242188,84.41675567626953,205.3182373046875,58.234771728515625
2017-03-06,31.040790557861328,45.70704650878906,116.72000122070312,53.48732376098633,83.99557495117188,84.2658920288086,204.7068328857422,57.971981048583984
2017-03-07,31.073280334472656,45.54901885986328,115.77999877929688,53.139713287353516,83.8750991821289,83.8492202758789,204.0954132080078,57.69533920288086
2017-03-08,30.78082847595215,45.38346481323242,115.05999755859375,52.7860221862793,83.59392547607422,83.59054565429688,203.71649169921875,56.6303825378418
2017-03-09,30.5371150970459,45.55654525756836,114.47000122070312,52.6457633972168,83.36091613769531,83.13793182373047,203.97482299804688,55.779788970947266
2017-03-10,30.87831687927246,45.94031524658203,114.72000122070312,52.62748336791992,83.5376968383789,83.3462905883789,204.6895751953125,55.606903076171875
2017-03-13,31.308874130249023,46.181121826171875,114.73999786376953,52.6701545715332,83.32876586914062,83.06612396240234,204.79298400878906,55.745216369628906
2017-03-14,31.13015365600586,45.82743453979492,114.12000274658203,52.51161575317383,83.4171371459961,83.13793182373047,204.00926208496094,55.73137283325195
2017-03-15,31.942522048950195,46.48212432861328,116.25,53.23729705810547,84.14820861816406,83.85641479492188,205.774658203125,56.85859298706055
2017-03-16,32.13750076293945,46.7078742980957,116.7300033569336,53.084800720214844,83.91522979736328,83.73426818847656,205.3699188232422,56.74794006347656
2017-03-17,32.08062744140625,46.82827377319336,116.98999786376953,53.10314178466797,84.14021301269531,83.92823028564453,205.00921630859375,57.01072692871094
2017-03-20,32.454315185546875,46.73044204711914,117.51000213623047,52.99949264526367,84.34104919433594,84.12222290039062,204.784423828125,56.96232223510742
2017-03-21,32.09687805175781,46.519744873046875,118.54000091552734,52.621360778808594,84.62224578857422,84.3305435180664,202.1550750732422,56.71335983276367
2017-03-22,32.251220703125,46.527278900146484,118.83000183105469,52.74940872192383,84.782958984375,84.54610443115234,202.63075256347656,56.68202590942383
2017-03-23,32.259342193603516,46.63262176513672,118.66999816894531,52.76773452758789,84.6945571899414,84.48863983154297,202.41455078125,57.09998321533203
2017-03-24,32.3405876159668,46.76055145263672,118.86000061035156,52.950653076171875,84.7427749633789,84.57486724853516,202.26754760742188,57.03727340698242
2017-03-27,32.251220703125,46.880950927734375,119.52999877929688,52.89577865600586,84.95164489746094,84.75444793701172,202.05995178222656,56.521812438964844
2017-03-28,32.3405876159668,47.10669708251953,119.04000091552734,53.188514709472656,84.66238403320312,84.57486724853516,203.53030395507812,56.76560974121094
2017-03-29,32.39745330810547,47.10669708251953,119.33000183105469,53.29827880859375,84.90341186523438,84.84781646728516,203.7205352783203,57.0860595703125
2017-03-30,32.22686004638672,46.9411506652832,118.47000122070312,53.548309326171875,84.66238403320312,84.62508392333984,204.36924743652344,57.19053268432617
2017-03-31,31.999387741088867,46.8734245300293,118.72000122070312,53.52996826171875,84.8311538696289,84.71134185791016,203.89353942871094,57.53186798095703
2017-04-03,32.178096771240234,46.805694580078125,119.3499984741211,53.50124740600586,85.24868774414062,85.09171295166016,203.53890991210938,57.69905090332031
2017-04-04,32.19435501098633,46.790645599365234,119.62000274658203,53.519569396972656,85.12803649902344,84.86836242675781,203.6686553955078,57.69905090332031
2017-04-05,32.09687805175781,46.54232406616211,119.62000274658203,53.476707458496094,85.28895568847656,84.97644805908203,203.06320190429688,57.78264236450195
2017-04-06,32.04000473022461,46.54983901977539,119.18000030517578,53.5440788269043,85.23268127441406,85.0556869506836,203.63409423828125,58.08911895751953
2017-04-07,31.983139038085938,46.519744873046875,119.45999908447266,53.519569396972656,84.97514343261719,84.8468017578125,203.42645263671875,58.172725677490234
2017-04-10,31.853160858154297,46.46706771850586,119.45999908447266,53.593082427978516,85.12803649902344,85.00528717041016,203.54754638671875,58.53497314453125
2017-04-11,31.78005599975586,46.68529510498047,121.19000244140625,53.488983154296875,85.52226257324219,85.4014663696289,203.3053741455078,58.93898391723633
2017-04-12,31.934404373168945,46.64767074584961,122.0199966430664,53.525726318359375,85.78783416748047,85.68241882324219,202.41455078125,58.834503173828125
2017-04-13,31.796306610107422,46.3466682434082,122.5999984741211,53.41547775268555,86.0452880859375,85.82650756835938,201.09982299804688,58.702152252197266
2017-04-17,32.129371643066406,46.63262176513672,122.23999786376953,53.574710845947266,85.90850067138672,85.66081237792969,202.881591796875,59.412681579589844
2017-04-18,31.72318458557129,46.42192077636719,122.81999969482422,53.56248474121094,86.39930725097656,86.16509246826172,202.276123046875,59.57289505004883
2017-04-19,31.528213500976562,46.23379135131836,121.7300033569336,53.513465881347656,86.17403411865234,85.90577697753906,201.90423583984375,59.48929977416992
2017-04-20,31.918149948120117,46.6025276184082,121.95999908447266,53.69105911254883,85.98091888427734,85.78328704833984,203.54754638671875,59.49626922607422
2017-04-21,31.918149948120117,46.63262176513672,122.30999755859375,53.64822006225586,86.02117156982422,85.78328704833984,202.8988800048828,59.28032684326172
2017-04-24,32.37308120727539,47.81406021118164,121.4800033569336,53.899269104003906,85.8441162109375,85.66799926757812,205.13034057617188,58.625526428222656
2017-04-25,32.657405853271484,48.152679443359375,120.25,53.99727249145508,85.40164184570312,85.32948303222656,206.32388305664062,58.86933517456055
2017-04-26,32.53554916381836,48.0172233581543,120.83999633789062,53.94829559326172,85.62686157226562,85.5383529663086,206.1941680908203,58.43047332763672
2017-04-27,32.49494171142578,48.062381744384766,120.38999938964844,53.98506546020508,85.68321228027344,85.6175537109375,206.36720275878906,58.277217864990234
2017-04-28,32.543678283691406,48.009700775146484,120.7699966430664,53.9666748046875,85.77172088623047,85.71842193603516,205.91738891601562,57.67118453979492
2017-05-01,32.73052978515625,48.20535659790039,119.66999816894531,53.99433135986328,85.5864028930664,85.4526596069336,206.43637084960938,58.012516021728516
2017-05-02,32.96611785888672,48.45368194580078,119.6500015258789,54.01280212402344,85.763671875,85.70542907714844,206.51422119140625,57.914974212646484
2017-05-03,32.746768951416016,48.35585403442383,117.9800033569336,54.0620002746582,85.5864028930664,85.66210174560547,206.26336669921875,57.14176940917969
2017-05-04,32.38120651245117,48.814884185791016,116.79000091552734,53.77289581298828,85.39300537109375,85.4959716796875,206.5055389404297,56.86315155029297
2017-05-05,32.6492805480957,49.3566780090332,117.01000213623047,53.86518859863281,85.40911102294922,85.52483367919922,207.31857299804688,57.39949417114258
2017-05-08,32.64116287231445,48.98796081542969,116.75,53.926666259765625,85.19962310791016,85.37316131591797,207.2840118408203,56.9954833984375
2017-05-09,33.055477142333984,48.86756134033203,116.05000305175781,53.889739990234375,85.10289001464844,85.38761138916016,207.09368896484375,56.688987731933594
2017-05-10,33.274810791015625,48.94280242919922,116.04000091552734,54.12350082397461,85.07064819335938,85.50313568115234,207.465576171875,57.13480758666992
2017-05-11,33.347923278808594,48.82240676879883,116.5,54.12961196899414,85.13511657714844,85.54649353027344,207.041748046875,56.84919738769531
2017-05-12,33.48603057861328,49.09330368041992,116.83000183105469,54.11116409301758,85.57029724121094,85.97992706298828,206.69581604003906,56.619319915771484
2017-05-15,33.82722854614258,49.34162902832031,117.13999938964844,54.23418426513672,85.51384735107422,85.97270202636719,207.83750915527344,56.78651809692383
2017-05-16,33.85972213745117,49.657684326171875,117.6500015258789,54.31417465209961,85.62665557861328,86.09553527832031,207.647216796875,56.40340042114258
2017-05-17,33.28294372558594,49.09330368041992,119.79000091552734,54.07431411743164,86.31161499023438,86.62281799316406,203.96275329589844,56.633262634277344
2017-05-18,32.73052978515625,49.17607498168945,118.80999755859375,54.135799407958984,86.28742980957031,86.60836029052734,204.784423828125,56.94673538208008
2017-05-19,33.429168701171875,49.747982025146484,119.4000015258789,54.23418426513672,86.26329040527344,86.658935546875,206.1163787841797,57.25322341918945
2017-05-22,33.4616584777832,49.808189392089844,119.9000015258789,54.40026092529297,86.16654205322266,86.5866928100586,207.1629180908203,57.47615051269531
2017-05-23,33.4941520690918,49.81570816040039,119.13999938964844,54.394107818603516,85.94099426269531,86.31939697265625,207.62130737304688,57.524898529052734
2017-05-24,33.6241340637207,49.845821380615234,119.61000061035156,54.48637390136719,86.11824035644531,86.45665740966797,208.10562133789062,57.991607666015625
2017-05-25,33.78660583496094,49.845821380615234,119.4800033569336,54.44331359863281,86.16654205322266,86.49278259277344,209.1002197265625,57.99858474731445
2017-05-26,33.90846252441406,49.70283889770508,120.54000091552734,54.474063873291016,86.22297668457031,86.55780792236328,209.05703735351562,57.580623626708984
2017-05-30,33.72975158691406,49.65016174316406,120.13999938964844,54.5294189453125,86.44058227539062,86.76004791259766,208.87539672851562,57.21840286254883
2017-05-31,33.469783782958984,49.71035385131836,120.62000274658203,54.523284912109375,86.48086547851562,86.86119842529297,208.823486328125,57.25322341918945
2017-06-01,33.75411605834961,50.033931732177734,120.72000122070312,54.6820182800293,86.4356460571289,86.88002014160156,210.4840545654297,57.55276870727539
2017-06-02,33.92470932006836,50.58326721191406,121.61000061035156,54.712894439697266,86.81497955322266,87.28560638427734,211.1847381591797,58.14488220214844
2017-06-05,33.884098052978516,50.304847717285156,121.7300033569336,54.66349792480469,86.66967010498047,87.03932189941406,211.02902221679688,57.894107818603516
2017-06-06,33.90034866333008,50.161865234375,123.0999984741211,54.577022552490234,86.94410705566406,87.29287719726562,210.3544158935547,57.61545181274414
2017-06-07,33.85972213745117,50.176910400390625,122.44999694824219,54.465824127197266,86.78269958496094,87.1841812133789,210.74363708496094,58.019466400146484
2017-06-08,34.06282424926758,50.08660888671875,121.6500015258789,54.509056091308594,86.64550018310547,87.03207397460938,210.84738159179688,57.88014602661133
2017-06-09,33.802860260009766,49.89849853515625,120.54000091552734,54.552310943603516,86.56478881835938,86.94520568847656,210.52743530273438,58.284183502197266
2017-06-12,33.6241340637207,49.71035385131836,120.36000061035156,54.64496994018555,86.54862976074219,86.96692657470703,210.4840545654297,58.80662536621094
2017-06-13,33.78660583496094,50.09413528442383,120.4800033569336,54.743778228759766,86.58091735839844,87.06108856201172,211.51341247558594,58.93898391723633
2017-06-14,33.77848434448242,50.05651092529297,119.81999969482422,54.74993133544922,87.0328369140625,87.6549301147461,211.24530029296875,59.02260208129883
2017-06-15,33.429168701171875,49.53729248046875,119.31999969482422,54.53996276855469,86.8795166015625,87.4449234008789,210.8387451171875,59.322120666503906
2017-06-16,33.48603057861328,49.958683013916016,119.33999633789062,54.44731521606445,86.927978515625,87.51731872558594,210.8848114013672,59.168853759765625
2017-06-19,33.81911087036133,50.161865234375,118.43000030517578,54.61406326293945,86.68584442138672,87.4087142944336,212.64048767089844,59.17582321166992
2017-06-20,33.4453125,49.75810241699219,118.18000030517578,54.42259216308594,86.90373229980469,87.60423278808594,211.20640563964844,59.03650665283203
2017-06-21,33.518768310546875,49.696929931640625,118.5199966430664,54.10758972167969,86.89566802978516,87.6476821899414,211.15426635742188,58.91809844970703
2017-06-22,33.690155029296875,49.68929672241211,118.91999816894531,54.25583267211914,86.97637939453125,87.72010803222656,211.0586395263672,58.973838806152344
2017-06-23,33.86970901489258,49.81163024902344,119.43000030517578,54.47817611694336,87.0006103515625,87.7635726928711,211.31069946289062,59.178470611572266
2017-06-26,34.19615936279297,49.895751953125,118.36000061035156,54.552310943603516,87.0732421875,87.92290496826172,211.44976806640625,59.60041046142578
2017-06-27,33.79625701904297,49.888099670410156,118.80999755859375,54.37936019897461,86.64550018310547,87.52458190917969,209.74624633789062,59.06594467163086
2017-06-28,34.05741882324219,50.323970794677734,118.9000015258789,54.6016960144043,86.56478881835938,87.61872863769531,211.62359619140625,59.20658874511719
2017-06-29,33.6248664855957,49.826934814453125,118.31999969482422,54.465824127197266,86.24198150634766,87.35074615478516,209.763671875,58.53146743774414
2017-06-30,33.779930114746094,49.85751724243164,118.0199966430664,54.595516204833984,86.04022216796875,87.27835083007812,210.1547393798828,58.53146743774414
2017-07-03,33.975807189941406,49.79634094238281,116.08999633789062,54.56888198852539,85.72416687011719,87.08953857421875,210.5110626220703,59.27690887451172
2017-07-05,33.9105110168457,49.79634094238281,116.5199966430664,54.52545166015625,85.78882598876953,87.23477935791016,210.997802734375,58.440040588378906
2017-07-06,33.5024528503418,49.5745849609375,116.47000122070312,54.388973236083984,85.627197265625,87.00963592529297,209.06834411621094,57.34299087524414
2017-07-07,33.56773376464844,49.58222961425781,115.27999877929688,54.33936309814453,85.48979187011719,86.93706512451172,210.42420959472656,57.666473388671875
2017-07-10,33.88603210449219,49.70458221435547,115.47000122070312,54.4013786315918,85.60291290283203,87.08226013183594,210.65013122558594,57.1390495300293
2017-07-11,34.163516998291016,49.81928634643555,115.62000274658203,54.36416244506836,85.7160415649414,87.11856842041016,210.49374389648438,57.07575225830078
2017-07-12,34.8245849609375,50.216922760009766,116.02999877929688,54.7177619934082,85.96659851074219,87.50341033935547,212.07553100585938,57.778995513916016
2017-07-13,34.995975494384766,50.36221694946289,115.81999969482422,54.761165618896484,85.87772369384766,87.35095977783203,212.43182373046875,57.870418548583984
2017-07-14,35.43668746948242,50.713966369628906,116.7699966430664,54.91624450683594,85.99901580810547,87.55428314208984,213.4226531982422,58.425987243652344
2017-07-17,35.273475646972656,50.61455535888672,117.29000091552734,54.93483352661133,86.1040267944336,87.63414764404297,213.3965606689453,58.89716339111328
2017-07-18,35.37955856323242,50.66044235229492,118.11000061035156,54.95964431762695,86.41925811767578,88.01178741455078,213.5095672607422,58.77058410644531
2017-07-19,35.673370361328125,50.882198333740234,118.08000183105469,55.052696228027344,86.41925811767578,87.98271942138672,214.66552734375,59.213645935058594
2017-07-20,35.6325569152832,51.088661193847656,118.23999786376953,55.083709716796875,86.44353485107422,88.0626220703125,214.76113891601562,58.939361572265625
2017-07-21,35.60808563232422,50.88984680175781,119.26000213623047,55.040279388427734,86.59708404541016,88.26591491699219,214.5699005126953,58.89716339111328
2017-07-24,35.71417999267578,50.752201080322266,119.30999755859375,55.083709716796875,86.54051208496094,88.16429138183594,214.5177764892578,58.78462600708008
2017-07-25,35.6244010925293,50.82101821899414,118.91999816894531,55.10852813720703,86.0555648803711,87.64143371582031,215.03929138183594,58.86201477050781
2017-07-26,35.91820526123047,51.13453674316406,119.87999725341797,55.18915557861328,86.33039093017578,87.93191528320312,215.04788208007812,59.26987838745117
2017-07-27,35.72233581542969,51.019840240478516,119.79000091552734,55.14572525024414,86.19293212890625,87.71405792236328,214.84805297851562,59.34022903442383
2017-07-28,35.70600891113281,51.073368072509766,120.69000244140625,55.15195083618164,86.33841705322266,87.9464340209961,214.5959930419922,59.178470611572266
2017-07-31,35.746829986572266,51.18042755126953,120.75,55.15195083618164,86.36267852783203,87.9464340209961,214.474365234375,59.25580978393555
2017-08-01,35.852928161621094,51.4633674621582,120.6500015258789,55.20676040649414,86.57722473144531,88.26531219482422,214.9523468017578,59.5230712890625
2017-08-02,35.88556671142578,51.486297607421875,120.4000015258789,55.21925735473633,86.49624633789062,88.12694549560547,215.05662536621094,58.98158264160156
2017-08-03,35.7386589050293,51.51688766479492,120.58999633789062,55.11334228515625,86.7957763671875,88.25074768066406,214.63943481445312,58.86201477050781
2017-08-04,35.869239807128906,51.5857048034668,119.6500015258789,55.12578201293945,86.5610122680664,87.90857696533203,215.03054809570312,59.05892562866211
2017-08-07,36.11408615112305,51.608642578125,119.51000213623047,55.10089111328125,86.6095962524414,87.9303970336914,215.43032836914062,58.9956169128418
2017-08-08,36.12224578857422,51.33336639404297,119.86000061035156,54.864200592041016,86.5367431640625,87.50811004638672,214.90016174316406,58.71430587768555
2017-08-09,35.79579544067383,51.24924087524414,121.30999755859375,54.65239334106445,86.64198303222656,87.59545135498047,214.89146423339844,58.51740646362305
2017-08-10,34.94700622558594,50.522796630859375,122.20999908447266,54.30360412597656,86.96578979492188,87.56632232666016,211.8582000732422,58.09546661376953
2017-08-11,35.02862548828125,50.43103790283203,122.79000091552734,54.39701843261719,87.06291961669922,87.72657775878906,212.17111206054688,57.7368049621582
2017-08-14,35.387718200683594,50.79807662963867,121.91999816894531,54.68355941772461,86.85246276855469,87.66831970214844,214.27439880371094,58.70026779174805
2017-08-15,35.42853546142578,50.75984191894531,120.9800033569336,54.70223617553711,86.59339904785156,87.56632232666016,214.24832153320312,58.524436950683594
2017-08-16,35.79579544067383,51.05043029785156,121.87000274658203,54.708465576171875,86.75531768798828,87.81392669677734,214.62200927734375,58.75651168823242
2017-08-17,35.33875274658203,50.4769172668457,122.48999786376953,54.40327453613281,87.06291961669922,87.90128326416016,211.2759246826172,58.39081954956055
2017-08-18,35.64072036743164,50.61455535888672,122.30000305175781,54.484230041503906,87.07913208007812,87.84305572509766,210.94566345214844,57.80009460449219
2017-08-21,35.77132034301758,50.59926223754883,122.76000213623047,54.5402946472168,87.13575744628906,87.9668197631836,211.1107940673828,58.41896057128906
2017-08-22,36.17121887207031,50.843955993652344,122.20999908447266,54.76451873779297,86.96578979492188,87.87945556640625,213.31837463378906,58.25018310546875
2017-08-23,36.34259796142578,50.85160446166992,122.66999816894531,54.770748138427734,87.2652816772461,88.2143783569336,212.5535888671875,58.84792709350586
2017-08-24,36.456871032714844,50.736907958984375,122.29000091552734,54.85171890258789,87.127685546875,88.04689025878906,212.05813598632812,58.66510009765625
2017-08-25,36.66905212402344,51.04278564453125,122.73999786376953,54.951385498046875,87.27339172363281,88.25074768066406,212.5535888671875,58.9463996887207
2017-08-28,36.53847122192383,51.04278564453125,124.69000244140625,54.95759582519531,87.35436248779297,88.25074768066406,212.56224060058594,58.49630355834961
2017-08-29,36.47319412231445,50.8363151550293,124.41999816894531,54.889095306396484,87.55673217773438,88.3162841796875,212.80563354492188,58.43301010131836
2017-08-30,36.530311584472656,50.76749801635742,124.36000061035156,55.03860092163086,87.48382568359375,88.38907623291016,213.8137664794922,58.763526916503906
2017-08-31,36.58745193481445,51.15748596191406,125.81999969482422,55.18805694580078,87.62147521972656,88.5420150756836,215.10008239746094,59.10111618041992
2017-09-01,36.856773376464844,51.226295471191406,126.05999755859375,55.24437713623047,87.3636474609375,88.19154357910156,215.404296875,59.30508041381836
2017-09-05,36.375247955322266,50.882198333740234,127.45999908447266,55.119285583496094,87.9716796875,88.73912048339844,213.8572235107422,59.1433219909668
2017-09-06,36.61193084716797,51.19571304321289,126.80999755859375,55.08175277709961,87.76092529296875,88.42518615722656,214.58729553222656,59.29801559448242
2017-09-07,36.881256103515625,51.61628723144531,128.1300048828125,55.087982177734375,88.14196014404297,88.76827239990234,214.56121826171875,59.67778015136719
2017-09-08,36.636417388916016,51.62393569946289,127.97000122070312,54.91286849975586,88.0771484375,88.50546264648438,214.30917358398438,59.72698974609375
2017-09-11,37.1260986328125,52.02922821044922,126.19000244140625,55.087982177734375,87.57445526123047,88.23538208007812,216.59498596191406,60.27555847167969
2017-09-12,37.08528518676758,52.1898078918457,126.55999755859375,55.15679931640625,87.3636474609375,88.14051055908203,217.32505798339844,59.56526184082031
2017-09-13,36.88942337036133,51.90686798095703,125.61000061035156,55.175594329833984,87.18533325195312,88.05287170410156,217.42935180664062,59.41055679321289
2017-09-14,36.98734664916992,51.99864196777344,126.16000366210938,55.25061798095703,87.20149993896484,88.27188873291016,217.35980224609375,59.902828216552734
2017-09-15,37.20771789550781,52.04451370239258,125.52999877929688,55.3006706237793,87.3069076538086,88.34485626220703,217.65243530273438,60.01533508300781
2017-09-18,37.33829116821289,52.11334228515625,124.36000061035156,55.27564239501953,86.96644592285156,88.2573013305664,218.1153106689453,59.69184112548828
2017-09-19,37.41990661621094,52.358036041259766,124.62000274658203,55.33195877075195,86.86913299560547,88.30840301513672,218.33364868164062,59.29801559448242
2017-09-20,37.248512268066406,52.243343353271484,123.62000274658203,55.32568359375,86.69889068603516,88.19889831542969,218.41232299804688,59.136260986328125
2017-09-21,37.248512268066406,52.13628005981445,122.68000030517578,55.25687026977539,86.58541107177734,88.19889831542969,217.8271026611328,59.02374267578125
2017-09-22,37.03632354736328,52.2968635559082,123.23999786376953,55.31318283081055,86.73944854736328,88.31568908691406,217.87078857421875,58.60739517211914
2017-09-25,36.407901763916016,51.99864196777344,124.52999877929688,55.34446334838867,86.99884033203125,88.64419555664062,217.42529296875,58.94844055175781
2017-09-26,36.309959411621094,51.88392639160156,123.13999938964844,55.413272857666016,86.92587280273438,88.6296157836914,217.55636596679688,59.047916412353516
2017-09-27,36.179378509521484,51.92216491699219,121.9800033569336,55.43827438354492,86.47996520996094,88.28646087646484,218.4036102294922,58.515045166015625
2017-09-28,36.15489959716797,52.059814453125,122.20999908447266,55.43827438354492,86.46379089355469,88.41786193847656,218.6656036376953,58.91291427612305
2017-09-29,36.57113265991211,52.365692138671875,121.58000183105469,55.51959991455078,86.3583755493164,88.49817657470703,219.43421936035156,59.03369140625
2017-10-02,36.579288482666016,52.319801330566406,120.7699966430664,55.4913330078125,86.26012420654297,88.58090209960938,220.38629150390625,58.94844055175781
2017-10-03,37.158748626708984,52.49569320678711,120.83000183105469,55.59185028076172,86.38194274902344,88.7785415649414,220.85797119140625,58.863182067871094
2017-10-04,37.150577545166016,52.39628601074219,121.16999816894531,55.535308837890625,86.3575668334961,88.72728729248047,221.1199493408203,59.16157913208008
2017-10-05,37.428070068359375,52.365692138671875,120.5199966430664,55.60438537597656,86.26825714111328,88.60286712646484,222.43016052246094,59.37473678588867
2017-10-06,37.2403564453125,52.32745361328125,121.08999633789062,55.52273941040039,86.16270446777344,88.52964782714844,222.1768035888672,59.182899475097656
2017-10-09,37.21587371826172,52.34274673461914,122.08000183105469,55.52901840209961,86.26012420654297,88.60286712646484,221.8100128173828,59.325008392333984
2017-10-10,37.5831298828125,52.839786529541016,122.4000015258789,55.5729866027832,86.2926025390625,88.66141510009766,222.3952178955078,59.50260925292969
2017-10-11,37.754520416259766,52.969783782958984,122.79000091552734,55.516483306884766,86.39007568359375,88.61746978759766,222.74456787109375,59.70155715942383
2017-10-12,37.73820114135742,52.92390823364258,122.88999938964844,55.453609466552734,86.47124481201172,88.63947296142578,222.41270446777344,60.085205078125
2017-10-13,38.08097457885742,53.199188232421875,123.81999969482422,55.47878646850586,86.76354217529297,88.99080657958984,222.68341064453125,60.241512298583984
2017-10-16,38.056488037109375,53.16094970703125,122.97000122070312,55.51017761230469,86.61740112304688,88.8663558959961,222.9803924560547,59.943115234375
2017-10-17,37.86063003540039,53.0233154296875,122.12999725341797,55.59185028076172,86.58491516113281,88.85171508789062,223.13760375976562,60.01415252685547
2017-10-18,37.95039749145508,53.1762580871582,121.66999816894531,55.64836502075195,86.36566162109375,88.71997833251953,223.35592651367188,59.95022964477539
2017-10-19,37.615779876708984,53.09213638305664,122.38999938964844,55.65464401245117,86.45500946044922,88.85171508789062,223.41712951660156,59.772605895996094
2017-10-20,37.754520416259766,53.0233154296875,121.61000061035156,55.70487976074219,86.09776306152344,88.61018371582031,224.57003784179688,59.43157196044922
2017-10-23,37.45255661010742,52.90861511230469,121.80000305175781,55.64207458496094,86.178955078125,88.6980209350586,223.6966094970703,59.204219818115234
2017-10-24,37.45255661010742,52.992733001708984,121.33000183105469,55.64207458496094,85.9190902709961,88.47843170166016,224.0896759033203,58.8489875793457
2017-10-25,37.370941162109375,52.7862663269043,121.3499984741211,55.48503875732422,85.78108215332031,88.24420166015625,222.9803924560547,58.678462982177734
2017-10-26,37.117942810058594,52.77860641479492,120.33000183105469,55.415992736816406,85.66741180419922,88.23685455322266,223.2686004638672,58.1953239440918
2017-10-27,37.65658187866211,52.90096664428711,120.9000015258789,55.566673278808594,85.94351196289062,88.5003890991211,225.09413146972656,58.45820617675781
2017-10-30,37.41990661621094,53.0233154296875,121.12999725341797,55.554161071777344,86.25198364257812,88.79315948486328,224.25563049316406,58.40848159790039
2017-10-31,37.770843505859375,53.245079040527344,120.66999816894531,55.566673278808594,86.19517517089844,88.6687240600586,224.60496520996094,58.4013671875
2017-11-01,37.96672058105469,53.298606872558594,121.11000061035156,55.51372146606445,86.2472152709961,88.80888366699219,224.90194702148438,58.68557357788086
2017-11-02,38.015689849853516,53.459197998046875,121.19000244140625,55.482181549072266,86.36106872558594,88.79423522949219,224.9893035888672,59.182899475097656
2017-11-03,37.8198127746582,53.375083923339844,120.62000274658203,55.48851013183594,86.49927520751953,88.89698791503906,225.74044799804688,59.03369140625
2017-11-06,38.24421310424805,53.451534271240234,121.6500015258789,55.49479675292969,86.60503387451172,88.91900634765625,226.08982849121094,59.43157196044922
2017-11-07,37.999366760253906,53.25273513793945,121.20999908447266,55.33714294433594,86.6375503540039,88.8456039428711,225.93264770507812,59.91472244262695
2017-11-08,38.178916931152344,53.42860794067383,121.62999725341797,55.091156005859375,86.53184509277344,88.72821044921875,226.31689453125,60.21309280395508
2017-11-09,37.94223403930664,53.12273025512695,122.12999725341797,54.819984436035156,86.49927520751953,88.49332427978516,225.49588012695312,60.27703857421875
2017-11-10,37.77900695800781,52.9774284362793,121.12999725341797,54.93978500366211,86.06015014648438,87.9869384765625,225.42604064941406,60.34097671508789
2017-11-13,37.69739532470703,52.75566864013672,121.30999755859375,54.901939392089844,86.01951599121094,88.00159454345703,225.63560485839844,60.646488189697266
2017-11-14,37.44438934326172,52.71745300292969,121.55999755859375,54.668575286865234,86.14152526855469,88.02365112304688,225.1116180419922,60.51861572265625
2017-11-15,37.248512268066406,52.46509552001953,121.41000366210938,54.668575286865234,86.45051574707031,88.39794921875,223.98489379882812,59.9075813293457
2017-11-16,38.02385330200195,52.88567352294922,121.4000015258789,55.20466232299805,86.23094177246094,88.2951889038086,225.88893127441406,60.4049186706543
2017-11-17,38.21155548095703,52.69450378417969,122.86000061035156,55.166839599609375,86.34479522705078,88.40528106689453,225.2251434326172,60.14204025268555
2017-11-20,38.40743637084961,52.8092041015625,121.30999755859375,55.17945098876953,86.20658111572266,88.40528106689453,225.60946655273438,59.96445083618164
2017-11-21,38.92159652709961,53.20685577392578,121.51000213623047,55.29298782348633,86.22281646728516,88.69884490966797,227.08555603027344,60.41202926635742
2017-11-22,39.01953887939453,53.35212326049805,122.62999725341797,55.38127899169922,86.49927520751953,89.04376220703125,226.8846893310547,60.27703857421875
2017-11-24,38.93791961669922,53.788002014160156,122.31999969482422,55.41912078857422,86.42611694335938,88.9410171508789,227.40870666503906,60.35518264770508
2017-11-27,38.36662673950195,53.46683883666992,122.83000183105469,55.24885177612305,86.48306274414062,88.88963317871094,227.29519653320312,60.07101058959961
2017-11-28,38.652278900146484,53.772701263427734,122.80999755859375,55.41912078857422,86.49927520751953,89.01439666748047,229.60104370117188,59.843631744384766
2017-11-29,38.04016876220703,53.5586051940918,122.04000091552734,55.349727630615234,86.22281646728516,88.662109375,229.4613494873047,59.864952087402344
2017-11-30,37.623931884765625,53.612117767333984,121.0999984741211,55.36234664916992,85.95448303222656,88.55937194824219,231.47019958496094,59.957332611083984
2017-12-01,37.4117431640625,53.39802169799805,121.58999633789062,55.34459686279297,86.27210998535156,88.83312225341797,230.9897918701172,60.099430084228516
2017-12-04,37.48518753051758,53.20685577392578,121.18000030517578,55.32561492919922,86.23136901855469,88.97291564941406,230.7102813720703,59.801025390625
2017-12-05,37.46071243286133,53.09213638305664,120.31999969482422,55.293941497802734,86.29654693603516,89.14219665527344,229.88058471679688,59.3036994934082
2017-12-06,36.954708099365234,52.98508834838867,120.06999969482422,55.24330139160156,86.47566223144531,89.31143951416016,229.92422485351562,59.246822357177734
2017-12-07,37.0608024597168,53.12273025512695,118.48999786376953,55.26862716674805,86.32099151611328,89.13481903076172,230.64926147460938,59.39604949951172
2017-12-08,37.49335479736328,53.405662536621094,118.4800033569336,55.32561492919922,86.25580596923828,89.02448272705078,231.90696716308594,59.70155715942383
2017-12-11,37.681068420410156,53.543304443359375,118.01000213623047,55.33829116821289,86.19876098632812,89.0906753540039,232.60572814941406,59.69444274902344
2017-12-12,37.428070068359375,53.612117767333984,118.1500015258789,55.31296920776367,86.12554168701172,89.02448272705078,233.0162353515625,59.985748291015625
2017-12-13,37.876949310302734,53.81858825683594,119.16999816894531,55.34459686279297,86.47566223144531,89.33348083496094,232.989990234375,60.085205078125
2017-12-14,37.59946060180664,53.520362854003906,118.93000030517578,55.230613708496094,86.44315338134766,89.49542999267578,232.03797912597656,60.07101058959961
2017-12-15,37.681068420410156,53.50507354736328,119.18000030517578,55.2369499206543,86.42683410644531,89.62049102783203,233.9702606201172,60.44756317138672
2017-12-18,38.10546112060547,54.13975524902344,119.7300033569336,55.293941497802734,86.23136901855469,89.35556030273438,235.453857421875,60.845420837402344
2017-12-19,37.90413284301758,53.941158294677734,119.81999969482422,55.17994689941406,85.84044647216797,88.89935302734375,234.5496368408203,59.5523567199707
2017-12-20,37.9538459777832,53.84842300415039,120.13999938964844,55.22428894042969,85.58798217773438,88.66384887695312,234.42677307128906,58.863182067871094
2017-12-21,38.202392578125,54.0416145324707,120.30999755859375,55.28218078613281,85.6483154296875,88.90279388427734,234.90956115722656,58.63519287109375
2017-12-22,38.525516510009766,54.180721282958984,120.94000244140625,55.33306884765625,85.6810073852539,88.96915435791016,234.84814453125,59.03921127319336
2017-12-26,38.492374420166016,54.16525650024414,121.7699966430664,55.41570281982422,85.71359252929688,89.08714294433594,234.5672149658203,59.33502960205078
2017-12-27,38.591793060302734,54.26572036743164,122.2300033569336,55.441165924072266,86.08068084716797,89.58123779296875,234.681396484375,59.52983856201172
2017-12-28,38.85691452026367,54.29663848876953,122.8499984741211,55.41570281982422,85.9746322631836,89.52220153808594,235.1641845703125,59.84728240966797
2017-12-29,39.039188385009766,54.33527374267578,123.6500015258789,55.49840545654297,86.11328887939453,89.64022064208984,234.27752685546875,59.868934631347656
2018-01-02,39.77655029296875,54.73712921142578,125.1500015258789,55.54928970336914,85.82782745361328,89.04288482666016,235.95431518554688,59.64528274536133
2018-01-03,40.157676696777344,54.99989318847656,124.81999969482422,55.8163948059082,85.91753387451172,89.20514678955078,237.4467315673828,59.472137451171875
2018-01-04,40.356502532958984,55.6026611328125,125.45999908447266,55.91181945800781,85.87672424316406,89.17566680908203,238.44747924804688,58.44761276245117
2018-01-05,40.70448303222656,55.91177749633789,125.33000183105469,55.94996643066406,85.77068328857422,89.14614868164062,240.03663635253906,58.47646713256836
2018-01-08,40.70448303222656,55.89632034301758,125.30999755859375,55.90542984008789,85.72994995117188,89.13874816894531,240.47552490234375,58.779510498046875
2018-01-09,40.63820266723633,55.95814895629883,124.7300033569336,55.733734130859375,85.32207489013672,88.81433868408203,241.01980590820312,58.02193832397461
2018-01-10,40.38136672973633,55.849945068359375,125.02999877929688,55.61289978027344,85.29755401611328,88.87333679199219,240.651123046875,57.372581481933594
2018-01-11,40.629920959472656,56.236351013183594,125.44000244140625,55.79730987548828,85.35469055175781,89.08714294433594,242.40689086914062,57.17778778076172
2018-01-12,41.019309997558594,56.80050277709961,126.95999908447266,55.701969146728516,85.29755401611328,89.10193634033203,243.9871063232422,56.716033935546875
2018-01-16,40.861900329589844,56.74639129638672,127.16999816894531,55.670108795166016,85.3384017944336,89.18299865722656,243.15310668945312,56.82425308227539
2018-01-17,41.400421142578125,57.04005813598633,126.13999938964844,55.67647933959961,85.15076446533203,88.9396743774414,245.47079467773438,57.22108840942383
2018-01-18,41.45013427734375,56.97051239013672,125.86000061035156,55.61922836303711,84.88159942626953,88.5931167602539,245.0582275390625,56.485172271728516
2018-01-19,41.78982925415039,57.28734588623047,126.41999816894531,55.67647933959961,84.66136932373047,88.32023620605469,246.1730499267578,56.78820037841797
2018-01-22,42.03008270263672,57.58101272583008,126.6500015258789,55.72736740112305,84.62872314453125,88.23912048339844,248.17471313476562,57.30766677856445
2018-01-23,42.22893524169922,57.7664794921875,127.27999877929688,55.89271926879883,84.8734130859375,88.62257385253906,248.70150756835938,58.101295471191406
2018-01-24,42.58518600463867,57.866943359375,128.8300018310547,55.81003952026367,84.71031951904297,88.56359100341797,248.6048126220703,57.798255920410156
2018-01-25,42.560340881347656,57.642845153808594,127.97000122070312,55.77191925048828,84.89791870117188,89.01339721679688,248.71018981933594,57.69725799560547
2018-01-26,43.1485710144043,58.152889251708984,128.07000732421875,55.8163948059082,84.64501953125,88.89543914794922,251.58975219726562,57.4952507019043
2018-01-29,42.49405288696289,57.61964797973633,127.3499984741211,55.61922836303711,84.43295288085938,88.65945434570312,249.92181396484375,56.72327423095703
2018-01-30,41.91409683227539,57.14052963256836,126.80000305175781,55.428428649902344,84.23719024658203,88.35710144042969,247.35830688476562,56.312007904052734
2018-01-31,42.27864074707031,57.0632438659668,127.6500015258789,55.52383041381836,84.26168823242188,88.54145050048828,247.4811553955078,57.322086334228516
2018-02-01,41.70697784423828,57.22554016113281,128.07000732421875,55.4190673828125,83.82699584960938,88.15032196044922,247.20025634765625,56.088348388671875
2018-02-02,40.63820266723633,56.06634521484375,126.38999938964844,55.06782150268555,83.51649475097656,87.69925689697266,241.8187255859375,55.61216735839844
2018-02-05,39.213172912597656,53.717044830322266,126.70999908447266,54.761253356933594,84.20281982421875,87.75102233886719,231.70521545410156,53.959964752197266
2018-02-06,40.48906707763672,54.77576446533203,125.37999725341797,55.093353271484375,83.83513641357422,87.5735855102539,236.2703857421875,53.967185974121094
2018-02-07,39.213172912597656,54.1961784362793,124.79000091552734,54.888973236083984,83.59004974365234,87.32960510253906,234.9886016845703,53.73630142211914
2018-02-08,37.854427337646484,52.78196716308594,124.9800033569336,54.40998840332031,83.6635971069336,86.95249938964844,226.17442321777344,52.19230651855469
2018-02-09,38.459224700927734,53.00606155395508,124.7699966430664,54.2567024230957,83.51649475097656,86.67154693603516,229.57196044921875,53.498233795166016
2018-02-12,39.06404113769531,53.81749725341797,125.37000274658203,54.62710952758789,83.49197387695312,86.67154693603516,232.94300842285156,53.51987838745117
2018-02-13,39.3623046875,53.655208587646484,126.08000183105469,54.45469284057617,83.63090515136719,86.64196014404297,233.5224609375,53.8950309753418
2018-02-14,40.34822082519531,54.60575866699219,128.22999572753906,54.55047607421875,83.12435150146484,86.32401275634766,236.67417907714844,53.50542449951172
2018-02-15,41.176727294921875,54.94578552246094,128.3800048828125,54.99116134643555,83.14888000488281,86.73069763183594,239.69412231445312,54.0248908996582
2018-02-16,41.044166564941406,55.19308090209961,127.95999908447266,55.21472930908203,83.34495544433594,86.98947143554688,239.76438903808594,54.32072067260742
2018-02-20,40.48078918457031,54.67530059814453,126.23999786376953,55.023128509521484,83.2550277709961,86.61978912353516,238.2631072998047,53.678592681884766
2018-02-21,40.44764709472656,54.412559509277344,125.66000366210938,54.7740364074707,83.0099868774414,86.1465835571289,237.07798767089844,52.61800003051758
2018-02-22,40.47249221801758,54.698482513427734,126.30000305175781,54.81233596801758,83.12435150146484,86.26484680175781,237.38531494140625,53.216827392578125
2018-02-23,41.19329833984375,55.131256103515625,126.13999938964844,55.17637634277344,83.4430160522461,86.66412353515625,241.1691131591797,54.06819152832031
2018-02-26,41.57441711425781,55.6490364074707,126.44999694824219,55.2722053527832,83.54100036621094,86.77507781982422,243.9696044921875,54.21971130371094
2018-02-27,40.36479187011719,54.8221321105957,125.12999725341797,55.12530517578125,83.2795639038086,86.39795684814453,240.92312622070312,52.95710754394531
2018-02-28,39.78483963012695,54.30436706542969,125.0,55.042266845703125,83.47567749023438,86.56062316894531,238.4826202392578,52.921024322509766
2018-03-01,39.710269927978516,53.39247512817383,124.72000122070312,54.67741775512695,83.83488464355469,86.47171020507812,235.0149383544922,52.971527099609375
2018-03-02,39.875980377197266,53.64748001098633,125.38999938964844,54.98518753051758,83.5239486694336,86.19730377197266,236.2264404296875,52.94989776611328
2018-03-05,39.93397903442383,53.93342590332031,125.18000030517578,54.98518753051758,83.41754150390625,86.16765594482422,238.95672607421875,53.548702239990234
2018-03-06,40.306800842285156,54.250274658203125,126.52999877929688,55.062171936035156,83.40937042236328,86.2417984008789,239.56253051757812,53.80124282836914
2018-03-07,40.34822082519531,54.23481369018555,125.72000122070312,54.9275016784668,83.40937042236328,86.21214294433594,239.47471618652344,54.133113861083984
2018-03-08,40.356502532958984,54.350730895996094,125.41999816894531,54.99163055419922,83.58121490478516,86.38265228271484,240.6334686279297,54.23413848876953
2018-03-09,41.21815872192383,54.698482513427734,125.54000091552734,55.190399169921875,83.40121459960938,86.07868194580078,244.82118225097656,54.52994155883789
2018-03-12,41.31757736206055,54.76032257080078,125.54000091552734,55.10061264038086,83.59757995605469,86.18988037109375,244.51382446289062,54.76801681518555
2018-03-13,40.94474792480469,54.3970947265625,125.77999877929688,54.9275016784668,83.73670196533203,86.19730377197266,242.93356323242188,54.818538665771484
2018-03-14,41.01102828979492,54.528465270996094,125.69999694824219,54.86337661743164,83.90039825439453,86.39012145996094,241.68702697753906,54.8690299987793
2018-03-15,40.861900329589844,54.49757385253906,124.9000015258789,54.90186309814453,83.86764526367188,86.47908020019531,241.4236602783203,54.8546142578125
2018-03-16,40.7707633972168,54.45891571044922,124.5999984741211,55.01728820800781,83.76941680908203,86.57547760009766,241.68536376953125,55.237003326416016
2018-03-19,40.3316535949707,54.0184326171875,124.87000274658203,54.792850494384766,83.68762969970703,86.28628540039062,238.41531372070312,54.76082992553711
2018-03-20,40.7790412902832,54.01070785522461,124.30999755859375,54.90186309814453,83.5239486694336,85.98226928710938,238.8208465576172,54.573238372802734
2018-03-21,41.019309997558594,54.095703125,126.4800033569336,54.92107009887695,83.58121490478516,85.93035125732422,238.36241149902344,54.169193267822266
2018-03-22,39.652278900146484,53.0910758972168,125.9800033569336,54.59402847290039,83.92485046386719,86.07868194580078,232.4041290283203,53.85173034667969
2018-03-23,38.8486328125,52.503753662109375,127.61000061035156,54.453006744384766,84.03946685791016,85.80432891845703,227.450439453125,52.89216232299805
2018-03-26,40.10795593261719,53.446571350097656,128.27999877929688,54.805667877197266,83.81034851074219,86.10831451416016,233.6732940673828,53.49391555786133
2018-03-27,39.378875732421875,53.052433013916016,127.48999786376953,54.75436782836914,84.28498077392578,86.41976165771484,229.69815063476562,53.6978874206543
2018-03-28,39.18002700805664,53.36154556274414,125.7300033569336,54.72871398925781,84.26858520507812,86.64961242675781,229.01943969726562,55.04560852050781
2018-03-29,40.0002555847168,53.84842300415039,125.79000091552734,54.91468811035156,84.44044494628906,87.04261779785156,231.9456787109375,54.980037689208984
2018-04-02,39.279449462890625,53.106536865234375,127.26000213623047,54.701568603515625,84.52650451660156,86.9957275390625,226.93923950195312,54.23697280883789
2018-04-03,39.668846130371094,53.446571350097656,126.30000305175781,54.85609436035156,84.25606536865234,86.76519775390625,229.84786987304688,54.69593048095703
2018-04-04,39.685420989990234,53.63203430175781,126.44999694824219,54.978416442871094,84.20684814453125,86.76519775390625,232.30706787109375,55.27145004272461
2018-04-05,39.78483963012695,53.98751449584961,125.80000305175781,55.02348709106445,83.99366760253906,86.79499816894531,234.14053344726562,55.24958419799805
2018-04-06,39.00605392456055,53.63203430175781,126.38999938964844,54.901145935058594,84.362548828125,87.05521392822266,228.92245483398438,54.834354400634766
2018-04-09,39.047462463378906,54.072532653808594,126.81999969482422,55.10713577270508,84.37896728515625,87.09983825683594,230.05067443847656,54.65950012207031
2018-04-10,39.809696197509766,54.65211868286133,127.12000274658203,55.306785583496094,84.23138427734375,87.1221923828125,233.70858764648438,54.601226806640625
2018-04-11,39.826263427734375,54.44346237182617,128.11000061035156,55.326080322265625,84.31339263916016,87.181640625,232.48338317871094,54.71779251098633
2018-04-12,39.809696197509766,54.65211868286133,126.62000274658203,55.52567672729492,84.01008605957031,86.9437255859375,234.3960418701172,54.10584259033203
2018-04-13,39.41201400756836,54.70622634887695,127.44999694824219,55.557891845703125,84.08386993408203,86.97340393066406,233.70858764648438,54.38996887207031
2018-04-16,39.461727142333984,54.79122543334961,127.62999725341797,55.64155578613281,84.04288482666016,86.98087310791016,235.6300048828125,54.72506332397461
2018-04-17,39.54457473754883,55.03852081298828,127.75,55.667327880859375,84.09210968017578,86.98831939697266,238.1509552001953,55.36613464355469
2018-04-18,39.88425827026367,55.32444763183594,127.8499984741211,55.609378814697266,83.76421356201172,86.54216003417969,238.32725524902344,55.24958419799805
2018-04-19,39.652278900146484,55.11579895019531,127.5999984741211,55.43553161621094,83.53468322753906,86.21495056152344,237.00503540039062,54.44824981689453
2018-04-20,39.155174255371094,54.90714645385742,126.62999725341797,55.30034637451172,83.2560043334961,85.86547088623047,234.99551391601562,53.94558334350586
2018-04-23,38.84035110473633,54.83759689331055,125.62000274658203,55.15225601196289,83.1740493774414,85.82825469970703,234.96018981933594,53.9018669128418
2018-04-24,38.65807342529297,54.61348342895508,126.2300033569336,55.04277801513672,83.07567596435547,85.5754623413086,231.79586791992188,54.10584259033203
2018-04-25,38.35981369018555,54.520755767822266,125.41000366210938,55.04922103881836,82.89533996582031,85.30775451660156,232.36878967285156,54.00385665893555
2018-04-26,38.91490936279297,54.79122543334961,124.97000122070312,55.24240493774414,83.13304901123047,85.56060028076172,234.7310028076172,54.71049880981445
2018-04-27,39.155174255371094,54.8453254699707,125.5,55.216651916503906,83.27238464355469,85.75394439697266,234.95127868652344,55.65027618408203
2018-04-30,38.87348556518555,54.66758728027344,124.58999633789062,55.178009033203125,83.36251068115234,85.67953491210938,233.14443969726562,55.43171691894531
2018-05-01,38.682926177978516,54.47438049316406,123.70999908447266,55.218753814697266,83.23197937011719,85.44763946533203,233.55874633789062,55.93439483642578
2018-05-02,38.376373291015625,54.45119094848633,123.6500015258789,55.19933319091797,83.2484130859375,85.3804931640625,231.98985290527344,55.73041534423828
2018-05-03,38.29353332519531,54.62120056152344,124.27999877929688,55.19289779663086,83.4618911743164,85.39542388916016,231.47857666015625,55.69397735595703
2018-05-04,38.46751403808594,54.81441116333008,124.54000091552734,55.23167419433594,83.4701156616211,85.51471710205078,234.47540283203125,56.305912017822266
2018-05-07,38.243812561035156,54.8221321105957,124.56999969482422,55.28340148925781,83.42906188964844,85.41780853271484,235.2687225341797,56.68474578857422
2018-05-08,38.459224700927734,54.829864501953125,124.58999633789062,55.19933319091797,83.28948974609375,85.38800048828125,235.2687225341797,56.40061950683594
2018-05-09,38.53379440307617,54.96124267578125,124.33000183105469,55.28989028930664,83.10057830810547,85.37303924560547,237.542724609375,56.77945327758789
2018-05-10,39.33744430541992,55.316715240478516,125.18000030517578,55.45152282714844,83.2730484008789,85.80558013916016,239.7639617919922,57.22382736206055
2018-05-11,39.27117156982422,55.46354675292969,125.0,55.43208312988281,83.28125,85.9547348022461,240.49554443359375,57.027137756347656
2018-05-14,39.32087707519531,55.56401824951172,124.48999786376953,55.445030212402344,83.10057830810547,85.7981185913086,240.61009216308594,56.53904342651367
2018-05-15,38.50893783569336,55.16217041015625,122.4800033569336,55.173484802246094,82.64067840576172,85.1492919921875,238.95301818847656,55.621131896972656
2018-05-16,39.08889389038086,55.23945999145508,122.29000091552734,55.244606018066406,82.46821594238281,85.03744506835938,239.9578399658203,55.45356750488281
2018-05-17,38.492374420166016,55.32444763183594,122.36000061035156,55.27692413330078,82.41896057128906,84.87342071533203,239.75511169433594,55.17673873901367
2018-05-18,38.16926193237305,55.1235237121582,122.41000366210938,55.218753814697266,82.73924255371094,85.22390747070312,239.15562438964844,55.24958419799805
2018-05-21,38.4012336730957,55.47128677368164,122.4800033569336,55.29632568359375,82.7967758178711,85.27611541748047,240.95384216308594,55.90524673461914
2018-05-22,38.53379440307617,55.40174102783203,122.41000366210938,55.33512878417969,82.76388549804688,85.1866455078125,240.28396606445312,55.985382080078125
2018-05-23,38.51722717285156,54.79122543334961,122.54000091552734,55.38037109375,83.14167022705078,85.5520248413086,240.9450225830078,56.546329498291016
2018-05-24,38.31010437011719,54.62120056152344,123.58999633789062,55.41273498535156,83.35515594482422,85.7906723022461,240.4514617919922,56.429771423339844
2018-05-25,38.46751403808594,54.26572036743164,123.20999908447266,55.32221603393555,83.68363952636719,86.044189453125,239.87857055664062,56.62645721435547
2018-05-29,37.57272720336914,53.16062545776367,123.19000244140625,55.08940887451172,84.58699798583984,86.4991226196289,237.1196746826172,56.89601516723633
2018-05-30,37.87099075317383,53.97206115722656,123.37000274658203,55.257530212402344,84.22563171386719,86.16354370117188,240.28396606445312,57.66822052001953
2018-05-31,37.854427337646484,53.63203430175781,123.0999984741211,55.20579528808594,84.18457794189453,86.12622833251953,238.81201171875,57.471519470214844
2018-06-01,38.384666442871094,54.095703125,122.48999786376953,55.33181381225586,83.87357330322266,85.96092987060547,241.15660095214844,57.72648620605469
2018-06-04,38.7740592956543,54.25800704956055,122.37000274658203,55.4487419128418,83.57733917236328,85.76641082763672,242.3023223876953,58.22916030883789
2018-06-05,38.475799560546875,54.17298889160156,122.8499984741211,55.51366424560547,83.7912826538086,85.82628631591797,242.47866821289062,58.076171875
2018-06-06,39.055755615234375,54.65986251831055,122.91999816894531,55.650081634521484,83.45391845703125,85.5120620727539,244.50604248046875,58.214599609375
2018-06-07,38.459224700927734,54.350730895996094,122.86000061035156,55.66952896118164,83.80772399902344,85.79634094238281,244.47958374023438,58.214599609375
2018-06-08,38.384666442871094,54.412559509277344,123.01000213623047,55.63707733154297,83.6925277709961,85.65420532226562,245.2022705078125,58.42587661743164
2018-06-11,38.384666442871094,54.76032257080078,123.2300033569336,55.74102020263672,83.61026763916016,85.57194519042969,245.52847290039062,58.33842468261719
2018-06-12,38.28524398803711,54.412559509277344,122.81999969482422,55.78649139404297,83.56087493896484,85.57939910888672,245.84567260742188,58.6881217956543
2018-06-13,38.02840805053711,54.489845275878906,123.19000244140625,55.80595779418945,83.46211242675781,85.49715423583984,245.06130981445312,57.54437255859375
2018-06-14,37.771575927734375,54.373924255371094,123.37999725341797,55.968326568603516,83.7254409790039,85.8861312866211,245.6783447265625,58.090755462646484
2018-06-15,37.47330093383789,54.095703125,121.33999633789062,55.93587112426758,83.7912826538086,85.76641082763672,245.36483764648438,58.05432891845703
2018-06-18,37.01763153076172,53.709312438964844,121.11000061035156,55.92936706542969,83.83245086669922,85.67665100097656,244.86013793945312,58.07050323486328
2018-06-19,36.609004974365234,53.21592712402344,120.80000305175781,55.85139846801758,84.05459594726562,85.7215576171875,243.9216766357422,58.011680603027344
2018-06-20,36.76746368408203,53.255332946777344,120.26000213623047,55.909873962402344,83.78302764892578,85.24278259277344,244.3377227783203,58.658714294433594
2018-06-21,36.25042724609375,52.87702560424805,120.05000305175781,55.792930603027344,84.0052261352539,85.1754379272461,242.80596923828125,58.93810272216797
2018-06-22,36.62568664550781,53.436614990234375,120.33999633789062,55.79945373535156,84.02169036865234,85.2801513671875,243.248779296875,59.40131378173828
2018-06-25,36.13368225097656,52.69574737548828,119.88999938964844,55.66952896118164,84.13687896728516,85.19791412353516,239.9374542236328,59.246917724609375
2018-06-26,35.991912841796875,52.790321350097656,119.26000213623047,55.66307830810547,84.17803192138672,85.48216247558594,240.4687042236328,59.43806457519531
2018-06-27,35.29976272583008,52.29379653930664,118.58000183105469,55.54616928100586,84.49893951416016,85.77389526367188,238.47659301757812,59.210147857666016
2018-06-28,35.59996795654297,52.4908332824707,118.22000122070312,55.390262603759766,84.41667175292969,85.66167449951172,239.84005737304688,59.73954772949219
2018-06-29,36.13368225097656,52.78244400024414,118.6500015258789,55.260337829589844,84.35079956054688,85.70657348632812,240.18528747558594,59.8865852355957
2018-07-02,35.77509689331055,52.30168151855469,117.45999908447266,55.31321716308594,84.2931137084961,85.71784210205078,240.69886779785156,59.555728912353516
2018-07-03,35.800113677978516,52.45929718017578,118.6500015258789,55.31972885131836,84.50746154785156,86.03297424316406,239.84890747070312,60.00423049926758
2018-07-05,35.708377838134766,52.979488372802734,119.05000305175781,55.52851486206055,84.51570129394531,86.3030776977539,241.8055877685547,60.71742248535156
2018-07-06,36.20039367675781,53.263221740722656,118.86000061035156,55.67205810546875,84.58985900878906,86.42315673828125,243.8508758544922,61.04095458984375
2018-07-09,36.850852966308594,53.7755241394043,119.1500015258789,55.75685501098633,84.37551879882812,86.48318481445312,246.04656982421875,60.555667877197266
2018-07-10,36.76746368408203,53.751869201660156,118.93000030517578,55.763370513916016,84.30960083007812,86.3856430053711,246.9319305419922,60.68065643310547
2018-07-11,36.05028533935547,52.853370666503906,117.63999938964844,55.678585052490234,84.48272705078125,86.55818176269531,245.12571716308594,60.482139587402344
2018-07-12,36.542301177978516,53.263221740722656,118.12999725341797,55.854736328125,84.44974517822266,86.74578857421875,247.34811401367188,60.66596221923828
2018-07-13,36.56731033325195,53.428733825683594,117.61000061035156,55.854736328125,84.58985900878906,86.81329345703125,247.5428924560547,60.482139587402344
2018-07-16,36.3671760559082,53.40509033203125,117.55000305175781,55.81559753417969,84.44974517822266,86.6707534790039,247.32154846191406,60.15861511230469
2018-07-17,36.634033203125,53.499664306640625,116.27999877929688,55.83515930175781,84.40026092529297,86.6107406616211,248.322021484375,59.761600494384766
2018-07-18,36.59232711791992,53.50754165649414,116.30999755859375,55.86125183105469,84.33436584472656,86.59571838378906,248.84445190429688,59.49688720703125
2018-07-19,36.14201354980469,53.397212982177734,115.80999755859375,55.83515930175781,84.56514739990234,86.73078918457031,247.90586853027344,60.19540023803711
2018-07-20,36.65904998779297,53.649410247802734,116.55999755859375,55.86125183105469,84.26837921142578,86.47566223144531,247.62249755859375,59.61454772949219
2018-07-23,36.417205810546875,53.649410247802734,116.0,55.8416748046875,83.8561782836914,86.13053894042969,248.0829315185547,59.48955535888672
2018-07-24,36.9509162902832,53.96467971801758,116.04000091552734,55.95912551879883,83.91390991210938,86.40064239501953,249.33128356933594,59.188106536865234
2018-07-25,37.55133819580078,54.36663055419922,116.68000030517578,56.063507080078125,83.8561782836914,86.51322937011719,251.45626831054688,59.65863800048828
2018-07-26,37.13437271118164,54.12228775024414,115.7699966430664,56.07001876831055,83.7655258178711,86.59571838378906,250.863037109375,59.857177734375
2018-07-27,37.2678108215332,54.22476577758789,115.83000183105469,56.05048370361328,83.89744567871094,86.70825958251953,249.16314697265625,59.21751022338867
2018-07-30,37.20943832397461,54.21687698364258,115.6500015258789,56.07001876831055,83.79022216796875,86.5882339477539,247.86160278320312,59.25425720214844
2018-07-31,37.40957260131836,54.28780746459961,115.98999786376953,56.18749237060547,83.90565490722656,86.85834503173828,249.08338928222656,60.24686050415039
2018-08-01,37.07600402832031,54.011962890625,115.13999938964844,56.2379264831543,83.70740509033203,86.55204772949219,248.66732788085938,60.673309326171875
2018-08-02,36.5839958190918,53.65729522705078,114.5199966430664,56.27067947387695,83.80653381347656,86.65739440917969,250.02194213867188,60.430667877197266
2018-08-03,36.867530822753906,53.688819885253906,114.91999816894531,56.316566467285156,84.02127838134766,86.9283447265625,251.09327697753906,61.08505630493164
2018-08-06,36.5839958190918,53.46025848388672,114.33000183105469,56.421390533447266,84.0625991821289,87.01109313964844,252.01405334472656,61.00419616699219
2018-08-07,36.959259033203125,53.87797164916992,114.58999633789062,56.44758605957031,83.8891372680664,86.74015808105469,252.84632873535156,60.893898010253906
2018-08-08,36.90922164916992,53.83069610595703,114.91000366210938,56.41482925415039,83.96346282958984,86.60475158691406,252.74005126953125,60.540958404541016
2018-08-09,36.80081558227539,53.673057556152344,114.73999786376953,56.37553024291992,84.19477081298828,86.6724624633789,252.394775390625,60.57036209106445
2018-08-10,36.016929626464844,52.601173400878906,114.69000244140625,56.27724075317383,84.55818939208984,86.81542205810547,250.70364379882812,60.10717010498047
2018-08-13,35.42484664916992,52.412017822265625,112.95999908447266,56.2379264831543,84.53338623046875,86.79286193847656,249.7651824951172,59.98951721191406
2018-08-14,35.64167022705078,52.404136657714844,113.06999969482422,56.33619689941406,84.45085906982422,86.90576934814453,251.35885620117188,60.283626556396484
2018-08-15,34.615943908691406,51.647499084472656,111.19000244140625,56.2379264831543,84.6573257446289,87.08636474609375,249.4818115234375,60.74684524536133
2018-08-16,34.832767486572266,52.01005172729492,111.0999984741211,56.310001373291016,84.632568359375,87.1992416381836,251.50057983398438,61.23944854736328
2018-08-17,35.19969177246094,52.31742858886719,112.12999725341797,56.37553024291992,84.66558074951172,87.27449035644531,252.38589477539062,61.805606842041016
2018-08-20,35.35813903808594,52.601173400878906,112.69000244140625,56.401729583740234,84.9299087524414,87.5002670288086,252.92604064941406,61.849708557128906
2018-08-21,35.808448791503906,52.92431640625,113.0199966430664,56.48692321777344,84.81423950195312,87.28201293945312,253.51919555664062,61.47473907470703
2018-08-22,36.091983795166016,53.129241943359375,113.2699966430664,56.506553649902344,84.9711685180664,87.27449035644531,253.36865234375,61.12916564941406
2018-08-23,35.50823974609375,52.750919342041016,112.19999694824219,56.49998474121094,84.96294403076172,87.30461120605469,253.03228759765625,60.974769592285156
2018-08-24,36.16703414916992,53.05830001831055,114.16000366210938,56.59828186035156,84.98773193359375,87.47769165039062,254.55514526367188,61.33504104614258
2018-08-27,36.68406677246094,53.767635345458984,114.58999633789062,56.617950439453125,84.79773712158203,87.34223175048828,256.56494140625,61.114471435546875
2018-08-28,36.5506477355957,53.7203483581543,113.68000030517578,56.59177780151367,84.60775756835938,87.01109313964844,256.68878173828125,61.937950134277344
2018-08-29,36.77579116821289,54.011962890625,114.19999694824219,56.55897521972656,84.58301544189453,86.92078399658203,258.0700378417969,61.95268249511719
2018-08-30,35.816795349121094,53.499664306640625,113.63999938964844,56.513092041015625,84.73989868164062,87.00359344482422,257.0252685546875,61.55562210083008
2018-08-31,36.00025177001953,53.074066162109375,113.51000213623047,56.58518600463867,84.75646209716797,86.8756103515625,257.0341491699219,61.79825210571289
2018-09-04,35.29976272583008,52.62481689453125,112.93000030517578,56.46738815307617,84.56275939941406,86.71562957763672,256.5914001464844,61.062992095947266
2018-09-05,34.791072845458984,52.144039154052734,113.31999969482422,56.40815734863281,84.55449676513672,86.66281127929688,255.90081787109375,61.415931701660156
2018-09-06,34.824424743652344,51.98642349243164,113.54000091552734,56.45425033569336,84.72828674316406,86.90432739257812,255.13050842285156,61.592369079589844
2018-09-07,34.6493034362793,51.568695068359375,113.2300033569336,56.3950309753418,84.34758758544922,86.5420150756836,254.63479614257812,60.92331314086914
2018-09-10,34.307395935058594,51.88395690917969,113.1500015258789,56.506874084472656,84.3972396850586,86.82881927490234,255.077392578125,61.195335388183594
2018-09-11,34.38245391845703,51.931251525878906,113.22000122070312,56.520050048828125,84.09098815917969,86.63257598876953,255.91856384277344,61.188011169433594
2018-09-12,34.55757522583008,52.15192413330078,114.16999816894531,56.651649475097656,84.1903076171875,86.80625915527344,255.98043823242188,61.2173957824707
2018-09-13,35.02456283569336,52.538116455078125,113.76000213623047,56.756935119628906,84.18205261230469,86.98735809326172,257.4945068359375,61.51885223388672
2018-09-14,34.991207122802734,52.61693572998047,113.0199966430664,56.80958557128906,84.0247802734375,86.88166809082031,257.53875732421875,61.12916564941406
2018-09-17,34.674320220947266,52.66423034667969,113.61000061035156,56.770111083984375,84.04133605957031,86.82881927490234,256.17529296875,61.32767105102539
2018-09-18,35.00788497924805,53.21592712402344,113.44000244140625,56.763519287109375,83.69371795654297,86.47409057617188,257.5652770996094,61.033573150634766
2018-09-19,35.4915657043457,53.40509033203125,113.87999725341797,56.65821838378906,83.55300903320312,86.34575653076172,257.83978271484375,60.320396423339844
2018-09-20,35.88350296020508,54.0671272277832,114.2699966430664,56.73722839355469,83.5613021850586,86.57220458984375,259.9293212890625,60.886531829833984
2018-09-21,36.05028533935547,54.090782165527344,113.48999786376953,56.75033950805664,83.59442138671875,86.58728790283203,259.69183349609375,60.86448287963867
2018-09-24,35.64167022705078,53.84645080566406,113.47000122070312,56.724037170410156,83.50334930419922,86.39106750488281,258.82916259765625,59.771484375
2018-09-25,35.78342819213867,54.11442565917969,113.6500015258789,56.6779899597168,83.42059326171875,86.39106750488281,258.58892822265625,59.77894592285156
2018-09-26,35.858489990234375,54.1380729675293,113.05000305175781,56.73722839355469,83.69371795654297,86.70050048828125,257.8152160644531,59.063194274902344
2018-09-27,36.033607482910156,54.02772903442383,112.05000305175781,56.842506408691406,83.69371795654297,86.81378936767578,258.5356140136719,59.346519470214844
2018-09-28,35.791770935058594,53.586360931396484,112.76000213623047,56.88197326660156,83.735107421875,86.75337219238281,258.5623474121094,60.1517333984375
2018-10-01,35.800113677978516,53.649410247802734,112.56999969482422,57.04655075073242,83.52278137207031,86.63374328613281,259.4606628417969,59.5925407409668
2018-10-02,35.34979248046875,53.373565673828125,113.87000274658203,57.000282287597656,83.73841094970703,86.7094955444336,259.30938720703125,59.45836639404297
2018-10-03,35.05792999267578,53.27898025512695,113.41999816894531,56.84824752807617,83.11639404296875,86.20214080810547,259.4517822265625,58.82463455200195
2018-10-04,34.182308197021484,52.65633773803711,113.4800033569336,56.63673782348633,82.90081024169922,85.84628295898438,257.42401123046875,58.332557678222656
2018-10-05,34.057228088378906,52.341087341308594,113.80000305175781,56.385536193847656,82.70173645019531,85.51315307617188,255.98306274414062,58.30274200439453
2018-10-08,34.10725402832031,52.08887481689453,112.54000091552734,56.259971618652344,82.73490142822266,85.42227172851562,255.98306274414062,59.14523696899414
2018-10-09,33.9821662902832,51.95488739013672,112.5999984741211,56.34590148925781,82.89248657226562,85.66461181640625,255.60952758789062,59.22723388671875
2018-10-10,32.97312927246094,50.851478576660156,112.87999725341797,55.94264221191406,82.93392181396484,85.42987060546875,247.51608276367188,58.34747314453125
2018-10-11,32.63956069946289,50.14213562011719,115.77999877929688,55.9889030456543,83.27401733398438,85.78572845458984,242.06419372558594,56.67742919921875
2018-10-12,33.598567962646484,50.32341766357422,115.2300033569336,56.28639221191406,83.17445373535156,85.80086517333984,245.42604064941406,56.52830123901367
2018-10-15,33.2399787902832,50.205196380615234,116.0,56.24672317504883,83.22425079345703,85.64186096191406,244.0475311279297,56.908538818359375
2018-10-16,34.07390213012695,51.06427764892578,115.80000305175781,56.43841552734375,83.21589660644531,85.8614273071289,249.38385009765625,58.0790901184082
2018-10-17,33.65694808959961,50.77265930175781,115.79000091552734,56.326053619384766,82.97541809082031,85.4374008178711,249.42835998535156,57.85539245605469
2018-10-18,32.772987365722656,49.95298767089844,115.91999816894531,56.08808517456055,83.12469482421875,85.4374008178711,245.82627868652344,57.743553161621094
2018-10-19,33.08154296875,50.23672103881836,116.01000213623047,56.12113952636719,83.0251693725586,85.3314208984375,245.69296264648438,58.24309158325195
2018-10-22,33.44012451171875,50.01603317260742,115.70999908447266,56.14754867553711,83.04174041748047,85.22541809082031,244.590087890625,57.4304313659668
2018-10-23,33.073204040527344,49.54315185546875,116.38999938964844,56.094696044921875,83.25738525390625,85.34654998779297,243.34486389160156,57.68392562866211
2018-10-24,32.00577926635742,48.1402473449707,116.66000366210938,55.817054748535156,83.70521545410156,85.46768951416016,235.97189331054688,58.22818374633789
2018-10-25,32.622886657714844,48.74711227416992,116.4000015258789,55.92940902709961,83.5062484741211,85.36174011230469,240.20530700683594,58.973724365234375
2018-10-26,32.24761199951172,48.41609191894531,116.7699966430664,55.67824172973633,83.87942504882812,85.50553131103516,235.98077392578125,57.55716323852539
2018-10-29,31.688894271850586,48.282100677490234,116.30999755859375,55.6253547668457,83.8711166381836,85.4071273803711,234.67340087890625,58.28782272338867
2018-10-30,32.305999755859375,48.86534118652344,115.80000305175781,55.75759506225586,83.68865966796875,85.2178726196289,238.15084838867188,59.08556365966797
2018-10-31,32.6562385559082,49.22789001464844,115.1500015258789,55.75759506225586,83.48133850097656,84.97555541992188,240.69451904296875,58.392208099365234
2018-11-01,33.8237190246582,49.85840606689453,116.62999725341797,56.01331329345703,83.55280303955078,85.23308563232422,243.25601196289062,58.66804885864258
2018-11-02,34.0405387878418,49.92934036254883,116.6500015258789,55.9801025390625,83.08737182617188,84.8912353515625,241.81509399414062,58.18345260620117
2018-11-05,34.13227844238281,49.92934036254883,116.37000274658203,56.026580810546875,83.13723754882812,85.0431900024414,243.14927673339844,59.048274993896484
2018-11-06,34.07390213012695,50.134254455566406,116.04000091552734,56.1727294921875,83.04585266113281,85.1875228881836,244.68789672851562,59.346519470214844
2018-11-07,34.71601486206055,50.804195404052734,116.02999877929688,56.49823760986328,83.04585266113281,85.4078140258789,249.92642211914062,60.05480194091797
2018-11-08,33.81538391113281,50.30766296386719,115.77999877929688,56.35874938964844,82.929443359375,85.1571044921875,249.47276306152344,60.099525451660156
2018-11-09,33.18994903564453,49.976627349853516,114.4800033569336,56.03989028930664,83.25361633300781,85.21788024902344,247.0358428955078,60.09208679199219
2018-11-12,32.72295379638672,49.156951904296875,113.66000366210938,55.69442367553711,83.50294494628906,85.2103500366211,242.42001342773438,60.21137619018555
2018-11-13,33.09821319580078,49.369754791259766,113.69999694824219,55.6014518737793,83.5694351196289,85.0963134765625,241.96641540527344,60.1517333984375
2018-11-14,33.29835510253906,49.40916061401367,114.63999938964844,55.495174407958984,83.74398040771484,84.86845397949219,240.3121337890625,60.002620697021484
2018-11-15,34.0405387878418,49.56679153442383,114.7699966430664,55.48186492919922,83.80210876464844,84.70895385742188,242.82017517089844,59.5925407409668
2018-11-16,34.10725402832031,49.6219596862793,115.62000274658203,55.3157958984375,84.05979919433594,84.87602996826172,243.45159912109375,60.233734130859375
2018-11-19,33.64860916137695,49.188472747802734,115.66999816894531,55.143131256103516,84.18445587158203,84.79247283935547,239.33377075195312,60.31575012207031
2018-11-20,32.923099517822266,48.337276458740234,115.66999816894531,54.97036361694336,84.16780090332031,84.58735656738281,234.90464782714844,59.696937561035156
2018-11-21,33.53185272216797,49.015079498291016,115.86000061035156,55.24937438964844,84.15119934082031,84.76970672607422,235.7051239013672,59.74912643432617
2018-11-23,33.13991928100586,48.69194412231445,115.7699966430664,54.94377899169922,84.2010726928711,84.80769348144531,234.13092041015625,59.62983322143555
2018-11-26,33.54853057861328,49.4249267578125,115.63999938964844,55.20287322998047,84.13455200195312,84.84566497802734,237.91079711914062,59.74167251586914
2018-11-27,33.78202438354492,49.235774993896484,114.94999694824219,55.17632293701172,84.21772766113281,84.73931884765625,238.7112274169922,59.99516677856445
2018-11-28,34.5909309387207,49.937225341796875,115.37999725341797,55.63465881347656,84.20940399169922,84.96720886230469,244.2075653076172,60.531951904296875
2018-11-29,34.290714263916016,49.68501281738281,115.73999786376953,55.6479377746582,84.42549896240234,84.7240982055664,243.67401123046875,60.546875
2018-11-30,34.257362365722656,49.47221374511719,115.54000091552734,55.535011291503906,84.59169006347656,84.67095184326172,245.1592559814453,61.120948791503906
2018-12-03,34.949520111083984,50.126380920410156,116.41000366210938,55.91936111450195,84.776611328125,84.98568725585938,248.40548706054688,61.44900894165039
2018-12-04,34.20732879638672,48.82593536376953,117.12000274658203,55.57237243652344,85.16804504394531,85.00091552734375,240.35659790039062,60.53943634033203
2018-12-06,33.890438079833984,48.368804931640625,117.13999938964844,55.37887954711914,85.38459014892578,85.25999450683594,239.991943359375,62.03799057006836
2018-12-07,33.256656646728516,47.88014602661133,118.08999633789062,55.272117614746094,85.63447570800781,85.26766204833984,234.41552734375,61.225341796875
2018-12-10,32.90641784667969,47.50971603393555,117.68000030517578,55.312156677246094,85.68443298339844,85.52674102783203,234.8601837158203,60.83016586303711
2018-12-11,33.15659713745117,47.65946960449219,117.54000091552734,55.41225051879883,85.4678726196289,85.67916870117188,234.91358947753906,60.86001205444336
2018-12-12,33.698631286621094,48.36091995239258,117.79000091552734,55.5924186706543,85.23464965820312,85.7706298828125,236.0963897705078,59.92060470581055
2018-12-13,33.6902961730957,48.27422332763672,117.52999877929688,55.72586441040039,85.28463745117188,85.99922180175781,236.01634216308594,60.26689910888672
2018-12-14,33.2149658203125,47.65159225463867,117.05999755859375,55.49230194091797,85.41793823242188,85.90776824951172,231.65835571289062,60.09336853027344
2018-12-17,32.90641784667969,47.27328109741211,117.87000274658203,55.131980895996094,85.667724609375,85.99922180175781,227.1136016845703,57.829952239990234
2018-12-18,33.1298713684082,47.3115119934082,118.1500015258789,55.032073974609375,85.87891387939453,86.30651092529297,226.86460876464844,58.425994873046875
2018-12-19,32.57968521118164,46.857425689697266,117.43000030517578,54.53593444824219,86.17933654785156,86.2377700805664,223.46713256835938,57.78469467163086
2018-12-20,32.833621978759766,46.66625213623047,119.23999786376953,54.05986404418945,86.07089233398438,85.95487213134766,219.82958984375,56.91706466674805
2018-12-21,32.60508346557617,45.85369110107422,118.72000122070312,53.79171371459961,86.14599609375,85.87080383300781,215.32530212402344,56.12485885620117
2018-12-24,32.30036163330078,45.319950103759766,120.0199966430664,53.389434814453125,86.36296844482422,85.67208862304688,209.63583374023438,54.12553787231445
2018-12-26,32.94365692138672,46.37149429321289,119.66000366210938,54.28785705566406,85.95398712158203,85.60321807861328,220.22764587402344,55.936256408691406
2018-12-27,32.90134048461914,46.50692367553711,120.56999969482422,54.25433349609375,86.17102813720703,85.60321807861328,221.91842651367188,55.92870330810547
2018-12-28,33.21452713012695,46.75387191772461,121.05999755859375,54.33479309082031,86.63838958740234,86.00839233398438,221.63209533691406,56.109771728515625
2018-12-31,33.062164306640625,46.82556915283203,121.25,54.3750114440918,86.96387481689453,86.2453842163086,223.5733184814453,56.26068115234375
2019-01-02,33.14680480957031,46.72997283935547,121.33000183105469,54.30126953125,87.1474609375,86.512939453125,223.80599975585938,55.03843688964844
2019-01-03,32.54582214355469,46.30776596069336,122.43000030517578,54.328102111816406,87.8401870727539,86.55116271972656,218.46530151367188,55.42320251464844
2019-01-04,33.59541702270508,47.72575378417969,121.44000244140625,55.23991012573242,87.1307601928711,86.49763488769531,225.78294372558594,56.07204818725586
2019-01-07,33.67159652709961,47.90898132324219,121.86000061035156,55.776283264160156,86.88875579833984,86.50526428222656,227.56321716308594,56.62282943725586
2019-01-08,33.79856491088867,48.21965789794922,121.52999877929688,56.138389587402344,86.67176818847656,86.6964111328125,229.70120239257812,57.79224395751953
2019-01-09,34.3995475769043,48.76136779785156,122.30999755859375,56.205421447753906,86.72183227539062,87.0251235961914,230.77474975585938,57.709251403808594
2019-01-10,34.64501190185547,48.95256042480469,121.58999633789062,56.42668914794922,86.68009948730469,86.79578399658203,231.58876037597656,58.4938850402832
2019-01-11,34.4757194519043,48.61797332763672,121.80000305175781,56.24563217163086,86.9388656616211,86.956298828125,231.67831420898438,58.65986633300781
2019-01-14,34.187931060791016,48.39491653442383,122.08999633789062,56.064613342285156,86.88875579833984,86.72697448730469,230.2648162841797,58.463714599609375
2019-01-15,34.424930572509766,48.64984130859375,121.87999725341797,56.2523307800293,86.80530548095703,86.780517578125,232.9038543701172,59.02202606201172
2019-01-16,34.84815216064453,48.7852668762207,122.2699966430664,56.33949279785156,86.75521850585938,86.94866943359375,233.46742248535156,59.43697738647461
2019-01-17,35.00052261352539,48.96052169799805,122.11000061035156,56.493709564208984,86.59662628173828,87.12449645996094,235.23867797851562,59.72368621826172
2019-01-18,35.16980743408203,49.45442581176758,121.0199966430664,56.65459060668945,86.32124328613281,87.27735137939453,238.36965942382812,59.92738342285156
2019-01-22,34.56037902832031,48.689674377441406,121.44999694824219,56.279144287109375,86.62167358398438,87.42263793945312,235.1492156982422,59.74631881713867
2019-01-23,34.91587829589844,48.9127311706543,121.27999877929688,56.39313888549805,86.57994842529297,87.64432525634766,235.6411895751953,59.753849029541016
2019-01-24,35.254451751708984,48.96849060058594,121.08999633789062,56.45347213745117,86.85536193847656,87.87368774414062,235.7664337158203,59.95754623413086
2019-01-25,35.71999740600586,49.52613067626953,122.86000061035156,56.59429931640625,86.65509796142578,87.95011901855469,237.76148986816406,60.70450210571289
2019-01-28,35.34756088256836,49.25527572631836,123.29000091552734,56.50712585449219,86.68009948730469,87.93479919433594,235.9542999267578,61.300514221191406
2019-01-29,35.40681457519531,49.36680603027344,123.9800033569336,56.47358322143555,86.93050384521484,88.12593841552734,235.6411895751953,61.78336715698242
2019-01-30,36.17707824707031,49.90850830078125,124.69000244140625,56.92280960083008,87.1307601928711,88.53106689453125,239.3716278076172,62.28132629394531
2019-01-31,36.48179626464844,49.93239974975586,124.75,57.063621520996094,87.5313720703125,89.15028381347656,241.47386169433594,62.93016815185547
2019-02-01,36.194000244140625,49.91646957397461,124.5,57.03596115112305,87.0630111694336,88.93788146972656,241.59011840820312,62.53030776977539
2019-02-04,36.253265380859375,50.099693298339844,123.95999908447266,57.170684814453125,86.87065124511719,88.81520080566406,243.2898712158203,62.9980583190918
2019-02-05,36.752662658691406,50.49005126953125,124.27999877929688,57.37275314331055,87.02119445800781,89.17559814453125,244.3097381591797,63.36021041870117
2019-02-06,36.253265380859375,50.23512649536133,123.44000244140625,57.318878173828125,87.08811950683594,89.00692749023438,243.98765563964844,62.94524383544922
2019-02-07,35.88928985595703,49.565956115722656,123.73999786376953,57.123538970947266,87.37247467041016,88.9915542602539,241.66175842285156,63.465843200683594
2019-02-08,35.6861457824707,49.406639099121094,124.20999908447266,57.110069274902344,87.48955535888672,89.21392059326172,241.9569854736328,63.465843200683594
2019-02-11,35.56764221191406,49.35883331298828,123.5999984741211,57.13703155517578,87.35578918457031,89.01456451416016,242.0911865234375,63.63936996459961
2019-02-12,35.863887786865234,49.93239974975586,123.86000061035156,57.41318130493164,87.2386703491211,89.13727569580078,245.2042999267578,63.23951721191406
2019-02-13,35.60995864868164,49.94036865234375,123.37000274658203,57.33232498168945,87.02119445800781,88.90721893310547,246.00045776367188,63.563907623291016
2019-02-14,35.67768096923828,49.95630645751953,124.05999755859375,57.33906555175781,87.4310302734375,89.00692749023438,245.45480346679688,63.767635345458984
2019-02-15,35.62689208984375,50.68122482299805,124.80000305175781,57.520938873291016,87.34735870361328,89.11426544189453,248.1295623779297,64.19767761230469
2019-02-19,35.90621566772461,50.87242126464844,126.69999694824219,57.54111862182617,87.49795532226562,89.16793060302734,248.5589599609375,64.18258666992188
2019-02-20,36.10935974121094,51.01581573486328,126.4800033569336,57.58829116821289,87.48119354248047,89.09124755859375,249.05990600585938,63.78270721435547
2019-02-21,36.033180236816406,50.91225051879883,125.05000305175781,57.53441619873047,87.2219009399414,88.83821868896484,248.17428588867188,63.84307098388672
2019-02-22,36.43101119995117,51.079551696777344,125.5,57.648887634277344,87.48119354248047,89.2369384765625,249.71304321289062,64.22029113769531
2019-02-25,36.837310791015625,51.230899810791016,125.37000274658203,57.69607925415039,87.34735870361328,89.2062759399414,250.0529022216797,63.71480178833008
2019-02-26,36.71033477783203,51.47785186767578,125.58000183105469,57.77015686035156,87.60665893554688,89.34428405761719,249.87405395507812,63.518672943115234
2019-02-27,36.39716339111328,51.27072525024414,124.69000244140625,57.790367126464844,87.29725646972656,89.09124755859375,249.7666778564453,63.201759338378906
2019-02-28,35.92314529418945,51.199031829833984,123.98999786376953,57.75670623779297,87.07137298583984,88.96858215332031,249.3014373779297,63.367774963378906
2019-03-01,35.9654655456543,51.47785186767578,121.87999725341797,57.9203987121582,86.78564453125,88.81317138671875,250.8580322265625,63.171592712402344
2019-03-04,36.01625442504883,51.28666305541992,121.55999755859375,57.832462310791016,87.05377197265625,89.0132064819336,249.94558715820312,63.45828628540039
2019-03-05,36.37176513671875,51.334468841552734,121.72000122070312,57.80539321899414,87.10409545898438,89.0439682006836,249.60568237304688,63.63181686401367
2019-03-06,36.16861343383789,51.207000732421875,121.61000061035156,57.71067428588867,87.34712982177734,89.12853240966797,248.0938262939453,63.33759689331055
2019-03-07,35.49992370605469,50.55376052856445,121.51000213623047,57.67007064819336,87.64034271240234,89.42081451416016,246.018310546875,63.201759338378906
2019-03-08,35.24599075317383,50.56174087524414,122.83999633789062,57.57536697387695,87.76606750488281,89.53620147705078,245.52633666992188,63.26968765258789
2019-03-11,35.90621566772461,50.999881744384766,122.23999786376953,57.76478576660156,87.69902038574219,89.6362075805664,249.0868682861328,64.19767761230469
2019-03-12,36.092437744140625,50.968017578125,122.9800033569336,57.86628723144531,87.94203186035156,89.8823013305664,250.026123046875,64.49189758300781
2019-03-13,36.1347541809082,51.40615463256836,123.83999633789062,58.02190399169922,87.90850830078125,89.73616027832031,251.68104553222656,64.80878448486328
2019-03-14,35.94007110595703,51.39818572998047,122.41000366210938,57.981292724609375,87.78280639648438,89.55926513671875,251.52003479003906,64.90687561035156
2019-03-15,36.464874267578125,51.955833435058594,122.97000122070312,58.03538513183594,88.05931854248047,89.8823013305664,252.7627410888672,64.70316314697266
2019-03-18,36.87116241455078,52.1390495300293,123.04000091552734,58.01511764526367,87.94203186035156,89.83615112304688,253.67913818359375,64.37876892089844
2019-03-19,36.888092041015625,52.242610931396484,123.37999725341797,58.04895782470703,87.88336944580078,89.85155487060547,253.7421112060547,64.18258666992188
2019-03-20,36.94734191894531,52.26651382446289,124.18000030517578,58.29927444458008,88.49505615234375,90.45922088623047,252.9783172607422,64.37876892089844
2019-03-21,36.998130798339844,52.234649658203125,123.68000030517578,58.28574752807617,88.45316314697266,90.6283950805664,255.83555603027344,65.52555847167969
2019-03-22,35.91468811035156,51.230899810791016,123.97000122070312,58.07600784301758,89.1067886352539,91.18215942382812,250.9117431640625,65.05023193359375
2019-03-25,35.999324798583984,51.3026008605957,124.91999816894531,58.05570983886719,89.33300018310547,91.36677551269531,250.7230987548828,65.13320922851562
2019-03-26,36.10935974121094,51.557518005371094,124.30000305175781,58.19776153564453,89.25757598876953,91.4051742553711,252.5919647216797,65.65379333496094
2019-03-27,35.71999740600586,51.58141326904297,123.6500015258789,58.23838806152344,89.51737976074219,91.52828979492188,251.27117919921875,65.46517944335938
2019-03-28,35.957000732421875,51.45395278930664,121.9000015258789,58.3534049987793,89.52572631835938,91.64366149902344,252.22357177734375,66.10041809082031
2019-03-29,36.329437255859375,51.66904830932617,122.01000213623047,58.50223922729492,89.38328552246094,91.57442474365234,253.81398010253906,66.0396499633789
2019-04-01,36.930419921875,52.33024597167969,121.52999877929688,58.488006591796875,88.76866149902344,91.2334213256836,256.823974609375,66.00162506103516
2019-04-02,36.811912536621094,52.34617614746094,121.9800033569336,58.51517868041992,88.9197769165039,91.35688018798828,256.9498596191406,66.46516418457031
2019-04-03,37.06584167480469,52.752464294433594,121.80000305175781,58.53555679321289,88.6426773071289,91.16399383544922,257.3542175292969,66.38917541503906
2019-04-04,37.29438781738281,52.640926361083984,122.11000061035156,58.62388229370117,88.73506164550781,91.31060028076172,258.0369873046875,66.28277587890625
2019-04-05,37.58218002319336,52.7763557434082,121.9800033569336,58.732608795166016,88.77702331542969,91.45719909667969,259.2859191894531,66.74629974365234
2019-04-08,37.58218002319336,52.808223724365234,122.51000213623047,58.69865036010742,88.6343002319336,91.32601165771484,259.483642578125,66.37397003173828
2019-04-09,37.50599670410156,52.4736328125,123.1500015258789,58.657833099365234,88.79385375976562,91.51889038085938,258.15374755859375,66.0244369506836
2019-04-10,37.683753967285156,52.672794342041016,123.52999877929688,58.91610336303711,89.00377655029297,91.96631622314453,259.0343322753906,66.63233184814453
2019-04-11,37.2774543762207,52.56127166748047,121.94999694824219,59.00441360473633,88.80223083496094,91.8737564086914,258.96246337890625,66.58673858642578
2019-04-12,37.548316955566406,52.92771530151367,121.83000183105469,59.09275817871094,88.39078521728516,91.81970977783203,260.714599609375,66.9059066772461
2019-04-15,37.353641510009766,52.95160675048828,121.5999984741211,59.051971435546875,88.50836181640625,91.67320251464844,260.5437927246094,66.56395721435547
2019-04-16,37.632965087890625,52.991432189941406,120.51000213623047,59.01805114746094,88.20610046386719,91.4186019897461,260.714599609375,65.05941772460938
2019-04-17,37.74300765991211,53.142799377441406,120.27999877929688,58.875343322753906,88.22286987304688,91.40314483642578,260.0766296386719,64.46671295166016
2019-04-18,37.71760940551758,53.110931396484375,120.37000274658203,58.902503967285156,88.43278503417969,91.48030090332031,260.5887145996094,64.96063232421875
2019-04-22,37.47214126586914,53.02330780029297,120.37000274658203,58.800575256347656,88.3068618774414,91.33373260498047,260.8133850097656,64.2463607788086
2019-04-23,37.55678176879883,53.126869201660156,120.12000274658203,59.00441360473633,88.46640014648438,91.71174621582031,263.1585388183594,65.09740447998047
2019-04-24,37.048912048339844,52.760414123535156,120.47000122070312,58.922874450683594,88.80223083496094,92.02030944824219,262.5745849609375,65.57612609863281
2019-04-25,36.998130798339844,52.72058868408203,120.56999969482422,58.95006561279297,88.6930923461914,91.97407531738281,262.41278076171875,65.4393310546875
2019-04-26,37.14202880859375,52.9356803894043,121.37000274658203,59.09956359863281,88.92818450927734,92.29808044433594,263.63482666015625,65.95603942871094
2019-04-29,37.21820831298828,53.15077209472656,120.83000183105469,59.072410583496094,88.74347686767578,91.93547821044922,264.04815673828125,65.31016540527344
2019-04-30,37.18435287475586,53.18263244628906,121.19999694824219,59.07916259765625,88.9197769165039,91.97407531738281,264.1828918457031,65.9332504272461
2019-05-01,36.9050178527832,52.879913330078125,120.4000015258789,58.885372161865234,88.87943267822266,91.94469451904297,262.197021484375,65.98643493652344
2019-05-02,36.98967361450195,52.80024719238281,119.94000244140625,58.92633056640625,88.62700653076172,91.61192321777344,261.6310729980469,66.05484771728516
2019-05-03,37.42982482910156,53.365848541259766,120.6500015258789,59.07645797729492,88.74480438232422,92.02201080322266,264.19183349609375,66.61714935302734
2019-05-06,36.65955352783203,52.760414123535156,120.80999755859375,59.10373306274414,88.97198486328125,92.14582824707031,263.1047668457031,66.40437316894531
2019-05-07,35.94007110595703,51.83633804321289,121.20999908447266,58.74887466430664,89.27486419677734,92.13809204101562,258.71087646484375,65.20378112792969
2019-05-08,35.88928985595703,51.90007019042969,120.91000366210938,58.76937484741211,89.10655212402344,91.82854461669922,258.3515625,65.13539123535156
2019-05-09,35.322166442871094,51.661075592041016,121.19999694824219,58.6806526184082,89.34213256835938,91.91368103027344,257.5698547363281,65.30255889892578
2019-05-10,35.53377914428711,52.04345703125,121.43000030517578,58.84442901611328,89.28327178955078,91.96786499023438,258.8636474609375,66.00162506103516
2019-05-13,34.34876251220703,50.83259201049805,122.66999816894531,58.30533218383789,89.72918701171875,92.02201080322266,252.35836791992188,65.9332504272461
2019-05-14,34.83123016357422,51.34242630004883,122.45999908447266,58.43497085571289,89.64501953125,92.15357971191406,254.640625,66.17640686035156
2019-05-15,34.89895248413086,51.52565002441406,122.38999938964844,58.48958206176758,89.93106842041016,92.40890502929688,256.13214111328125,66.62472534179688
2019-05-16,34.72966003417969,51.93989562988281,121.51000213623047,58.666954040527344,89.75435638427734,92.26187896728516,258.5042419433594,66.89068603515625
2019-05-17,34.10328674316406,51.597347259521484,120.6500015258789,58.646507263183594,89.79647827148438,92.26964569091797,256.8330078125,66.76150512695312
2019-05-20,33.95939254760742,51.39023208618164,120.63999938964844,58.5919189453125,89.64501953125,92.0530014038086,255.13479614257812,65.7964859008789
2019-05-21,34.391082763671875,51.73278045654297,120.36000061035156,58.776206970214844,89.54409790039062,92.13035583496094,257.43499755859375,66.35877227783203
2019-05-22,34.22178649902344,51.52565002441406,120.23999786376953,58.8239631652832,89.81328582763672,92.24642181396484,256.644287109375,66.55634307861328
2019-05-23,33.78163528442383,51.055641174316406,121.16999816894531,58.530513763427734,90.36016082763672,92.44760131835938,253.5084991455078,66.70832061767578
2019-05-24,33.81549835205078,51.605316162109375,121.30000305175781,58.448638916015625,90.33491516113281,92.64099884033203,254.08346557617188,66.91348266601562
2019-05-28,33.933998107910156,51.10343933105469,120.83000183105469,58.394039154052734,90.7303237915039,92.70292663574219,251.7203826904297,66.25238037109375
2019-05-29,34.154083251953125,50.776824951171875,120.87000274658203,58.23710632324219,90.69671630859375,92.74161529541016,250.03118896484375,65.37095642089844
2019-05-30,34.34029769897461,50.968017578125,121.69000244140625,58.35993576049805,91.02483367919922,93.27552795410156,250.71408081054688,65.64451599121094
2019-05-31,34.45878982543945,50.50597381591797,123.33000183105469,57.93681716918945,91.63060760498047,93.49214935302734,247.33558654785156,66.0244369506836
2019-06-03,34.77198028564453,50.800724029541016,125.11000061035156,58.030059814453125,92.07144165039062,93.78009033203125,246.70664978027344,66.18402862548828
2019-06-04,34.84815216064453,51.38226318359375,125.1500015258789,58.61274337768555,91.73426818847656,93.8111343383789,252.06190490722656,65.88764953613281
2019-06-05,34.56884002685547,51.366329193115234,125.47000122070312,58.74985122680664,91.73426818847656,93.74903106689453,254.2452392578125,67.26299285888672
2019-06-06,34.58576202392578,51.57344436645508,125.87999725341797,58.87322235107422,91.7174301147461,93.92753601074219,255.89854431152344,67.39220428466797
2019-06-07,34.85662841796875,52.2266731262207,126.58999633789062,59.02405548095703,92.07992553710938,94.34669494628906,258.45928955078125,67.64293670654297
2019-06-10,35.22059631347656,52.37007141113281,125.33000183105469,59.1131706237793,91.62467956542969,94.00517272949219,259.64532470703125,67.42259979248047
2019-06-11,35.61842727661133,52.632957458496094,125.18000030517578,59.19544982910156,91.62467956542969,94.0905532836914,259.5824890136719,67.60493469238281
2019-06-12,35.23752212524414,52.242610931396484,125.83000183105469,59.058345794677734,91.86072540283203,94.23023986816406,259.124267578125,67.8329086303711
2019-06-13,35.17827606201172,52.29042434692383,126.5999984741211,59.19544982910156,92.08831787109375,94.4708480834961,260.1933898925781,68.12164306640625
2019-06-14,34.788909912109375,51.90803909301758,126.55999755859375,59.15433883666992,92.1557846069336,94.5096435546875,259.9058837890625,68.1596450805664
2019-06-17,34.92622375488281,51.945472717285156,126.4800033569336,59.065208435058594,92.13894653320312,94.55621337890625,260.0047607421875,68.88912963867188
2019-06-18,35.77059555053711,52.637210845947266,127.12000274658203,59.47653579711914,92.31596374511719,95.18489837646484,262.727294921875,68.82073974609375
2019-06-19,36.069114685058594,52.96272659301758,127.88999938964844,59.75755310058594,92.56883239746094,95.79029083251953,263.3203430175781,69.19304656982422
2019-06-20,36.5979118347168,53.42660903930664,131.11000061035156,60.05919647216797,92.72056579589844,96.31027221679688,265.8362121582031,69.54259490966797
2019-06-21,36.47850799560547,53.1987419128418,131.97999572753906,59.86728286743164,92.34123229980469,95.96101379394531,265.4497375488281,68.56238555908203
2019-06-24,36.42732620239258,53.31266784667969,133.94000244140625,59.860408782958984,92.66154479980469,96.20162200927734,265.12469482421875,68.32679748535156
2019-06-25,36.05205535888672,52.99529266357422,134.1999969482422,59.60677719116211,92.80492401123047,95.91442108154297,262.5243835449219,67.31619262695312
2019-06-26,36.393211364746094,53.060386657714844,132.97000122070312,59.57936477661133,92.42556762695312,95.72044372558594,262.26251220703125,65.97123718261719
2019-06-27,36.649085998535156,53.19060134887695,132.83999633789062,59.74387741088867,92.70374298095703,96.27925109863281,263.19244384765625,66.82051086425781
2019-06-28,36.5979118347168,53.49170684814453,133.1999969482422,59.76445770263672,92.74585723876953,96.5276107788086,264.546875,67.05065155029297
2019-07-01,37.03288269042969,53.74399185180664,130.6199951171875,59.7823371887207,92.62932586669922,96.71050262451172,266.9485778808594,67.01997375488281
2019-07-02,36.93906784057617,53.89860534667969,133.41000366210938,59.91313552856445,92.95867156982422,96.9751205444336,267.6437683105469,68.18606567382812
2019-07-03,36.8708381652832,54.26482009887695,133.6300048828125,60.140445709228516,93.13601684570312,97.23980712890625,269.78363037109375,68.99928283691406
2019-07-05,36.614967346191406,53.84978485107422,132.13999938964844,59.89943313598633,92.54489135742188,96.38362121582031,269.47662353515625,68.75379180908203
2019-07-08,36.393211364746094,53.54054260253906,131.2899932861328,59.7823371887207,92.45199584960938,96.25128936767578,267.9958801269531,68.99928283691406
2019-07-09,36.28233337402344,53.31266784667969,131.75,59.713478088378906,92.39288330078125,96.04889678955078,268.3299255371094,69.22943115234375
2019-07-10,36.58938217163086,53.49985122680664,133.8300018310547,59.87871551513672,92.44356536865234,96.26685333251953,269.6120910644531,69.62835693359375
2019-07-11,36.52115249633789,53.48357009887695,132.6999969482422,59.761680603027344,91.98754119873047,95.69864654541016,270.2439880371094,68.72309875488281
2019-07-12,36.54673385620117,53.548675537109375,133.52999877929688,59.85808563232422,92.08890533447266,95.79206848144531,271.4539489746094,68.63101959228516
2019-07-15,36.68320083618164,53.597511291503906,133.52999877929688,59.89943313598633,92.28312683105469,95.95551300048828,271.54425048828125,68.57732391357422
2019-07-16,36.63203430175781,53.377769470214844,132.39999389648438,59.77543640136719,92.08047485351562,95.75312805175781,270.6683654785156,68.41622924804688
2019-07-17,36.52115249633789,53.30453872680664,134.5800018310547,59.699703216552734,92.51112365722656,96.25909423828125,268.8265380859375,68.18606567382812
2019-07-18,36.7429084777832,53.46729278564453,136.47999572753906,59.727237701416016,92.73912811279297,96.48477935791016,269.8106994628906,68.18606567382812
2019-07-19,36.555267333984375,53.31266784667969,134.47000122070312,59.62401580810547,92.5702133178711,96.3368911743164,268.3118591308594,67.07367706298828
2019-07-22,36.56378936767578,53.3696403503418,134.4499969482422,59.82363510131836,92.61245727539062,96.6327133178711,268.9709167480469,67.01229095458984
2019-07-23,36.6064338684082,53.70328903198242,133.69000244140625,59.92694091796875,92.46044158935547,96.68717193603516,270.8941955566406,67.77178192138672
2019-07-24,36.6661376953125,53.74399185180664,134.3699951171875,59.97513198852539,92.59556579589844,96.9595718383789,272.16717529296875,67.82550811767578
2019-07-25,36.342041015625,53.1987419128418,133.4199981689453,59.89253234863281,92.43509674072266,96.64824676513672,270.8670654296875,67.42655181884766
2019-07-26,36.418800354003906,53.30453872680664,133.63999938964844,60.02333068847656,92.41825103759766,96.78054809570312,272.6819763183594,67.7334213256836
2019-07-29,36.35056686401367,53.418460845947266,134.52999877929688,59.933841705322266,92.502685546875,96.71827697753906,272.185302734375,67.91754913330078
2019-07-30,36.069114685058594,52.79997253417969,134.97999572753906,59.96134567260742,92.54489135742188,96.68717193603516,271.51715087890625,68.46224975585938
2019-07-31,35.625606536865234,52.45002365112305,133.2100067138672,59.85808563232422,92.78136444091797,96.77278137207031,268.5466613769531,68.1937484741211
2019-08-01,34.92622375488281,52.30354309082031,136.41000366210938,59.828338623046875,93.83367919921875,97.5595474243164,266.2081298828125,68.1937484741211
2019-08-02,34.58506393432617,51.83967590332031,135.88999938964844,59.73844528198242,94.02828979492188,97.66104125976562,264.20379638671875,68.52362823486328
2019-08-05,33.30571365356445,50.545711517333984,137.7899932861328,59.11608123779297,94.84039306640625,97.73126983642578,256.2583312988281,67.17338562011719
2019-08-06,33.78334426879883,50.887516021728516,138.91000366210938,59.496402740478516,94.99266815185547,98.34007263183594,259.851806640625,67.91754913330078
2019-08-07,33.936859130859375,51.08282470703125,141.02000427246094,59.48953628540039,94.99266815185547,98.32449340820312,260.0052795410156,68.57732391357422
2019-08-08,34.35477828979492,51.57925033569336,141.72999572753906,59.724632263183594,95.00113677978516,98.5898666381836,265.1066589355469,69.78178405761719
2019-08-09,34.005096435546875,51.22117233276367,141.25999450683594,59.64162826538086,94.85736083984375,98.30103302001953,263.30078125,69.69738006591797
2019-08-12,33.595703125,50.81427001953125,142.6300048828125,59.43418884277344,95.45794677734375,98.91767120361328,260.0956115722656,69.5132827758789
2019-08-13,34.02215576171875,51.29441833496094,141.77999877929688,59.69697570800781,95.11961364746094,98.83964538574219,264.140625,69.61300659179688
2019-08-14,33.041316986083984,49.886539459228516,142.75,59.164512634277344,95.75405883789062,99.12846374511719,256.3305358886719,68.55430603027344
2019-08-15,33.2630615234375,50.05742645263672,143.6999969482422,59.33736801147461,96.36311340332031,99.61238861083984,257.00775146484375,69.23707580566406
2019-08-16,33.72364044189453,50.65964126586914,142.77999877929688,59.53790283203125,96.10934448242188,99.79190826416016,260.7998352050781,69.9505615234375
2019-08-19,33.86009979248047,50.96889114379883,141.11000061035156,59.7108039855957,95.65252685546875,99.46407318115234,263.9418640136719,70.4568862915039
2019-08-20,33.92832946777344,50.79799270629883,142.2100067138672,59.759193420410156,96.07546997070312,100.04167938232422,261.91937255859375,69.95822143554688
2019-08-21,34.25244140625,51.156070709228516,141.75999450683594,60.015037536621094,95.82171630859375,100.22118377685547,264.0503234863281,70.24974822998047
2019-08-22,33.80892562866211,51.058414459228516,141.39999389648438,60.125701904296875,95.61021423339844,99.85435485839844,263.9689636230469,70.57196807861328
2019-08-23,33.30571365356445,50.42363739013672,144.1699981689453,59.84908676147461,96.25315856933594,100.22118377685547,257.1882629394531,69.58232116699219
2019-08-26,33.48482131958008,50.838687896728516,144.19000244140625,60.146446228027344,96.16007232666016,100.22899627685547,260.0324401855469,70.11933898925781
2019-08-27,33.54452896118164,50.79799270629883,145.57000732421875,60.11876678466797,96.57462310791016,100.76756286621094,259.0120849609375,69.91988372802734
2019-08-28,33.63834762573242,50.79799270629883,145.16000366210938,60.263999938964844,96.60845947265625,100.76756286621094,260.8360900878906,70.1500244140625
2019-08-29,34.01362991333008,51.237449645996094,144.1199951171875,60.32625961303711,96.42237854003906,100.54901885986328,264.1676025390625,70.6947250366211
2019-08-30,34.27802658081055,51.4409065246582,143.75,60.27091598510742,96.44772338867188,100.53340911865234,264.0503234863281,70.7484130859375
2019-09-03,34.064796447753906,51.34324264526367,145.75,60.09801483154297,96.6595687866211,100.43869018554688,262.50634765625,71.45420837402344
2019-09-04,34.63623809814453,52.06753921508789,146.66000366210938,60.22300720214844,96.81210327148438,100.62651824951172,265.48577880859375,72.05260467529297
2019-09-05,35.0285758972168,52.34423828125,143.13999938964844,60.4591064453125,96.03250885009766,99.89086151123047,268.8987731933594,71.53092193603516
2019-09-06,35.182098388671875,52.51513671875,141.9199981689453,60.5146598815918,96.09186553955078,100.2508316040039,269.10638427734375,71.69204711914062
2019-09-09,35.2929801940918,52.66975784301758,141.38999938964844,60.57719039916992,95.4986801147461,99.51519775390625,269.2417907714844,71.34681701660156
2019-09-10,35.31855773925781,52.759281158447266,140.17999267578125,60.611900329589844,94.8038330078125,98.677734375,269.1787109375,70.6103286743164
2019-09-11,35.5659065246582,53.05226135253906,141.02999877929688,60.60492706298828,94.71063995361328,98.5994644165039,271.0928649902344,70.68704223632812
2019-09-12,35.82176971435547,53.36149597167969,141.32000732421875,60.63968276977539,94.49877166748047,98.46636962890625,272.0318298339844,71.06297302246094
2019-09-13,36.02647399902344,53.66260528564453,140.14999389648438,60.52855682373047,93.63446807861328,97.58197784423828,271.8511962890625,70.30345916748047
2019-09-16,35.74501037597656,53.18246078491211,141.32000732421875,60.74382019042969,94.04118347167969,98.07508087158203,271.01165771484375,70.91719818115234
2019-09-17,35.74501037597656,53.36149597167969,141.60000610351562,60.77857208251953,94.28693389892578,98.32553100585938,271.6976623535156,71.68436431884766
2019-09-18,35.60002136230469,53.29639434814453,140.7100067138672,60.74382019042969,94.32083129882812,98.56812286376953,271.8602294921875,71.43887329101562
2019-09-19,35.455020904541016,53.47542953491211,141.27999877929688,60.674373626708984,94.3631820678711,98.84993743896484,271.8421936035156,71.69204711914062
2019-09-20,35.489139556884766,53.35335922241211,142.9499969482422,60.75075912475586,94.90547943115234,99.53081512451172,270.5578308105469,71.69204711914062
2019-09-23,35.523258209228516,53.21501159667969,143.75,60.72301483154297,95.04109954833984,99.46038818359375,270.4942626953125,71.80709838867188
2019-09-24,35.147979736328125,53.011558532714844,144.50999450683594,60.63968276977539,95.51561737060547,99.7734603881836,268.3717346191406,71.64779663085938
2019-09-25,35.12239456176758,52.856929779052734,141.8300018310547,60.57719039916992,94.88858795166016,99.20995330810547,269.95916748046875,71.7870101928711
2019-09-26,35.11386489868164,53.05226135253906,141.7899932861328,60.535491943359375,95.09193420410156,99.4212417602539,269.3967590332031,72.39020538330078
2019-09-27,34.66183090209961,52.87321853637695,141.05999755859375,60.466060638427734,95.22752380371094,99.4447250366211,267.9454040527344,71.9880599975586
2019-09-30,34.85799026489258,53.06853103637695,138.8699951171875,60.535491943359375,95.30376434326172,99.7734603881836,269.1881408691406,72.1117935180664
2019-10-01,34.610652923583984,52.54768371582031,139.6300048828125,60.39601516723633,95.56770324707031,99.88800811767578,265.9862060546875,71.4312744140625
2019-10-02,34.34625244140625,51.47345733642578,141.25999450683594,60.04044723510742,95.8987045288086,99.8487777709961,261.28759765625,71.12967681884766
2019-10-03,34.789772033691406,51.81526184082031,141.89999389648438,60.0753059387207,96.39938354492188,100.24113464355469,263.42828369140625,71.81792449951172
2019-10-04,34.94329071044922,52.222164154052734,141.89999389648438,60.26356887817383,96.58607482910156,100.65704345703125,266.9930419921875,72.25098419189453
2019-10-07,34.653297424316406,52.15705490112305,140.69000244140625,60.21476745605469,96.26358795166016,100.14698028564453,265.8410339355469,72.0963363647461
2019-10-08,34.40596008300781,51.66877746582031,141.9199981689453,59.99164962768555,96.46726989746094,100.06066131591797,261.7139587402344,71.71739959716797
2019-10-09,34.67035675048828,52.04312515258789,142.0500030517578,60.17292022705078,96.22117614746094,100.09990692138672,264.1993103027344,71.8565902709961
2019-10-10,35.0285758972168,52.40934371948242,140.80999755859375,60.24962615966797,95.61865234375,99.5113754272461,265.9862060546875,71.97261047363281
2019-10-11,35.591487884521484,53.34522247314453,140.02999877929688,60.50062942504883,94.96517944335938,99.33085632324219,268.7436828613281,71.94165802001953
2019-10-14,35.437965393066406,53.1254997253418,140.58999633789062,60.54246139526367,95.22822570800781,99.66046905517578,268.44439697265625,71.97261047363281
2019-10-15,35.75353240966797,53.74399185180664,139.61000061035156,60.67494583129883,94.7699966430664,99.3936767578125,271.10211181640625,72.06541442871094
2019-10-16,35.85588836669922,53.82536697387695,140.41000366210938,60.626155853271484,94.95665740966797,99.50350189208984,270.66656494140625,72.0731201171875
2019-10-17,35.99235153198242,53.95558166503906,140.61000061035156,60.70981216430664,94.9227294921875,99.64476776123047,271.4648742675781,72.54485321044922
2019-10-18,35.80471420288086,53.93116760253906,140.4600067138672,60.723724365234375,95.00758361816406,99.77031707763672,270.276611328125,73.1016616821289
2019-10-21,36.12881088256836,54.22412872314453,139.7899932861328,60.74466323852539,94.65963745117188,99.54276275634766,272.1089172363281,73.6584243774414
2019-10-22,36.15439987182617,54.093929290771484,140.1999969482422,60.758609771728516,94.88027954101562,99.71538543701172,271.2200012207031,73.44190216064453
2019-10-23,36.16292953491211,54.38689041137695,140.52999877929688,60.81439208984375,94.91423797607422,99.77031707763672,272.0091247558594,73.60429382324219
2019-10-24,36.16292953491211,54.484554290771484,141.52999877929688,60.88411331176758,94.8972396850586,99.99005126953125,272.4535217285156,73.41870880126953
2019-10-25,36.418800354003906,54.54151916503906,141.86000061035156,60.932952880859375,94.693603515625,99.8173828125,273.5691833496094,72.79229736328125
2019-10-28,36.63203430175781,54.78566360473633,140.63999938964844,60.92594528198242,94.33714294433594,99.51918029785156,275.1112060546875,72.35152435302734
2019-10-29,36.44438171386719,54.76939010620117,140.25,60.81439208984375,94.42203521728516,99.26026153564453,275.0296630859375,72.79229736328125
2019-10-30,36.6064338684082,54.99726104736328,141.02000427246094,60.737693786621094,94.88027954101562,99.61337280273438,275.8731994628906,73.05522918701172
2019-10-31,36.31645584106445,54.867042541503906,142.42999267578125,60.528526306152344,95.48284912109375,100.21757507324219,275.138427734375,72.92378997802734
2019-11-01,36.8623046875,55.3553352355957,142.55999755859375,60.788291931152344,95.30268096923828,100.31597900390625,277.6873474121094,72.90831756591797
2019-11-04,37.22904968261719,55.64017105102539,142.14999389648438,60.914337158203125,94.81820678710938,99.8438491821289,278.80303955078125,72.39791107177734
2019-11-05,37.44227981567383,55.53436279296875,139.85000610351562,60.851295471191406,94.30825805664062,99.26944732666016,278.49456787109375,71.16838073730469
2019-11-06,37.3228759765625,55.509944915771484,140.4499969482422,60.781288146972656,94.58021545410156,99.8281478881836,278.55810546875,71.32301330566406
2019-11-07,37.595802307128906,55.68084716796875,138.27000427246094,60.753265380859375,93.82377624511719,99.04914093017578,279.5377197265625,70.6115493774414
2019-11-08,37.25464630126953,55.64830017089844,137.38999938964844,60.809322357177734,93.69627380371094,98.91535949707031,280.2269592285156,70.44143676757812
2019-11-11,36.990234375,55.57505416870117,137.05999755859375,60.774269104003906,93.79824829101562,98.94685363769531,279.6919250488281,70.59610748291016
2019-11-12,36.75143051147461,55.59947967529297,137.42999267578125,60.788291931152344,93.84080505371094,99.04127502441406,280.2815246582031,70.0625228881836
2019-11-13,36.469970703125,55.40416717529297,137.97999572753906,60.725257873535156,94.09574127197266,99.27733612060547,280.3721923828125,70.70437622070312
2019-11-14,36.49556350708008,55.24953842163086,138.55999755859375,60.69026184082031,94.57170104980469,99.79663848876953,280.78033447265625,71.25341033935547
2019-11-15,36.78554916381836,55.59947967529297,138.2100067138672,60.872291564941406,94.49522399902344,99.81240844726562,282.8121643066406,71.64006805419922
2019-11-18,36.72584533691406,55.664581298828125,138.6199951171875,60.7952766418457,94.65670776367188,99.92253112792969,283.020751953125,71.9880599975586
2019-11-19,36.8026123046875,55.591331481933594,138.69000244140625,60.5782356262207,94.83519744873047,100.1192398071289,282.939208984375,72.1117935180664
2019-11-20,36.64054870605469,55.241390228271484,138.75999450683594,60.452186584472656,95.18365478515625,100.26087951660156,281.886962890625,72.0731201171875
2019-11-21,36.56378936767578,55.168155670166016,138.0,60.466217041015625,94.9457015991211,100.02483367919922,281.4334411621094,71.06009674072266
2019-11-22,36.56378936767578,55.322776794433594,137.74000549316406,60.697265625,94.92866516113281,100.30023193359375,282.0593566894531,70.79714965820312
2019-11-25,36.93053436279297,55.76223373413086,137.0800018310547,60.85832214355469,94.97117614746094,100.64641571044922,284.2453308105469,71.02141571044922
2019-11-26,36.819664001464844,55.72969055175781,137.74000549316406,60.92832565307617,95.14970397949219,100.90608215332031,284.8893737792969,71.9648666381836
2019-11-27,36.8623046875,55.87617492675781,137.00999450683594,61.00535583496094,94.9031982421875,100.89826202392578,286.1592102050781,72.30511474609375
2019-11-29,36.28233337402344,55.48554229736328,137.86000061035156,60.872291564941406,94.82670593261719,100.69367218017578,285.09796142578125,71.97261047363281
2019-12-02,36.273807525634766,55.200706481933594,137.7899932861328,60.83081817626953,94.48627471923828,100.25655364990234,282.6761169433594,70.88221740722656
2019-12-03,36.0861701965332,54.99726104736328,139.11000061035156,60.746463775634766,95.32887268066406,101.02977752685547,280.78033447265625,71.33848571777344
2019-12-04,36.359100341796875,55.5018196105957,138.9199981689453,60.929237365722656,94.96287536621094,100.89562225341797,282.5128173828125,71.63235473632812
2019-12-05,36.52115249633789,55.396018981933594,139.0,61.020633697509766,94.74156188964844,100.78521728515625,283.020751953125,71.6709976196289
2019-12-06,36.73436737060547,55.90058517456055,137.6199951171875,61.10497283935547,94.45220184326172,100.72994995117188,285.60595703125,71.81792449951172
2019-12-09,36.58938217163086,55.60761260986328,137.5800018310547,61.10497283935547,94.52880096435547,100.71415710449219,284.70794677734375,71.95713806152344
2019-12-10,36.717323303222656,55.632015228271484,137.97000122070312,61.252586364746094,94.41815185546875,100.71415710449219,284.3904113769531,71.53955078125
2019-12-11,37.25464630126953,55.92499542236328,138.9199981689453,61.37912368774414,94.8097152709961,101.10865020751953,285.1977233886719,70.81261444091797
2019-12-12,37.90283966064453,56.29935073852539,138.42999267578125,61.51968002319336,94.06067657470703,100.6432113647461,287.6558532714844,69.85371398925781
2019-12-13,37.88578414916992,56.68998718261719,139.0500030517578,61.58295440673828,94.61392211914062,101.29802703857422,287.8282775878906,69.86918640136719
2019-12-16,38.20722961425781,57.29568862915039,139.0399932861328,61.70244216918945,94.17131042480469,101.0692138671875,289.80560302734375,70.37181854248047
2019-12-17,38.5556640625,56.966495513916016,139.00999450683594,61.89226531982422,94.17984771728516,100.99031066894531,289.8691101074219,69.70677185058594
2019-12-18,38.76475143432617,56.89242935180664,139.02000427246094,62.004695892333984,93.92446899414062,100.9193344116211,289.88726806640625,70.55638885498047
2019-12-19,38.78217315673828,56.89242935180664,139.3800048828125,61.97224426269531,93.99774932861328,101.01896667480469,291.07550048828125,71.18169403076172
2019-12-20,38.86057662963867,56.9335823059082,139.52000427246094,61.880523681640625,93.99774932861328,100.98733520507812,292.3516540527344,71.5724868774414
2019-12-23,38.912837982177734,57.02410888671875,139.9499969482422,61.908756256103516,93.91255187988281,101.03479766845703,292.7983093261719,71.21295166015625
2019-12-24,38.825721740722656,56.966495513916016,141.27000427246094,61.95816421508789,94.07450103759766,101.13763427734375,292.807373046875,71.40055847167969
2019-12-26,39.10448455810547,57.2133903503418,142.3800048828125,62.04985427856445,94.21083068847656,101.31962585449219,294.3660888671875,71.71318054199219
2019-12-27,39.26127624511719,57.31214141845703,142.3300018310547,62.021636962890625,94.3472671508789,101.46197509765625,294.2931213378906,71.93986511230469
2019-12-30,38.999942779541016,56.88420104980469,142.6300048828125,61.979305267333984,94.28758239746094,101.6439437866211,292.6706237792969,72.01020050048828
2019-12-31,39.08706283569336,57.14756393432617,142.89999389648438,62.035762786865234,93.9466323852539,101.22466278076172,293.381591796875,72.52606964111328
2020-01-02,39.87977981567383,57.72364044189453,143.9499969482422,62.29676055908203,94.3813705444336,101.4382553100586,296.1252746582031,71.6740951538086
2020-01-03,39.13932418823242,57.00764846801758,145.86000061035156,62.23324203491211,95.01210021972656,101.78633880615234,293.8829650878906,72.11962127685547
2020-01-06,39.04350280761719,57.229854583740234,147.38999938964844,62.16975402832031,94.90979766845703,101.4461441040039,295.004150390625,72.20559692382812
2020-01-07,39.017372131347656,57.073482513427734,147.97000122070312,62.11334228515625,94.77342987060547,101.18511962890625,294.17462158203125,71.40055847167969
2020-01-08,39.243858337402344,57.23808288574219,146.86000061035156,62.16975402832031,94.55181884765625,101.04269409179688,295.7424621582031,71.619384765625
2020-01-09,39.50518798828125,57.369747161865234,146.02999877929688,62.332027435302734,94.62004089355469,101.52527618408203,297.747802734375,71.580322265625
2020-01-10,39.714263916015625,57.155784606933594,146.91000366210938,62.353206634521484,94.82460021972656,101.8100357055664,296.8909606933594,72.12743377685547
2020-01-13,40.33275604248047,57.452049255371094,145.82000732421875,62.353206634521484,94.71378326416016,101.5648193359375,298.9328308105469,72.9950180053711
2020-01-14,40.106266021728516,57.50965881347656,145.69000244140625,62.34611511230469,94.90131378173828,101.69139099121094,298.47698974609375,72.72147369384766
2020-01-15,39.79267120361328,57.50965881347656,146.5399932861328,62.36024475097656,95.13996124267578,101.91287994384766,299.1515808105469,73.37801361083984
2020-01-16,40.045291900634766,57.74832534790039,146.30999755859375,62.381404876708984,94.9438705444336,102.05524444580078,301.6399841308594,73.96424102783203
2020-01-17,40.27178192138672,57.92115020751953,146.5800018310547,62.332027435302734,94.8671875,102.03946685791016,302.5788879394531,74.03459167480469
2020-01-21,39.2525749206543,57.46029281616211,146.74000549316406,62.197994232177734,95.2422103881836,102.52989959716797,301.98638916015625,74.73804473876953
2020-01-22,39.57487869262695,57.575496673583984,146.7899932861328,62.310848236083984,95.25926208496094,102.58527374267578,302.0228576660156,74.23780822753906
2020-01-23,39.16545867919922,57.43560028076172,147.1199951171875,62.12040328979492,95.49791717529297,102.71978759765625,302.36920166015625,74.86309051513672
2020-01-24,38.85185241699219,57.18870162963867,147.97999572753906,61.859397888183594,95.8388900756836,102.8938217163086,299.68017578125,74.60517120361328
2020-01-27,37.510337829589844,56.00360870361328,148.99000549316406,61.443199157714844,96.48664093017578,103.09156036376953,294.8764953613281,74.24562072753906
2020-01-28,37.82393264770508,56.53032684326172,147.66000366210938,61.97224426269531,96.16276550292969,103.03619384765625,297.966552734375,74.54264068603516
2020-01-29,38.006874084472656,56.53854751586914,148.4600067138672,61.9370002746582,96.62303924560547,103.36846160888672,297.720458984375,74.26905822753906
2020-01-30,37.44064712524414,56.489166259765625,148.47000122070312,62.0004768371582,96.71680450439453,103.43173217773438,298.6867370605469,74.32378387451172
2020-01-31,36.682777404785156,55.53452682495117,149.3300018310547,61.74651336669922,97.20267486572266,103.7007064819336,293.26312255859375,73.41709899902344
2020-02-03,37.092201232910156,55.666202545166016,148.36000061035156,61.73661804199219,97.1198501586914,103.61900329589844,295.441650390625,73.659423828125
2020-02-04,38.05043411254883,56.59615707397461,146.42999267578125,62.10496520996094,96.55654907226562,103.36520385742188,299.94451904296875,74.4175796508789
2020-02-05,38.26820373535156,57.139320373535156,146.61000061035156,62.35997772216797,96.1383056640625,103.3017349243164,303.4082946777344,74.4644775390625
2020-02-06,38.30305480957031,57.29568862915039,147.39999389648438,62.40956497192383,96.20661163330078,103.25416564941406,304.42926025390625,74.71460723876953
2020-02-07,37.771671295166016,56.752525329589844,147.7899932861328,62.317474365234375,96.66749572753906,103.6507568359375,302.8067321777344,74.6989517211914
2020-02-10,37.980735778808594,56.86773681640625,148.1699981689453,62.402503967285156,96.85525512695312,103.89659881591797,305.0673828125,75.53528594970703
2020-02-11,38.47727966308594,57.2545280456543,147.66000366210938,62.44501495361328,96.62483978271484,103.74588012695312,305.59600830078125,76.10588073730469
2020-02-12,38.999942779541016,57.452049255371094,147.5399932861328,62.60794448852539,96.37731170654297,103.69832611083984,307.5648498535156,76.55918884277344
2020-02-13,38.485984802246094,57.048797607421875,148.3800048828125,62.62919998168945,96.46268463134766,103.62693786621094,307.2366943359375,77.02034759521484
2020-02-14,38.503414154052734,56.95003890991211,149.0,62.62211990356445,96.70167541503906,103.88072204589844,307.72894287109375,77.81759643554688
2020-02-18,38.25078582763672,56.587928771972656,150.91000366210938,62.494590759277344,96.85525512695312,104.0789794921875,306.9359130859375,77.73161315917969
2020-02-19,38.529537200927734,56.777217864990234,151.7899932861328,62.522926330566406,96.83822631835938,103.93623352050781,308.4034423828125,76.68428039550781
2020-02-20,37.928470611572266,56.439796447753906,152.41000366210938,62.62919998168945,97.1198501586914,104.28523254394531,307.13653564453125,77.5987548828125
2020-02-21,37.710693359375,56.17644119262695,154.6999969482422,62.572505950927734,97.51246643066406,104.49140930175781,303.9734191894531,77.82542419433594
2020-02-24,36.29948425292969,53.92970657348633,156.08999633789062,61.89954376220703,98.27208709716797,104.5073013305664,293.8920593261719,76.76242065429688
2020-02-25,36.01201629638672,53.040889739990234,153.3000030517578,61.4673957824707,98.54518127441406,104.61040496826172,284.9864807128906,74.6833267211914
2020-02-26,36.29948425292969,53.10673522949219,153.97000122070312,61.53117752075195,98.49401092529297,104.22176361083984,283.9382629394531,73.87825012207031
2020-02-27,35.4283561706543,51.534847259521484,154.0,60.702335357666016,98.97193145751953,103.66658782958984,271.18609619140625,69.94674682617188
2020-02-28,35.29770278930664,51.22212219238281,148.3800048828125,60.95029067993164,100.08148193359375,104.83241271972656,270.0467224121094,68.25845336914062
2020-03-02,36.06427764892578,51.880496978759766,149.1999969482422,61.41277313232422,100.01313781738281,104.72828674316406,281.74151611328125,71.17386627197266
2020-03-03,35.82036209106445,51.46078109741211,153.88999938964844,61.1495361328125,101.17530059814453,105.92109680175781,273.674560546875,71.00972747802734
2020-03-04,36.45627975463867,52.999752044677734,154.16000366210938,61.9891242980957,100.95310974121094,106.07215881347656,285.1779479980469,73.69066619873047
2020-03-05,35.68970489501953,51.59245300292969,157.49000549316406,61.206424713134766,101.85037231445312,106.03241729736328,275.69818115234375,72.11181640625
2020-03-06,34.95796203613281,50.818851470947266,157.5500030517578,60.51626968383789,102.88436126708984,106.77191162109375,271.1405334472656,70.86903381347656
2020-03-09,32.57109832763672,46.876792907714844,157.80999755859375,57.91202926635742,103.80725860595703,104.1795654296875,249.96595764160156,65.40555572509766
2020-03-10,34.226219177246094,48.60504913330078,154.47999572753906,58.80142593383789,101.9016342163086,101.83372497558594,262.90045166015625,68.16885375976562
2020-03-11,32.63207244873047,46.12789535522461,153.92999267578125,57.520694732666016,100.88475036621094,98.4859390258789,250.08441162109375,64.0727310180664
2020-03-12,29.36538314819336,41.05834197998047,147.7899932861328,55.22239303588867,100.93604278564453,93.78624725341797,226.1570587158203,57.581966400146484
2020-03-13,31.48219871520996,43.54374313354492,143.27999877929688,56.95856857299805,100.27803039550781,97.84977722167969,245.49038696289062,62.60757827758789
2020-03-16,27.553457260131836,39.05027770996094,141.63999938964844,53.82779312133789,102.92703247070312,96.45817565917969,218.62791442871094,51.50869369506836
2020-03-17,29.45249366760254,40.951358795166016,143.55999755859375,54.332977294921875,100.34642028808594,92.50601196289062,230.43211364746094,54.48624038696289
2020-03-18,26.908832550048828,38.605873107910156,140.6999969482422,51.93510055541992,98.95354461669922,87.87796020507812,218.76461791992188,49.30309295654297
2020-03-19,27.117897033691406,39.20664978027344,138.0399932861328,50.76816940307617,99.27825164794922,83.5361099243164,219.2294921875,49.47638702392578
2020-03-20,27.318260192871094,38.72108840942383,140.11000061035156,49.6297492980957,101.8076171875,84.87999725341797,209.78199768066406,47.01083755493164
2020-03-23,26.6649169921875,38.2684440612793,146.3000030517578,48.832801818847656,103.01251983642578,91.15418243408203,204.41827392578125,44.82886505126953
2020-03-24,28.668487548828125,41.510982513427734,153.39999389648438,50.8464469909668,102.31182861328125,93.0229263305664,222.939208984375,48.86196517944336
2020-03-25,29.678991317749023,42.86067199707031,151.3000030517578,52.27665710449219,102.37159729003906,97.47602081298828,226.27662658691406,51.4929313659668
2020-03-26,30.802730560302734,44.7781982421875,153.24000549316406,54.66741180419922,102.61942291259766,97.55558776855469,239.48887634277344,55.124305725097656
2020-03-27,29.05177879333496,43.502586364746094,152.25,54.809722900390625,103.37995910644531,97.35676574707031,232.35557556152344,55.179447174072266
2020-03-30,29.530899047851562,44.38317108154297,152.9199981689453,55.27933883666992,103.61922454833984,98.54161834716797,239.90151977539062,56.384647369384766
2020-03-31,29.731252670288086,43.99637222290039,148.0500030517578,54.838191986083984,103.80725860595703,98.21559143066406,236.3256072998047,55.02189636230469
2020-04-01,28.459421157836914,42.045921325683594,149.4499969482422,53.3328971862793,104.22987365722656,96.78855895996094,225.6898193359375,51.40628433227539
2020-04-02,29.417652130126953,42.86888885498047,151.89999389648438,53.74763488769531,104.2469482421875,97.0436782836914,230.89772033691406,51.57958984375
2020-04-03,28.860137939453125,41.88955307006836,152.64999389648438,52.59634017944336,104.323974609375,96.54145812988281,227.56028747558594,50.83124923706055
2020-04-06,30.436857223510742,44.111595153808594,156.8800048828125,53.87636947631836,103.8534164428711,98.44676208496094,242.8446502685547,54.59653091430664
2020-04-07,30.593658447265625,44.358482360839844,156.0399932861328,53.87636947631836,103.39139556884766,98.5982437133789,243.0922088623047,55.100669860839844
2020-04-08,30.907264709472656,44.72058868408203,154.64999389648438,55.2779655456543,103.26313018798828,100.37596893310547,251.25245666503906,58.85806655883789
2020-04-09,30.794008255004883,45.73284912109375,158.69000244140625,58.896461486816406,103.48555755615234,105.095458984375,255.07583618164062,62.15859603881836
2020-04-13,30.837575912475586,45.29668045043945,161.41000366210938,58.05259704589844,103.26313018798828,104.07503509521484,252.7469940185547,59.54336929321289
2020-04-14,31.54317283630371,46.10319900512695,162.67999267578125,58.295738220214844,103.39997863769531,103.56480407714844,260.201171875,61.21332931518555
2020-04-15,30.73303985595703,44.66299057006836,161.85000610351562,57.75224304199219,104.323974609375,104.25838470458984,254.6724853515625,58.78715896606445
2020-04-16,30.898557662963867,44.68767166137695,161.7100067138672,57.695045471191406,104.43515014648438,103.74020385742188,255.90106201171875,58.11762237548828
2020-04-17,31.58673095703125,45.872764587402344,158.57000732421875,57.9882698059082,104.161376953125,104.08299255371094,262.8142395019531,59.95298767089844
2020-04-20,31.186017990112305,45.18968963623047,159.6999969482422,57.11581802368164,104.43515014648438,103.49308013916016,258.1840515136719,57.7237663269043
2020-04-21,30.32361602783203,44.30910110473633,158.61000061035156,56.07174301147461,104.72604370117188,103.12633514404297,250.3448028564453,56.67609405517578
2020-04-22,31.15117645263672,45.05801773071289,161.72999572753906,56.56517791748047,104.40097045898438,103.19010925292969,255.90106201171875,57.5425910949707
2020-04-23,31.037935256958008,44.918113708496094,163.33999633789062,56.536582946777344,104.46939086914062,103.62862396240234,255.8826904296875,57.06208419799805
2020-04-24,30.994375228881836,45.436580657958984,162.63999938964844,56.00736618041992,104.4950180053711,103.55685424804688,259.4493408203125,57.30626678466797
2020-04-27,31.62157440185547,46.037357330322266,161.55999755859375,56.236228942871094,103.9389419555664,102.71977233886719,263.1902160644531,59.267669677734375
2020-04-28,31.682554244995117,46.38301086425781,160.83999633789062,56.407840728759766,104.39241027832031,102.99879455566406,261.97998046875,59.75605773925781
2020-04-29,32.6059455871582,47.54340362548828,161.72999572753906,57.40187072753906,104.34104919433594,103.67642974853516,268.8381652832031,60.654052734375
2020-04-30,31.917760848999023,46.55583953857422,158.8000030517578,57.51628112792969,104.09294128417969,102.974853515625,266.335205078125,59.95298767089844
2020-05-01,30.76788330078125,45.543575286865234,159.77999877929688,56.52415466308594,104.23686218261719,102.56729125976562,259.2843933105469,57.92856216430664
2020-05-04,31.098913192749023,45.52711486816406,160.33999633789062,56.44511413574219,104.25399017333984,102.72711944580078,259.99951171875,57.64499282836914
2020-05-05,31.273134231567383,45.609405517578125,161.02000427246094,56.93364715576172,104.1768798828125,102.5912857055664,262.4016418457031,57.92856216430664
2020-05-06,31.177309036254883,45.313140869140625,158.9499969482422,56.6103630065918,103.79149627685547,101.4404525756836,260.623046875,56.88876724243164
2020-05-07,31.4299373626709,45.9962158203125,161.38999938964844,56.754032135009766,104.42525482177734,101.712158203125,263.76788330078125,57.70011901855469
2020-05-08,32.09197998046875,46.778038024902344,160.4199981689453,57.29283905029297,104.0826644897461,101.22464752197266,268.1322326660156,59.070743560791016
2020-05-11,31.882911682128906,46.73688888549805,159.4199981689453,57.03422164916992,103.79149627685547,100.33757781982422,268.1871337890625,58.212127685546875
2020-05-12,31.760955810546875,46.144344329833984,160.0399932861328,56.96235656738281,104.13407135009766,101.3045883178711,262.841796875,55.56542205810547
2020-05-13,31.699974060058594,45.79045867919922,161.5800018310547,56.66065979003906,104.34818267822266,101.53634643554688,258.1932373046875,54.218421936035156
2020-05-14,31.821929931640625,45.354286193847656,163.00999450683594,56.46669387817383,104.51090240478516,102.37548065185547,261.2830810546875,54.40748596191406
2020-05-15,31.386371612548828,45.39543914794922,163.92999267578125,56.54568099975586,104.4424057006836,102.73509216308594,262.4842529296875,54.194786071777344
2020-05-18,32.61465072631836,47.23067092895508,162.69000244140625,57.54427719116211,103.80005645751953,103.31851959228516,270.4793701171875,57.40079116821289
2020-05-19,32.35331344604492,46.58051681518555,164.25999450683594,57.61611557006836,104.09126281738281,103.3984375,267.7012634277344,56.62882995605469
2020-05-20,32.78017044067383,47.551631927490234,164.64999389648438,58.22674560546875,104.11695098876953,104.5333023071289,272.2490234375,57.132972717285156
2020-05-21,32.40558624267578,47.000240325927734,162.25,58.212406158447266,104.18547058105469,104.45333862304688,270.3693542480469,57.180233001708984
2020-05-22,31.734825134277344,46.86856460571289,163.2100067138672,58.3560676574707,104.38246154785156,104.45333862304688,270.8828125,57.95219039916992
2020-05-26,32.43171310424805,48.21002197265625,160.88999938964844,58.7943115234375,104.1083755493164,104.30951690673828,274.2202453613281,60.118404388427734
2020-05-27,32.5362548828125,48.79433822631836,161.17999267578125,58.916446685791016,104.19403839111328,104.74105834960938,278.3003845214844,61.31574249267578
2020-05-28,32.30976486206055,49.25519561767578,161.72000122070312,58.97390365600586,104.09981536865234,104.8289794921875,277.78692626953125,61.60719299316406
2020-05-29,32.86727523803711,49.082374572753906,162.91000366210938,59.210975646972656,104.43383026123047,105.5082778930664,279.0248107910156,60.99276351928711
2020-06-01,33.625152587890625,50.17693328857422,163.66000366210938,59.658843994140625,104.39269256591797,105.4617919921875,280.1524658203125,62.40277862548828
2020-06-02,34.42658233642578,50.64603042602539,162.60000610351562,60.25025939941406,104.22119140625,105.79830169677734,282.47210693359375,62.906925201416016
2020-06-03,35.22800827026367,51.855812072753906,159.60000610351562,60.53152084350586,103.60393524169922,105.73417663574219,286.2313537597656,64.9234619140625
2020-06-04,34.73147201538086,51.63359832763672,161.27999877929688,60.344032287597656,103.19247436523438,105.41374206542969,285.4795227050781,64.27754974365234
2020-06-05,35.64614486694336,52.52241897583008,158.00999450683594,60.913753509521484,102.67806243896484,105.95850372314453,292.79620361328125,66.71160125732422
2020-06-08,35.86391830444336,53.20549392700195,159.72000122070312,60.985904693603516,102.7895278930664,106.31103515625,296.3353271484375,68.36578369140625
2020-06-09,35.62001419067383,52.51419448852539,161.25999450683594,60.509910583496094,103.15816497802734,106.08674621582031,294.125732421875,67.23147583007812
2020-06-10,35.8813362121582,52.39897537231445,163.57000732421875,60.423343658447266,103.92974853515625,106.78367614746094,292.4845275878906,65.52212524414062
2020-06-11,34.00843811035156,49.592620849609375,162.38999938964844,58.87273406982422,104.29837799072266,105.50988006591797,275.6231384277344,61.31574249267578
2020-06-12,34.73147201538086,50.44851303100586,162.6199951171875,59.45694351196289,104.06690216064453,106.02264404296875,278.9237976074219,63.51347732543945
2020-06-15,34.41604995727539,50.655513763427734,162.3300018310547,60.03391647338867,103.98118591308594,107.52873992919922,281.5277404785156,64.41145324707031
2020-06-16,34.635093688964844,51.2815055847168,162.25,60.27910614013672,103.76689147949219,107.23231506347656,286.94659423828125,65.6796646118164
2020-06-17,34.96803283691406,51.47348403930664,162.55999755859375,59.99782180786133,103.92974853515625,107.02403259277344,285.7546691894531,64.72657012939453
2020-06-18,34.98556137084961,51.19804763793945,162.24000549316406,59.97620391845703,104.16117858886719,107.2643814086914,285.8646240234375,64.01758575439453
2020-06-19,34.9767951965332,50.9476432800293,164.02999877929688,59.77425003051758,104.19549560546875,107.34455871582031,284.23101806640625,63.08809280395508
2020-06-22,35.4061164855957,51.55694580078125,165.08999633789062,59.73097610473633,104.10118103027344,107.24034118652344,286.0543212890625,63.025089263916016
2020-06-23,35.74782943725586,51.84072494506836,166.47999572753906,59.81751251220703,104.06690216064453,107.04006958007812,287.3712463378906,62.7651252746582
2020-06-24,35.274696350097656,50.51362228393555,165.89999389648438,59.204498291015625,104.26409149169922,106.74360656738281,280.0408020019531,60.97700881958008
2020-06-25,35.42365264892578,51.2314338684082,165.8000030517578,59.22612380981445,104.2812271118164,106.85582733154297,283.04296875,61.75581359863281
2020-06-26,34.99431610107422,50.488582611083984,166.5399932861328,58.663551330566406,104.56415557861328,106.95198822021484,276.3203125,60.57050704956055
2020-06-29,35.15203094482422,50.897560119628906,166.6300048828125,58.331817626953125,104.6670150756836,107.44867706298828,280.3814697265625,61.73991775512695
2020-06-30,35.03813171386719,50.80575180053711,167.3699951171875,58.865509033203125,104.47842407226562,107.75306701660156,283.9730224609375,62.471797943115234
2020-07-01,35.43240737915039,50.99772644042969,166.6199951171875,59.04875564575195,104.31536102294922,108.17870330810547,285.9622497558594,63.911678314208984
2020-07-02,36.23849105834961,51.55694580078125,166.97999572753906,59.48332977294922,104.44406127929688,108.44364166259766,287.53704833984375,63.72870635986328
2020-07-06,37.798072814941406,52.39994812011719,167.97999572753906,59.91061019897461,104.28962707519531,108.72470092773438,291.975830078125,63.69689178466797
2020-07-07,37.16722869873047,51.6320686340332,169.0399932861328,59.51226806640625,104.624267578125,108.8692398071289,288.9644470214844,62.432029724121094
2020-07-08,38.131019592285156,52.06609344482422,170.08999633789062,59.6716423034668,104.46121978759766,108.6926040649414,291.1746520996094,62.344520568847656
2020-07-09,38.131019592285156,51.47348403930664,169.6300048828125,59.54129409790039,104.79590606689453,109.30284118652344,289.5169982910156,61.954708099365234
2020-07-10,37.88569259643555,52.024356842041016,169.19000244140625,59.74406433105469,104.58991241455078,109.10210418701172,292.47308349609375,62.145633697509766
2020-07-13,37.6316032409668,51.690486907958984,169.39999389648438,59.418121337890625,104.7015151977539,108.81305694580078,289.9406433105469,61.405799865722656
2020-07-14,37.684173583984375,52.45002746582031,170.19000244140625,59.92511749267578,104.69286346435547,109.44735717773438,293.6979675292969,61.92288589477539
2020-07-15,37.798072814941406,53.04263687133789,170.33999633789062,60.265506744384766,104.65863037109375,109.66421508789062,296.39617919921875,62.527469635009766
2020-07-16,37.263607025146484,52.70043182373047,168.72999572753906,60.32345199584961,104.73579406738281,109.96935272216797,295.4200744628906,61.779701232910156
2020-07-17,37.47389221191406,53.00925827026367,170.1199951171875,60.490028381347656,104.71009063720703,110.26644134521484,296.2764892578125,62.583168029785156
2020-07-20,37.955780029296875,53.26799774169922,170.94000244140625,60.8521728515625,104.77873992919922,110.57152557373047,298.6708984375,61.83538055419922
2020-07-21,38.306251525878906,53.376502990722656,173.0,61.1346435546875,104.89029693603516,110.71613311767578,299.3062438964844,61.986541748046875
2020-07-22,38.139774322509766,53.51839828491211,175.6300048828125,61.25774383544922,104.92462158203125,111.07743835449219,301.0099792480469,62.93319320678711
2020-07-23,37.8331184387207,53.09272384643555,177.17999267578125,61.214290618896484,105.02755737304688,111.15777587890625,297.4184265136719,62.670684814453125
2020-07-24,37.798072814941406,52.80059051513672,178.6999969482422,61.27225875854492,104.97611236572266,110.90880584716797,295.5029296875,62.20927810668945
2020-07-27,38.38511276245117,53.493350982666016,182.22999572753906,61.41707229614258,104.81305694580078,110.57152557373047,297.6579895019531,62.79796600341797
2020-07-28,38.06968688964844,53.151153564453125,183.75,61.25774383544922,105.06188201904297,110.45916748046875,295.77008056640625,64.04691314697266
2020-07-29,38.68301773071289,53.71036911010742,185.1300048828125,61.598148345947266,105.1991958618164,111.06140899658203,299.4076232910156,65.28793334960938
2020-07-30,38.19235610961914,52.91743850708008,183.75999450683594,61.728515625,105.34503173828125,110.94091033935547,298.3393859863281,64.86630249023438
2020-07-31,37.929508209228516,51.790653228759766,185.42999267578125,61.84437942504883,105.37076568603516,111.09355926513672,300.6968688964844,64.7469711303711
2020-08-03,38.19235610961914,52.80059051513672,185.63999938964844,61.859676361083984,105.31926727294922,111.24238586425781,302.787353515625,63.887813568115234
2020-08-04,38.700531005859375,53.09272384643555,189.58999633789062,61.837833404541016,105.6799545288086,111.65277099609375,303.95697021484375,64.8424301147461
2020-08-05,39.121097564697266,53.26799774169922,191.35000610351562,61.94691848754883,105.3278579711914,111.49986267089844,305.8448181152344,64.51626586914062
2020-08-06,39.24375534057617,53.326419830322266,193.88999938964844,62.0850830078125,105.4480972290039,111.97463989257812,307.88922119140625,64.61967468261719
2020-08-07,38.437679290771484,53.109413146972656,190.80999755859375,61.932373046875,105.22477722167969,111.66079711914062,308.1102294921875,65.54248809814453
2020-08-10,38.5340576171875,53.284690856933594,190.14999389648438,61.96146011352539,105.11314392089844,111.41944885253906,309.03118896484375,65.6458969116211
2020-08-11,38.428916931152344,53.47665786743164,179.94000244140625,61.40155029296875,104.75247192382812,110.71931457519531,306.480224609375,64.6992416381836
2020-08-12,38.945858001708984,54.66188049316406,179.10000610351562,61.41609573364258,104.4433364868164,110.44574737548828,310.75323486328125,65.35155487060547
2020-08-13,38.83195877075195,54.41982650756836,183.3300018310547,61.24886703491211,104.22863006591797,109.44789123535156,310.1914978027344,64.54808044433594
2020-08-14,38.76185989379883,54.08596420288086,182.5399932861328,61.139808654785156,104.28013610839844,108.96509552001953,310.2007751464844,64.5560531616211
2020-08-17,39.252525329589844,54.49495315551758,186.5,61.50335693359375,104.451904296875,109.19038391113281,311.18603515625,65.08108520507812
2020-08-18,39.20871353149414,54.4615592956543,188.17999267578125,61.59788131713867,104.63223266601562,109.50421905517578,311.8583984375,64.77083587646484
2020-08-19,38.7268180847168,54.219512939453125,182.24000549316406,61.42336654663086,104.49482727050781,109.21451568603516,310.5599060058594,63.633243560791016
2020-08-20,38.60414505004883,54.044227600097656,183.5,61.626956939697266,104.7954330444336,109.60077667236328,311.52679443359375,64.23783111572266
2020-08-21,38.79691696166992,53.768795013427734,182.02999877929688,61.61970138549805,104.87271118164062,109.80197143554688,312.6319274902344,64.34125518798828
2020-08-24,39.226234436035156,54.478248596191406,181.0,61.90330123901367,104.7266845703125,109.6088638305664,315.79986572265625,64.75492858886719
2020-08-25,39.620506286621094,54.51164627075195,181.22000122070312,61.96875,104.47770690917969,109.13406372070312,316.905029296875,64.9219970703125
2020-08-26,39.72565460205078,54.82881164550781,183.36000061035156,61.96146011352539,104.43474578857422,109.17431640625,320.0821533203125,64.3253402709961
2020-08-27,39.392704010009766,54.269588470458984,181.24000549316406,61.86693572998047,104.06546020507812,108.30522918701172,320.78204345703125,65.27201080322266
2020-08-28,39.90965270996094,54.653541564941406,184.38999938964844,61.9178466796875,104.23719787597656,108.6351089477539,322.85406494140625,65.70159912109375
2020-08-31,39.02470779418945,54.236209869384766,184.8300018310547,61.830589294433594,104.34883880615234,109.11797332763672,321.68450927734375,65.03335571289062
2020-09-01,39.69060516357422,54.29463195800781,185.0500030517578,62.167137145996094,104.6908950805664,109.8074951171875,324.7143249511719,65.08108520507812
2020-09-02,39.58546447753906,55.02078628540039,182.6199951171875,62.24018096923828,104.83696746826172,110.24295043945312,329.4110412597656,66.29027557373047
2020-09-03,38.83195877075195,53.77713394165039,181.13999938964844,61.853187561035156,104.97449493408203,110.00102233886719,318.0745849609375,65.4947509765625
2020-09-04,38.8494758605957,53.852256774902344,181.63999938964844,61.6853141784668,104.3901138305664,108.83169555664062,315.4776306152344,65.15269470214844
2020-09-08,38.17483139038086,53.19287872314453,181.2899932861328,61.3421516418457,104.61353302001953,108.9365234375,306.85784912109375,64.35714721679688
2020-09-09,38.74434280395508,54.186126708984375,183.0500030517578,61.82404327392578,104.56198120117188,109.00910186767578,312.9174499511719,64.99356842041016
2020-09-10,38.12226104736328,53.551788330078125,182.4600067138672,61.531982421875,104.6908950805664,109.08971405029297,307.4840087890625,64.19806671142578
2020-09-11,38.49025344848633,54.08596420288086,182.4499969482422,61.656089782714844,104.8541488647461,109.17034149169922,307.640625,63.840091705322266
2020-09-14,39.11233139038086,54.37810134887695,183.88999938964844,61.590362548828125,104.75963592529297,109.44457244873047,311.6926574707031,65.39929962158203
2020-09-15,39.524131774902344,54.7286491394043,183.4499969482422,61.758331298828125,104.70805358886719,109.5655746459961,313.26727294921875,66.18683624267578
2020-09-16,39.47156524658203,54.7286491394043,183.97000122070312,61.758331298828125,104.64793395996094,109.63812255859375,312.0241394042969,66.536865234375
2020-09-17,39.3138542175293,54.803768157958984,182.9600067138672,61.69259262084961,104.6822738647461,109.66233825683594,309.27984619140625,65.24018096923828
2020-09-18,39.0071907043457,54.36140060424805,183.1999969482422,61.539249420166016,104.58775329589844,109.46070861816406,305.7191467285156,63.76848220825195
2020-09-21,38.6479606628418,52.98420715332031,179.52000427246094,61.042808532714844,104.77684020996094,109.35585021972656,302.31658935546875,61.851287841796875
2020-09-22,38.358821868896484,52.96751403808594,178.64999389648438,61.25455856323242,104.77684020996094,109.42037963867188,305.3955383300781,62.59111022949219
2020-09-23,37.76301956176758,52.52515411376953,174.7899932861328,60.63399887084961,104.77684020996094,108.63008117675781,298.3131103515625,60.705745697021484
2020-09-24,37.587799072265625,52.47507858276367,175.44000244140625,60.67044448852539,104.82838439941406,108.35586547851562,299.10821533203125,61.03191375732422
2020-09-25,37.62284469604492,52.65034866333008,174.94000244140625,60.560951232910156,104.91435241699219,108.2429428100586,303.9438781738281,62.29053497314453
2020-09-28,38.043399810791016,53.443275451660156,176.6999969482422,60.955177307128906,104.89714813232422,108.79130554199219,308.9922790527344,63.56523513793945
2020-09-29,38.01711654663086,53.384849548339844,178.19000244140625,61.006282806396484,104.97449493408203,108.65428161621094,307.3094787597656,63.1082649230957
2020-09-30,38.63043212890625,53.1260986328125,177.1199951171875,61.25455856323242,104.6908950805664,108.63810729980469,309.6394958496094,63.3006706237793
2020-10-01,38.98966598510742,53.434932708740234,178.6999969482422,61.46498489379883,104.7502212524414,108.94038391113281,311.6274108886719,64.56732177734375
2020-10-02,38.542823791503906,53.326419830322266,178.5399932861328,61.46498489379883,104.64705657958984,108.95657348632812,308.6686096191406,65.68164825439453
2020-10-05,39.05976486206055,54.136043548583984,179.41000366210938,61.92688751220703,103.98490142822266,108.59286499023438,314.1424255371094,66.05844116210938
2020-10-06,39.12985610961914,53.560123443603516,177.3000030517578,61.78759002685547,104.22566223144531,108.50394439697266,309.67645263671875,65.62554168701172
2020-10-07,39.55917739868164,54.01919174194336,177.22000122070312,62.007537841796875,103.92467498779297,108.5362777709961,315.0669250488281,65.72173309326172
2020-10-08,39.88336944580078,54.39479446411133,177.85000610351562,62.14686584472656,104.1138687133789,108.80300903320312,317.859130859375,66.8200454711914
2020-10-09,40.15497970581055,54.820465087890625,181.0800018310547,62.28615188598633,104.0622787475586,109.05351257324219,320.6976318359375,66.55548858642578
2020-10-12,40.50544357299805,55.137630462646484,180.55999755859375,62.60142517089844,104.174072265625,109.6839370727539,325.85693359375,66.8681640625
2020-10-13,40.33897399902344,54.51998519897461,177.72000122070312,62.32282257080078,104.40625,109.5788803100586,323.7303771972656,65.72173309326172
2020-10-14,40.067359924316406,54.42817306518555,178.27000427246094,62.168846130371094,104.44063568115234,109.6839370727539,321.6962585449219,64.92005920410156
2020-10-15,39.77822494506836,53.78548812866211,178.9199981689453,62.12483596801758,104.32884979248047,109.57080841064453,321.2987060546875,65.25678253173828
2020-10-16,39.91841506958008,54.03588104248047,178.3000030517578,62.051513671875,104.26869201660156,109.38488006591797,321.1045837402344,64.79179382324219
2020-10-19,39.804508209228516,53.8355598449707,178.38999938964844,61.831581115722656,104.0966567993164,109.17477416992188,316.22259521484375,63.781654357910156
2020-10-20,40.24258804321289,54.102657318115234,179.25,62.051513671875,103.87308502197266,108.94849395751953,317.48931884765625,64.23863220214844
2020-10-21,40.35649490356445,53.84391403198242,180.60000610351562,62.044212341308594,103.7354507446289,108.77068328857422,316.8883056640625,64.04622650146484
2020-10-22,40.34772872924805,53.88563919067383,178.8300018310547,62.154197692871094,103.3742904663086,108.5281982421875,318.62652587890625,64.03822326660156
2020-10-23,40.58430480957031,54.236209869384766,178.63999938964844,62.22748947143555,103.52050018310547,108.80300903320312,319.7083435058594,64.42302703857422
2020-10-26,40.05859375,53.2596549987793,178.5500030517578,61.67759323120117,103.79568481445312,109.029296875,313.8002014160156,63.5010871887207
2020-10-27,40.233829498291016,52.842323303222656,179.02000427246094,61.70694351196289,104.02787017822266,109.47381591796875,312.7182312011719,62.48295593261719
2020-10-28,39.226234436035156,51.264808654785156,176.1300048828125,61.19367599487305,104.01927185058594,108.93229675292969,302.02996826171875,60.9918212890625
2020-10-29,39.620506286621094,51.50687026977539,175.39999389648438,61.36964416503906,103.58069610595703,108.64940643310547,305.0997009277344,61.80954360961914
2020-10-30,39.17366027832031,51.23977279663086,176.1999969482422,61.50162887573242,103.24530792236328,108.08368682861328,301.91912841796875,61.40067672729492
2020-11-02,39.67308044433594,51.907501220703125,177.91000366210938,61.64817428588867,103.4225845336914,108.50727844238281,305.3030700683594,62.86774444580078
2020-11-03,39.84832000732422,53.26799774169922,178.9199981689453,62.178340911865234,103.19023132324219,108.612548828125,310.6934814453125,64.07831573486328
2020-11-04,41.10124588012695,53.852256774902344,178.82000732421875,62.76009750366211,104.0593032836914,110.24053955078125,317.6372375488281,64.19053649902344
2020-11-05,41.802181243896484,55.1459846496582,182.92999267578125,62.98099136352539,104.04212951660156,110.65361785888672,323.8321533203125,64.49516296386719
2020-11-06,41.99493408203125,55.26283645629883,183.19000244140625,62.76009750366211,103.6893310546875,110.30535125732422,323.75811767578125,64.05425262451172
2020-11-09,42.28407669067383,56.87372589111328,175.0800018310547,63.23871612548828,102.92350769042969,109.4710922241211,327.8263854980469,66.32301330566406
2020-11-10,41.802181243896484,57.382877349853516,175.66000366210938,63.150352478027344,102.63091278076172,109.18761444091797,327.3455505371094,67.29304504394531
2020-11-11,42.07379150390625,57.866973876953125,174.89999389648438,63.12824249267578,102.79437255859375,109.39009857177734,329.7772521972656,67.54956817626953
2020-11-12,41.75837326049805,57.02397537231445,175.9600067138672,62.701175689697266,103.37956237792969,109.82746124267578,326.57818603515625,66.66771697998047
2020-11-13,42.34541320800781,57.900367736816406,177.16000366210938,62.91472244262695,103.24188995361328,109.95706939697266,331.0995178222656,68.44746398925781
2020-11-16,42.87111282348633,58.501312255859375,177.14999389648438,63.26818084716797,103.1644058227539,110.31343078613281,335.2323913574219,69.21707153320312
2020-11-17,42.827301025390625,58.4428825378418,176.5,63.29022979736328,103.43118286132812,110.66981506347656,333.4293518066406,69.28120422363281
2020-11-18,42.678348541259766,58.13406753540039,175.49000549316406,63.172447204589844,103.39675903320312,110.90470123291016,329.41668701171875,67.93437194824219
2020-11-19,42.748443603515625,58.543052673339844,175.16000366210938,63.385982513427734,103.50863647460938,111.52027893066406,330.8034973144531,68.19892883300781
2020-11-20,42.98501205444336,58.718326568603516,175.69000244140625,63.26818084716797,103.6893310546875,111.42301177978516,328.538330078125,67.83016204833984
2020-11-23,43.09891891479492,58.64320755004883,172.22999572753906,63.363887786865234,103.48280334472656,111.56072998046875,330.5076904296875,67.95843505859375
2020-11-24,43.677188873291016,59.51960754394531,169.58999633789062,63.55534362792969,103.31930541992188,111.30968475341797,335.8333740234375,68.31917572021484
2020-11-25,43.43186569213867,59.44447708129883,169.50999450683594,63.5258674621582,103.35372924804688,111.37445068359375,335.3156433105469,68.35926055908203
2020-11-27,43.843666076660156,59.85346603393555,167.7899932861328,63.62898635864258,103.66350555419922,111.7713394165039,336.24957275390625,68.05462646484375
2020-11-30,42.69587707519531,58.55139923095703,166.6699981689453,63.562713623046875,103.59469604492188,112.16009521484375,334.7608642578125,67.34114837646484
2020-12-01,43.53700256347656,59.928592681884766,170.17999267578125,63.726097106933594,103.0435791015625,111.73481750488281,338.4223327636719,68.20696258544922
2020-12-02,43.59833526611328,59.93693161010742,171.4600067138672,63.90351104736328,102.87139129638672,111.36152648925781,339.1342468261719,67.66983032226562
2020-12-03,44.097747802734375,60.0370979309082,172.80999755859375,63.94047927856445,103.14692687988281,111.79974365234375,339.04180908203125,68.2390365600586
2020-12-04,44.55335998535156,60.546226501464844,172.32000732421875,64.20664978027344,102.74222564697266,111.18296813964844,341.96356201171875,69.28120422363281
2020-12-07,44.55335998535156,60.05377960205078,174.88999938964844,64.17704772949219,103.06082153320312,111.28034210205078,341.2608642578125,68.67993927001953
2020-12-08,44.570884704589844,60.26243591308594,175.5,64.12531280517578,103.16414642333984,111.15050506591797,342.2593688964844,68.43944549560547
2020-12-09,44.18537521362305,60.34591293334961,172.5,64.02920532226562,103.01774597167969,110.7447280883789,339.18975830078125,68.01455688476562
2020-12-10,44.754886627197266,60.42938232421875,172.1699981689453,64.1474609375,103.250244140625,111.29661560058594,339.0787658691406,67.71792602539062
2020-12-11,44.43946075439453,60.24576187133789,172.49000549316406,64.0809097290039,103.45690155029297,111.41020965576172,338.68115234375,67.6537857055664
2020-12-14,44.20840835571289,60.28282928466797,171.5399932861328,64.09571075439453,103.39663696289062,111.32904815673828,337.16485595703125,67.35716247558594
2020-12-15,44.68644332885742,60.89805221557617,173.94000244140625,64.29533386230469,103.29329681396484,111.54821014404297,341.7229919433594,68.73606872558594
2020-12-16,44.89889144897461,61.1340217590332,174.89999389648438,64.19923400878906,103.20716094970703,111.45891571044922,342.2593688964844,68.81621551513672
2020-12-17,45.19101333618164,61.5638427734375,176.74000549316406,64.29501342773438,103.13224792480469,111.62155151367188,344.17327880859375,69.48162078857422
2020-12-18,45.137908935546875,61.24359130859375,176.44000244140625,64.346923828125,103.04608154296875,111.5402603149414,342.7990417480469,68.08670806884766
2020-12-21,44.4739875793457,60.45981979370117,175.8800048828125,64.11681365966797,103.11500549316406,111.32067108154297,341.57330322265625,67.7018814086914
2020-12-22,44.11988830566406,60.30812454223633,174.49000549316406,64.19850158691406,103.28733825683594,111.62969207763672,340.9977111816406,68.17488861083984
2020-12-23,44.57135772705078,60.9570426940918,175.64999389648438,64.48799896240234,103.07191467285156,111.65408325195312,341.3041076660156,67.73395538330078
2020-12-24,44.376609802246094,60.98234176635742,176.35000610351562,64.6216049194336,103.21837615966797,112.03628540039062,342.6319885253906,68.32697296142578
2020-12-28,44.50054168701172,61.479549407958984,175.7100067138672,64.70330047607422,103.22700500488281,112.10945892333984,345.5754089355469,68.7342529296875
2020-12-29,45.16447067260742,61.875648498535156,176.35000610351562,64.6216049194336,103.20974731445312,112.15827941894531,344.9161376953125,68.14777374267578
2020-12-30,45.766422271728516,61.959930419921875,177.6999969482422,64.75526428222656,103.2787094116211,112.30465698242188,345.4081726074219,68.52247619628906
2020-12-31,45.7398681640625,61.48798370361328,178.36000061035156,64.8072280883789,103.34762573242188,112.32904815673828,347.1632385253906,69.18230438232422
2021-01-04,46.031982421875,61.808231353759766,182.3300018310547,64.67359161376953,103.37350463867188,111.75984954833984,342.4369201660156,66.9340591430664
2021-01-05,47.13853073120117,62.448726654052734,182.8699951171875,64.69586944580078,103.13224792480469,111.40198516845703,344.7954406738281,67.03177642822266
2021-01-06,46.74016571044922,63.165077209472656,179.89999389648438,64.57708740234375,102.52913665771484,110.49937438964844,346.85675048828125,67.14583587646484
2021-01-07,47.18278121948242,63.232513427734375,179.47999572753906,64.76268005371094,102.16726684570312,110.48306274414062,352.01019287109375,67.01549530029297
2021-01-08,48.43096160888672,63.82244873046875,173.33999633789062,64.85919952392578,101.87430572509766,110.40174102783203,354.0158996582031,67.66715240478516
2021-01-11,47.77589797973633,62.98810577392578,173.0,64.51030731201172,101.67615509033203,109.93009948730469,351.6294860839844,66.77113342285156
2021-01-12,48.24506378173828,63.27464294433594,174.1199951171875,64.59196472167969,101.658935546875,110.16590881347656,351.7037353515625,66.92589569091797
2021-01-13,48.351295471191406,63.19037628173828,173.3699951171875,64.78495788574219,102.01217651367188,111.01973724365234,352.6509094238281,67.74047088623047
2021-01-14,48.80276107788086,63.69602584838867,173.27999877929688,64.77009582519531,101.7795639038086,110.53999328613281,351.4159240722656,68.1396255493164
2021-01-15,48.112281799316406,62.701560974121094,171.1300048828125,64.66618347167969,102.05524444580078,110.71076202392578,348.8531494140625,68.92162322998047
2021-01-19,48.90898895263672,63.15666580200195,172.5800018310547,64.85175323486328,102.11559295654297,110.90595245361328,351.59234619140625,68.72614288330078
2021-01-20,49.76765823364258,63.58644485473633,175.38999938964844,64.97054290771484,102.15866088867188,110.87335968017578,356.4578857421875,70.0375747680664
2021-01-21,49.85618209838867,63.637027740478516,175.27999877929688,64.93341064453125,102.01217651367188,110.43428039550781,356.7829284667969,69.70359802246094
2021-01-22,49.42242431640625,63.33363342285156,173.89999389648438,64.8072280883789,102.16726684570312,110.3529281616211,355.52008056640625,69.86650848388672
2021-01-25,49.79421615600586,63.25779342651367,174.0500030517578,64.82208251953125,102.5808334350586,110.8245849609375,356.9222106933594,70.39600372314453
2021-01-26,49.4312744140625,63.350486755371094,173.6199951171875,64.72554016113281,102.54632568359375,110.81648254394531,356.36505126953125,70.89290618896484
2021-01-27,48.05916976928711,61.900936126708984,172.52000427246094,64.54000091552734,102.66698455810547,110.62129211425781,347.65533447265625,69.63843536376953
2021-01-28,48.39555358886719,62.29703140258789,172.67999267578125,64.73299407958984,102.39985656738281,110.44242095947266,350.6452331542969,70.01315307617188
2021-01-29,47.1916389465332,61.00761413574219,172.61000061035156,64.56222534179688,102.21894073486328,110.27159881591797,343.62542724609375,69.20671844482422
2021-02-01,48.46636962890625,61.73238754272461,174.22999572753906,64.76937866210938,102.34654235839844,110.48918151855469,349.3453369140625,70.7870101928711
2021-02-02,49.09488296508789,62.35602951049805,172.11000061035156,64.92583465576172,102.0879135131836,110.19587707519531,354.28515625,71.21058654785156
2021-02-03,49.34275817871094,62.50771713256836,171.85000610351562,64.97802734375,101.8378677368164,109.93506622314453,354.56378173828125,71.0313720703125
2021-02-04,49.360450744628906,62.575164794921875,168.14999389648438,65.11209869384766,101.80342102050781,110.12247467041016,358.5935974121094,71.52014923095703
2021-02-05,49.78536605834961,62.96281814575195,169.80999755859375,65.208984375,101.58787536621094,109.82916259765625,360.00494384765625,71.77265930175781
2021-02-08,49.8738899230957,63.401065826416016,171.52000427246094,65.40267181396484,101.63095092773438,110.30176544189453,362.6048583984375,72.16364288330078
2021-02-09,50.405029296875,63.746604919433594,172.0800018310547,65.28343963623047,101.70854187011719,110.13065338134766,362.3634033203125,72.41616821289062
2021-02-10,50.58208084106445,63.527462005615234,172.7100067138672,65.26854705810547,101.96722412109375,110.39141082763672,362.20556640625,72.80715942382812
2021-02-11,51.122066497802734,63.957275390625,171.2100067138672,65.29835510253906,101.8896255493164,110.09803771972656,362.7906188964844,72.9619369506836
2021-02-12,51.16632080078125,64.31124114990234,170.69000244140625,65.40267181396484,101.55337524414062,109.73955535888672,364.58258056640625,72.97820281982422
2021-02-16,51.29025650024414,64.7747573852539,168.24000549316406,65.29835510253906,100.82054138183594,108.9654541015625,364.2669677734375,72.41616821289062
2021-02-17,51.30796432495117,64.3955078125,166.3300018310547,65.27604675292969,100.88948059082031,109.51136016845703,364.35052490234375,72.32657623291016
2021-02-18,50.59977722167969,64.07527160644531,166.32000732421875,65.18663787841797,100.8808822631836,109.2995376586914,362.79986572265625,72.01699829101562
2021-02-19,50.927310943603516,64.26068115234375,167.00999450683594,65.19406127929688,100.4756851196289,108.50918579101562,362.15911865234375,72.43245697021484
2021-02-22,49.4312744140625,64.10055541992188,169.50999450683594,64.99288940429688,100.3118896484375,107.83284759521484,359.3735046386719,73.03523254394531
2021-02-23,49.6525764465332,64.15953826904297,169.1199951171875,65.14937591552734,100.38947296142578,107.91434478759766,359.8099670410156,73.49140167236328
2021-02-24,49.333900451660156,64.36180114746094,169.0,65.21643829345703,100.25151824951172,108.07733917236328,363.77484130859375,74.053466796875
2021-02-25,48.20965576171875,63.26621627807617,165.82000732421875,64.59798431396484,98.91516876220703,106.36618041992188,355.0093994140625,72.63610076904297
2021-02-26,47.56344223022461,62.37289047241211,161.80999755859375,64.40428924560547,99.80323028564453,107.77583312988281,353.1801452636719,71.57716369628906
2021-03-01,48.83816909790039,63.5443229675293,161.52999877929688,65.1273422241211,99.69103240966797,107.88115692138672,361.74127197265625,71.89483642578125
2021-03-02,48.360145568847656,63.476905822753906,162.41000366210938,65.03013610839844,99.8721923828125,107.75867462158203,358.9185791015625,71.20243835449219
2021-03-03,48.26276397705078,63.0892333984375,160.6199951171875,64.8207778930664,99.33737182617188,106.95855712890625,354.1644592285156,70.79517364501953
2021-03-04,47.13853073120117,62.49087142944336,159.0399932861328,64.57402038574219,98.84561157226562,106.08490753173828,349.7817687988281,69.98872375488281
2021-03-05,47.65196228027344,62.8953971862793,159.13999938964844,64.76844787597656,98.70757293701172,105.94612121582031,356.2165222167969,70.75440979003906
2021-03-08,46.36838150024414,62.67629623413086,157.49000549316406,64.29737091064453,98.31939697265625,104.95816802978516,354.4429626464844,71.3653564453125
2021-03-09,47.38638687133789,63.51905822753906,160.83999633789062,64.38709259033203,98.78524780273438,105.75017547607422,359.5035095214844,71.83782958984375
2021-03-10,47.1739387512207,63.78872299194336,161.66000366210938,64.5890121459961,98.99227142333984,106.24819946289062,361.74127197265625,72.55465698242188
2021-03-11,48.6611213684082,64.1258316040039,161.52000427246094,64.8282470703125,98.95775604248047,106.31355285644531,365.40911865234375,73.40180969238281
2021-03-12,47.79359817504883,64.28595733642578,161.49000549316406,64.64876556396484,98.24175262451172,105.08882904052734,365.9012145996094,74.6318130493164
2021-03-15,47.90867614746094,64.3365249633789,162.1999969482422,64.65631103515625,98.3625259399414,105.44805145263672,368.08331298828125,75.73966979980469
2021-03-16,48.112281799316406,64.44609069824219,162.35000610351562,64.50670623779297,98.34524536132812,105.37458038330078,367.6190185546875,75.43011474609375
2021-03-17,48.17424011230469,64.82532501220703,163.50999450683594,64.596435546875,98.18132781982422,105.47254943847656,368.8725280761719,75.49527740478516
2021-03-18,47.28901290893555,64.23539733886719,162.55999755859375,64.10295867919922,97.5688247680664,104.86836242675781,363.5055236816406,74.72956085205078
2021-03-19,47.873268127441406,64.41236877441406,163.24000549316406,64.34971618652344,97.50847625732422,105.02346801757812,362.83294677734375,73.71134948730469
2021-03-22,47.73162841796875,64.47137451171875,163.0,64.58150482177734,97.8276596069336,105.3990707397461,365.73016357421875,74.232666015625
2021-03-23,46.81985092163086,63.57803726196289,161.80999755859375,64.64876556396484,98.31073760986328,105.70933532714844,362.8515625,74.12678527832031
2021-03-24,45.74871826171875,63.25779342651367,162.3699951171875,64.68617248535156,98.44017028808594,106.02774810791016,361.0069274902344,73.71134948730469
2021-03-25,45.9611701965332,63.729732513427734,161.77999877929688,64.79833984375,98.31073760986328,105.90528106689453,363.03790283203125,74.46188354492188
2021-03-26,47.156227111816406,64.5556411743164,162.24000549316406,64.99273681640625,97.98295593261719,105.831787109375,368.88824462890625,76.06777954101562
2021-03-29,46.828704833984375,64.30281829833984,160.30999755859375,65.03013610839844,97.64651489257812,105.57870483398438,368.701904296875,75.6253433227539
2021-03-30,46.979183197021484,64.21853637695312,157.57000732421875,64.87313079833984,97.56022644042969,105.90528106689453,367.7237854003906,75.7236557006836
2021-03-31,47.21819305419922,63.940433502197266,159.9600067138672,65.18716430664062,97.42220306396484,106.18289947509766,369.2142333984375,75.26482391357422
2021-04-01,47.67852020263672,64.7747573852539,161.97999572753906,65.3252182006836,97.85379791259766,106.84881591796875,373.201416015625,76.63313293457031
2021-04-05,47.86441421508789,65.71867370605469,161.9199981689453,65.35520935058594,97.57758331298828,106.32524871826172,378.55804443359375,76.92809295654297
2021-04-06,48.129981994628906,65.0191650390625,163.22000122070312,65.46776580810547,98.0523452758789,107.03691864013672,378.33441162109375,77.1247329711914
2021-04-07,47.42179870605469,65.15400695800781,162.75999450683594,65.44522094726562,97.99189758300781,106.82421875,378.7722473144531,77.18209075927734
2021-04-08,47.811302185058594,65.52481842041016,164.50999450683594,65.46776580810547,98.32859802246094,107.21693420410156,380.5702819824219,76.89532470703125
2021-04-09,47.404090881347656,65.72708129882812,163.27000427246094,65.42273712158203,98.069580078125,106.99603271484375,383.3370361328125,76.80519104003906
2021-04-12,47.12081527709961,65.36468505859375,162.27999877929688,65.35520935058594,98.00916290283203,106.97151184082031,383.47674560546875,77.25581359863281
2021-04-13,47.31556701660156,65.74393463134766,163.42999267578125,65.40023040771484,98.41490936279297,107.44598388671875,384.6134033203125,77.64091491699219
2021-04-14,47.554588317871094,65.79450225830078,162.72000122070312,65.37020111083984,98.2940444946289,107.2987289428711,383.2998046875,77.23125457763672
2021-04-15,47.988346099853516,66.3423080444336,165.35000610351562,65.63279724121094,98.92416381835938,107.96135711669922,387.4173278808594,78.58316802978516
2021-04-16,48.112281799316406,66.82266998291016,166.35000610351562,65.49777221679688,98.6566162109375,107.22510528564453,388.7122802734375,78.75521850585938
2021-04-19,47.935237884521484,66.70468139648438,165.88999938964844,65.39276123046875,98.55302429199219,106.94696044921875,386.8025207519531,78.9109115600586
2021-04-20,47.54573059082031,65.50797271728516,166.47999572753906,65.28019714355469,98.84651947021484,107.15144348144531,383.9706115722656,79.55819702148438
2021-04-21,47.837860107421875,66.18218231201172,168.1300048828125,65.49777221679688,98.89830780029297,107.51960754394531,387.60369873046875,80.0825424194336
2021-04-22,47.6696662902832,65.96305847167969,167.0399932861328,65.37772369384766,98.97596740722656,107.6259536743164,384.063720703125,79.64830017089844
2021-04-23,48.360145568847656,66.63726043701172,166.39999389648438,65.55026245117188,98.84651947021484,107.7159423828125,388.2279052734375,80.11534118652344
2021-04-26,48.42211151123047,66.68782043457031,166.83999633789062,65.52027893066406,98.74288940429688,107.66688537597656,389.0384216308594,80.35294342041016
2021-04-27,48.39555358886719,66.46871948242188,166.4199981689453,65.43022918701172,98.35446166992188,107.18421936035156,388.9544982910156,80.34473419189453
2021-04-28,48.75850296020508,66.63726043701172,166.91000366210938,65.55778503417969,98.48393249511719,107.20055389404297,388.84271240234375,80.17269134521484
2021-04-29,48.64341735839844,66.66255950927734,166.22000122070312,65.63279724121094,98.31130981445312,107.06967163085938,391.32073974609375,80.86093139648438
2021-04-30,47.78473663330078,65.82821655273438,165.66000366210938,65.60279846191406,98.39762115478516,107.29051971435547,388.74951171875,81.18048095703125
2021-05-03,47.78473663330078,66.55299377441406,167.80999755859375,65.62840270996094,98.5652084350586,107.54875183105469,389.5880126953125,81.0248031616211
2021-05-04,47.24475860595703,65.56695556640625,166.5800018310547,65.59073638916016,98.69474029541016,107.61428833007812,387.18450927734375,80.50044250488281
2021-05-05,47.46605682373047,66.46028900146484,167.27000427246094,65.71873474121094,98.81568145751953,107.74549102783203,387.3056640625,79.16487884521484
2021-05-06,47.91753387451172,67.00808715820312,170.05999755859375,65.6961441040039,98.85888671875,107.95038604736328,390.3984680175781,79.60733032226562
2021-05-07,48.41325759887695,67.76656341552734,171.58999633789062,65.74132537841797,98.89344024658203,107.99136352539062,393.2398376464844,80.65609741210938
2021-05-10,47.54573059082031,67.40419006347656,172.11000061035156,65.59073638916016,98.69474029541016,107.4094009399414,389.3457946777344,80.63152313232422
2021-05-11,47.41294479370117,66.51927947998047,172.13999938964844,65.5229721069336,98.5306396484375,107.01599884033203,385.8709716796875,79.61553192138672
2021-05-12,46.10280227661133,65.45741271972656,170.42999267578125,65.20684814453125,98.05558013916016,106.43401336669922,377.6730041503906,77.59993743896484
2021-05-13,46.040836334228516,65.94619750976562,171.1300048828125,65.44017028808594,98.38380432128906,106.83563995361328,382.2098388671875,78.60774993896484
2021-05-14,46.872962951660156,67.05021667480469,172.69000244140625,65.65097045898438,98.59977722167969,107.41758728027344,388.078857421875,79.54179382324219
2021-05-17,46.828704833984375,66.92381286621094,174.6999969482422,65.5305404663086,98.50470733642578,107.29467010498047,387.09130859375,79.62373352050781
2021-05-18,47.457218170166016,67.06707763671875,175.0399932861328,65.37242126464844,98.50470733642578,106.94224548339844,383.75628662109375,79.64012145996094
2021-05-19,47.31556701660156,66.4771499633789,175.16000366210938,65.1993179321289,98.21105194091797,106.75372314453125,382.7501525878906,79.38612365722656
2021-05-20,47.589996337890625,67.3536148071289,175.9600067138672,65.47782135009766,98.61705017089844,107.483154296875,386.8677978515625,80.27922058105469
2021-05-21,47.04115676879883,67.44631958007812,176.0399932861328,65.57569122314453,98.65158081054688,107.55694580078125,386.5511169433594,80.197265625
2021-05-24,47.4306526184082,67.85926055908203,176.35000610351562,65.65097045898438,98.74659729003906,107.85205841064453,390.4916687011719,81.19685363769531
2021-05-25,47.89982604980469,67.87613677978516,177.9499969482422,65.65850830078125,99.10934448242188,108.2536849975586,389.625244140625,81.17228698730469
2021-05-26,48.25392150878906,67.83399200439453,177.63999938964844,65.68108367919922,98.99706268310547,108.19631958007812,390.3984680175781,81.53279876708984
2021-05-27,48.26276397705078,67.96040344238281,177.7100067138672,65.65097045898438,98.8243179321289,107.86843872070312,390.6034240722656,81.3443374633789
2021-05-28,48.572601318359375,68.12052917480469,178.3800048828125,65.62840270996094,98.81568145751953,107.95858764648438,391.30206298828125,81.83594512939453
2021-06-01,49.57291030883789,68.36492919921875,177.89999389648438,65.8255386352539,98.79754638671875,107.97254943847656,390.9574890136719,83.31077575683594
2021-06-02,49.6525764465332,68.59246826171875,178.77000427246094,65.90863037109375,98.90992736816406,108.14502716064453,391.5722351074219,84.2857894897461
2021-06-03,49.121437072753906,68.25537109375,175.27000427246094,65.77265167236328,98.65923309326172,107.71794891357422,390.11895751953125,83.97443389892578
2021-06-04,49.56406021118164,68.83688354492188,177.16000366210938,65.91616821289062,99.20378875732422,108.48174285888672,393.68695068359375,84.0154037475586
2021-06-07,49.31619644165039,69.06443786621094,177.8699951171875,65.93885040283203,99.12602233886719,108.39139556884766,393.30499267578125,85.00682067871094
2021-06-08,49.077178955078125,69.03072357177734,177.32000732421875,65.98414611816406,99.4112548828125,108.80204772949219,393.38885498046875,85.71143341064453
2021-06-09,48.93553924560547,68.84529876708984,176.97999572753906,66.03703308105469,99.722412109375,109.19625854492188,392.8019104003906,85.82613372802734
2021-06-10,49.327640533447266,69.03495025634766,177.74000549316406,66.15786743164062,100.07682800292969,109.68901824951172,394.6278991699219,86.44064331054688
2021-06-11,49.15870666503906,69.19728088378906,175.74000549316406,66.1805419921875,99.92986297607422,109.77933502197266,395.2799377441406,86.0965347290039
2021-06-14,49.29207229614258,69.31687927246094,174.7100067138672,66.12010955810547,99.61870574951172,109.37694549560547,396.16497802734375,86.4324722290039
2021-06-15,48.95421600341797,69.40229797363281,174.0500030517578,66.112548828125,99.63593292236328,109.4590835571289,395.43841552734375,85.50659942626953
2021-06-16,48.287384033203125,68.97515869140625,171.11000061035156,66.02192687988281,98.95313262939453,109.1469497680664,393.2304992675781,84.94945526123047
2021-06-17,48.55411911010742,68.49676513671875,165.85000610351562,66.0672378540039,99.30753326416016,109.75467681884766,393.1001281738281,84.84294891357422
2021-06-18,48.21625518798828,67.0786361694336,164.92999267578125,66.03703308105469,99.86933898925781,110.3295669555664,387.7970275878906,83.4009017944336
2021-06-21,48.42074966430664,67.95855712890625,166.9499969482422,66.16542053222656,99.5495376586914,109.68901824951172,393.3486633300781,85.12150573730469
2021-06-22,48.19847106933594,67.96710205078125,166.25,66.21073913574219,99.7311019897461,109.86968994140625,395.45159912109375,84.67906188964844
2021-06-23,48.491886138916016,67.53141021728516,166.13999938964844,66.14279174804688,99.53230285644531,109.69722747802734,394.9749450683594,84.5315933227539
2021-06-24,48.936439514160156,68.1806640625,166.0399932861328,66.3466796875,99.51496124267578,109.9107666015625,397.3114929199219,84.3492202758789
2021-06-25,49.34541702270508,68.3259048461914,166.58999633789062,66.41468048095703,99.30753326416016,109.62332153320312,398.72283935546875,84.91859436035156
2021-06-28,49.38987350463867,67.89022064208984,166.5800018310547,66.40711975097656,99.61870574951172,110.09146118164062,399.5265808105469,84.6710433959961
2021-06-29,49.354312896728516,67.90729522705078,164.8300018310547,66.49018859863281,99.6705551147461,110.2228775024414,399.7415771484375,84.43999481201172
2021-06-30,49.03423309326172,67.38619232177734,165.6300048828125,66.49774932861328,99.82615661621094,110.34602355957031,400.0780944824219,83.99440002441406
2021-07-01,48.758609771728516,67.54849243164062,166.1999969482422,66.62810516357422,99.75438690185547,110.24979400634766,402.2930908203125,84.35747528076172
2021-07-02,48.705265045166016,67.77916717529297,167.2899932861328,66.7342300415039,100.11759948730469,110.56242370605469,405.3680419921875,84.61328125
2021-07-06,47.85171890258789,67.33492279052734,168.1199951171875,66.69634246826172,100.64524841308594,110.96563720703125,404.6297302246094,85.23217010498047
2021-07-07,47.798377990722656,67.7022705078125,168.75999450683594,66.71904754638672,100.93931579589844,111.34412384033203,406.05963134765625,85.52922821044922
2021-07-08,46.802574157714844,66.83089447021484,168.64999389648438,66.57506561279297,101.1988296508789,111.40170288085938,402.75103759765625,85.2899169921875
2021-07-09,47.611663818359375,67.96710205078125,169.2100067138672,66.68870544433594,100.68848419189453,110.93272399902344,407.05035400390625,86.69271087646484
2021-07-12,47.65612030029297,68.25755310058594,169.0,66.6659927368164,100.63661193847656,110.87509155273438,408.50836181640625,87.43537902832031
2021-07-13,47.70057678222656,67.89875030517578,169.22000122070312,66.46893310546875,100.32518005371094,110.46366119384766,407.11578369140625,86.21412658691406
2021-07-14,47.90506362915039,68.05253601074219,171.0399932861328,66.57506561279297,100.75767517089844,110.97390747070312,407.7232666015625,86.81649017333984
2021-07-15,48.020652770996094,67.40326690673828,171.07000732421875,66.52960968017578,101.1815414428711,111.21244812011719,406.3306884765625,86.956787109375
2021-07-16,47.64723205566406,66.90778350830078,169.41000366210938,66.43866729736328,101.1641845703125,111.05609893798828,403.1436462402344,86.89901733398438
2021-07-19,46.84702682495117,65.69469451904297,169.61000061035156,65.99153137207031,102.02919006347656,111.85430145263672,397.1900329589844,85.31468963623047
2021-07-20,46.9981803894043,66.17308044433594,169.38999938964844,66.32496643066406,101.89940643310547,111.69792175292969,402.8819580078125,87.32810974121094
2021-07-21,47.30047607421875,67.18115997314453,168.75999450683594,66.48413848876953,101.3112564086914,111.30294799804688,406.1437072753906,87.3198471069336
2021-07-22,47.389381408691406,67.206787109375,169.08999633789062,66.52201843261719,101.5447998046875,111.76374816894531,406.9943542480469,86.626708984375
2021-07-23,46.68699645996094,67.67662811279297,168.55999755859375,66.65086364746094,101.38909912109375,111.71434020996094,411.18145751953125,87.34461212158203
2021-07-26,45.79787826538086,67.77061462402344,168.16000366210938,66.55231475830078,101.31990814208984,111.46754455566406,412.19085693359375,87.3858642578125
2021-07-27,44.87321472167969,67.49724578857422,168.44000244140625,66.46135711669922,101.75238037109375,111.94477081298828,410.312255859375,87.8809585571289
2021-07-28,46.09128952026367,67.78768157958984,169.2899932861328,66.51443481445312,101.8388671875,112.14222717285156,410.1440124511719,87.57565307617188
2021-07-29,46.32245635986328,68.25755310058594,171.1699981689453,66.6584243774414,101.5274887084961,111.82133483886719,411.8450012207031,87.59214782714844
2021-07-30,45.877906799316406,67.90729522705078,169.82000732421875,66.56746673583984,101.81292724609375,111.91185760498047,409.8449401855469,87.70768737792969
2021-08-02,46.206871032714844,68.24901580810547,169.61000061035156,66.40250396728516,102.25952911376953,112.23583221435547,408.9850769042969,87.51789093017578
2021-08-03,46.40247344970703,68.7359619140625,169.49000549316406,66.47852325439453,102.28551483154297,112.35124206542969,412.31231689453125,87.62517547607422
2021-08-04,46.642539978027344,68.53092956542969,169.52999877929688,66.35688781738281,102.25952911376953,112.37590789794922,410.28424072265625,87.35284423828125
2021-08-05,46.5714111328125,68.8641128540039,168.86000061035156,66.50891876220703,101.88736724853516,111.91432189941406,412.88250732421875,88.3760986328125
2021-08-06,46.180206298828125,68.60781860351562,164.63999938964844,66.43292236328125,101.29017639160156,110.99935150146484,413.5647277832031,88.21929931640625
2021-08-09,46.33135223388672,68.57363891601562,161.72000122070312,66.28087615966797,101.07381439208984,110.52128601074219,413.2283630371094,87.74893951416016
2021-08-10,46.39358139038086,68.72740173339844,161.77000427246094,66.1288070678711,100.88337707519531,110.27396392822266,413.74237060546875,86.91551971435547
2021-08-11,46.51805877685547,69.19728088378906,164.0,66.23521423339844,100.99589538574219,110.4471206665039,414.7703857421875,87.42711639404297
2021-08-12,46.109073638916016,69.13746643066406,164.0399932861328,66.34928894042969,100.89201354980469,110.60371398925781,416.0134582519531,87.61691284179688
2021-08-13,45.993492126464844,69.55607604980469,166.38999938964844,66.49372863769531,101.47191619873047,111.34557342529297,416.77056884765625,88.09552001953125
2021-08-16,45.57561111450195,69.19728088378906,167.22000122070312,66.51653289794922,101.69697570800781,111.41151428222656,417.751953125,87.9882583618164
2021-08-17,44.73984909057617,68.54802703857422,166.97000122070312,66.36448669433594,101.64501953125,111.21366119384766,415.013427734375,87.8974609375
2021-08-18,44.810977935791016,68.28318786621094,167.10000610351562,66.21243286132812,101.59307861328125,111.13951873779297,410.4711608886719,87.09705352783203
2021-08-19,44.04634475708008,67.60831451416016,166.61000061035156,66.2048110961914,101.818115234375,111.39498901367188,411.106689453125,87.51789093017578
2021-08-20,44.01077651977539,67.87313079833984,166.6999969482422,66.36448669433594,101.72289276123047,111.46923065185547,414.3778991699219,87.95523834228516
2021-08-23,44.677616119384766,68.50530242919922,168.72999572753906,66.56977844238281,101.74887084960938,111.55166625976562,418.0229797363281,87.79020690917969
2021-08-24,45.691192626953125,68.6505355834961,168.64999389648438,66.66100311279297,101.47191619873047,111.29610443115234,418.6865234375,87.40235900878906
2021-08-25,45.74454116821289,68.67615509033203,167.47999572753906,66.72940826416016,101.07381439208984,111.00763702392578,419.5650939941406,87.34461212158203
2021-08-26,45.30887985229492,68.31735229492188,167.6699981689453,66.69139099121094,101.07381439208984,110.97461700439453,417.0882568359375,87.37760162353516
2021-08-27,45.869014739990234,68.94097900390625,170.19000244140625,66.87387084960938,101.40267944335938,111.59285736083984,420.8174743652344,88.2935562133789
2021-08-30,45.96681594848633,68.92390441894531,169.35000610351562,66.95750427246094,101.60175323486328,111.78250122070312,422.6680908203125,89.17648315429688
2021-08-31,46.598087310791016,68.88971710205078,169.69000244140625,66.97270202636719,101.41133880615234,111.5268783569336,422.0418395996094,89.59732818603516
2021-09-01,47.19378662109375,69.51335906982422,169.6999969482422,67.02992248535156,101.45465087890625,111.67057800292969,422.2662048339844,91.03312683105469
2021-09-02,46.98039245605469,69.79528045654297,169.25,67.11377716064453,101.57588958740234,111.86878967285156,423.5653076171875,91.51172637939453
2021-09-03,47.22935104370117,70.11136627197266,171.05999755859375,67.12145233154297,101.3333969116211,111.46419525146484,423.46246337890625,91.52822875976562
2021-09-07,47.504974365234375,70.1626205444336,167.7100067138672,66.94600677490234,100.93497467041016,110.93571472167969,421.9483337402344,90.49677276611328
2021-09-08,46.811466217041016,69.60733795166016,167.2899932861328,67.02227020263672,101.2121353149414,111.2907485961914,421.434326171875,90.95061492919922
2021-09-09,46.722557067871094,69.48772430419922,168.02999877929688,67.08329010009766,101.4979248046875,112.01738739013672,419.6305236816406,89.10222625732422
2021-09-10,46.66920852661133,69.33396911621094,167.17999267578125,66.9841537475586,101.17750549316406,111.69535827636719,416.32183837890625,87.79845428466797
2021-09-13,46.79368591308594,69.88070678710938,167.74000549316406,67.15192413330078,101.29873657226562,111.96784973144531,417.3873291015625,88.392578125
2021-09-14,46.40247344970703,69.59024810791016,168.82000732421875,67.12145233154297,101.67985534667969,112.3063735961914,415.1349182128906,88.23579406738281
2021-09-15,46.39358139038086,69.79528045654297,167.8300018310547,67.22057342529297,101.50656127929688,112.1742935180664,418.6024169921875,88.51636505126953
2021-09-16,45.869014739990234,69.6842041015625,164.02999877929688,67.19770812988281,101.18616485595703,112.01738739013672,417.9388122558594,88.59061431884766
2021-09-17,45.67341232299805,68.77012634277344,163.77000427246094,67.11377716064453,100.89167785644531,111.76969909667969,413.8677062988281,87.79845428466797
2021-09-20,44.446434020996094,67.49724578857422,164.94000244140625,66.87739562988281,101.40270233154297,112.11649322509766,406.966796875,87.2621078491211
2021-09-21,44.77540969848633,68.16358947753906,166.0399932861328,66.99176788330078,101.34205627441406,112.10823822021484,406.58233642578125,87.3033447265625
2021-09-22,45.33555221557617,68.50530242919922,165.4199981689453,67.11377716064453,101.43731689453125,112.42196655273438,410.54852294921875,88.15328216552734
2021-09-23,45.691192626953125,69.24853515625,163.50999450683594,67.144287109375,100.51924896240234,111.64583587646484,415.53662109375,87.97998809814453
2021-09-24,45.14883804321289,68.59928131103516,163.3000030517578,67.045166015625,100.21613311767578,111.40636444091797,416.2210998535156,87.03925323486328
2021-09-27,45.4422492980957,68.55654907226562,163.63999938964844,66.9841537475586,99.9476318359375,111.34852600097656,415.0303649902344,85.86856842041016
2021-09-28,44.855438232421875,67.06156158447266,162.0500030517578,66.67910766601562,99.5665512084961,110.15950775146484,406.66668701171875,85.28736114501953
2021-09-29,44.43755340576172,66.90778350830078,161.32000732421875,66.80110931396484,99.67048645019531,110.1347427368164,407.3511657714844,85.92668151855469
2021-09-30,44.7932014465332,66.6429443359375,164.22000122070312,66.7248306274414,99.79173278808594,109.84574127197266,402.3724060058594,84.50688934326172
2021-10-01,44.748741149902344,66.80525970458984,164.58999633789062,66.88479614257812,100.19905853271484,110.6441421508789,407.154296875,85.70250701904297
2021-10-04,44.090797424316406,66.1047592163086,165.36000061035156,66.64754486083984,100.0777359008789,110.46209716796875,401.90362548828125,85.71910858154297
2021-10-05,44.401981353759766,66.55752563476562,164.58999633789062,66.61695098876953,99.76570892333984,110.00711059570312,406.08538818359375,85.12959289550781
2021-10-06,44.153038024902344,66.11328887939453,165.02999877929688,66.5787124633789,99.79173278808594,110.0401840209961,407.7731018066406,85.94329071044922
2021-10-07,45.015472412109375,66.62586975097656,164.16000366210938,66.58634185791016,99.39305114746094,109.55204010009766,411.298583984375,86.17576599121094
2021-10-08,45.18439483642578,66.61734008789062,164.22999572753906,66.38739776611328,99.1763916015625,109.04740142822266,410.54852294921875,85.36207580566406
2021-10-11,45.09549331665039,66.40376281738281,163.9199981689453,66.1807632446289,98.93368530273438,108.8405990600586,407.5762023925781,85.57797241210938
2021-10-12,44.864322662353516,66.43791961669922,164.66000366210938,66.30325317382812,99.38438415527344,109.53549194335938,406.57293701171875,86.69883728027344
2021-10-13,45.48670196533203,67.09573364257812,167.58999633789062,66.47923278808594,99.57506561279297,110.0898666381836,408.03558349609375,87.32986450195312
2021-10-14,45.62895202636719,67.7620849609375,168.0,66.85417175292969,99.80907440185547,110.61100769042969,414.8990783691406,88.39263153076172
2021-10-15,46.180206298828125,68.3259048461914,165.3300018310547,66.73937225341797,99.31504821777344,110.21391296386719,418.058837890625,88.32621002197266
2021-10-18,46.06461715698242,68.03544616699219,164.9199981689453,66.70878601074219,99.1763916015625,110.12289428710938,419.29644775390625,88.55038452148438
2021-10-19,46.6781005859375,68.44549560546875,165.4499969482422,66.75470733642578,98.821044921875,109.51897430419922,422.5312805175781,88.59191131591797
2021-10-20,46.66920852661133,68.6846923828125,166.89999389648438,66.77765655517578,98.77770233154297,109.25422668457031,424.1909484863281,89.98678588867188
2021-10-21,46.366912841796875,68.36007690429688,166.75,66.60930633544922,98.5177001953125,109.02256774902344,425.29730224609375,90.11133575439453
2021-10-22,46.26911163330078,68.77012634277344,167.77000427246094,66.4486083984375,98.76904296875,109.4610824584961,424.8566589355469,90.53479766845703
2021-10-25,46.50917053222656,68.6334457397461,168.92999267578125,66.5633773803711,98.8903579711914,109.51069641113281,427.13507080078125,90.82540130615234
2021-10-26,46.26911163330078,68.77012634277344,167.67999267578125,66.5787124633789,99.01168823242188,109.9822769165039,427.51947021484375,91.0744857788086
2021-10-27,45.89569091796875,68.49676513671875,168.1199951171875,66.525146484375,99.56639862060547,110.65238952636719,425.62554931640625,90.30232238769531
2021-10-28,45.94014358520508,69.16310119628906,168.0800018310547,66.69348907470703,99.30638122558594,110.48692321777344,429.7322998046875,91.56434631347656
2021-10-29,45.273311614990234,68.76158905029297,166.64999389648438,66.5174789428711,99.3497314453125,110.42906951904297,430.60430908203125,90.53479766845703
2021-11-01,45.62895202636719,69.42791748046875,167.52000427246094,66.44608306884766,99.34192657470703,110.2317123413086,431.3449401855469,90.983154296875
2021-11-02,45.219966888427734,69.28270721435547,167.16000366210938,66.60729217529297,99.58479309082031,110.65445709228516,433.0888977050781,91.41490936279297
2021-11-03,45.433349609375,69.84651947021484,165.77000427246094,66.73780059814453,99.27252197265625,110.37263488769531,435.7330322265625,91.72209930419922
2021-11-04,45.326656341552734,69.80381774902344,167.64999389648438,66.91434478759766,99.81024169921875,110.9529037475586,437.78643798828125,90.85030364990234
2021-11-05,45.273311614990234,69.90633392333984,169.83999633789062,67.16764831542969,100.35669708251953,111.76525115966797,439.305419921875,91.31525421142578
2021-11-08,45.691192626953125,69.89778900146484,170.4499969482422,67.08321380615234,99.92298126220703,111.50827026367188,439.680419921875,91.24053192138672
2021-11-09,45.51336669921875,69.7440185546875,171.2899932861328,67.1369400024414,100.38268280029297,111.80670928955078,438.2271728515625,91.39828491210938
2021-11-10,45.326656341552734,68.89826965332031,173.14999389648438,66.76083374023438,99.52404022216797,110.66275787353516,434.7016906738281,90.97483825683594
2021-11-11,46.109073638916016,69.14601135253906,174.1199951171875,66.64568328857422,99.20314025878906,110.3477554321289,434.8423156738281,91.1242904663086
2021-11-12,46.233543395996094,69.52188873291016,174.4499969482422,66.66869354248047,99.41130065917969,110.2317123413086,438.1240234375,91.05787658691406
2021-11-15,46.082401275634766,69.39376068115234,174.17999267578125,66.59194946289062,99.02099609375,109.39447021484375,438.2740173339844,91.69719696044922
2021-11-16,46.14463806152344,69.239990234375,172.9199981689453,66.62263488769531,98.93428039550781,109.21209716796875,440.0086364746094,91.0910873413086
2021-11-17,45.90458297729492,69.15455627441406,174.5,66.55355834960938,99.28987884521484,109.65148162841797,438.939697265625,91.37339782714844
2021-11-18,45.34444808959961,69.222900390625,173.94000244140625,66.49982452392578,99.35057067871094,109.90013122558594,440.43060302734375,91.3899917602539
2021-11-19,45.273311614990234,68.6334457397461,172.61000061035156,66.44608306884766,99.6194839477539,110.3145751953125,439.6430358886719,90.85030364990234
2021-11-22,44.908775329589844,68.23192596435547,168.74000549316406,66.19275665283203,98.89092254638672,109.35304260253906,438.40533447265625,90.40192413330078
2021-11-23,44.864322662353516,68.16358947753906,167.27999877929688,66.10063934326172,98.48328399658203,108.57383728027344,438.9866943359375,91.13259887695312
2021-11-24,44.80208206176758,67.7108154296875,167.1199951171875,66.08528900146484,98.78681945800781,109.09603881835938,440.15863037109375,92.23688507080078
2021-11-26,43.299495697021484,65.89118957519531,166.85000610351562,65.60936737060547,100.06177520751953,109.9830322265625,430.3418273925781,89.6712875366211
2021-11-29,43.46842956542969,66.2243423461914,166.6199951171875,66.01619720458984,99.83627319335938,110.05765533447266,435.62054443359375,90.33552551269531
2021-11-30,43.42396926879883,65.6434326171875,165.5,65.73987579345703,100.4347152709961,110.29801940917969,427.1444091796875,88.6251220703125
2021-12-01,43.584014892578125,65.2675552368164,166.16000366210938,65.74911499023438,100.62391662597656,110.31378936767578,422.40008544921875,87.163818359375
2021-12-02,44.11747360229492,66.0791244506836,165.24000549316406,66.23432922363281,100.4069595336914,110.57124328613281,428.86968994140625,89.77920532226562
2021-12-03,43.495094299316406,65.80575561523438,166.6300048828125,66.23432922363281,100.9971694946289,111.49302673339844,425.1379089355469,89.4803237915039
2021-12-06,43.83296203613281,66.43791961669922,166.22000122070312,66.52699279785156,100.49374389648438,110.92835235595703,430.1730041503906,91.04957580566406
2021-12-07,44.526466369628906,67.8389663696289,166.80999755859375,66.88124084472656,100.11182403564453,110.97810363769531,439.0709533691406,92.3614273071289
2021-12-08,44.704280853271484,67.96710205078125,166.89999389648438,66.86588287353516,99.79066467285156,110.23908996582031,440.23370361328125,93.02566528320312
2021-12-09,44.490901947021484,67.40326690673828,165.8800048828125,66.56549072265625,100.04241943359375,110.14774322509766,437.2613830566406,91.68058776855469
2021-12-10,44.526466369628906,67.54849243164062,166.5800018310547,66.71951293945312,100.11182403564453,110.27229309082031,441.37750244140625,91.96289825439453
2021-12-13,43.8203239440918,66.91575622558594,167.0,66.71951293945312,100.5892105102539,110.7705307006836,437.46771240234375,92.82637786865234
2021-12-14,43.72111892700195,66.55941009521484,165.44000244140625,66.60399627685547,100.41561126708984,110.27229309082031,434.4579162597656,91.63907623291016
2021-12-15,43.59486770629883,67.46332550048828,166.14999389648438,66.85814666748047,100.26805114746094,110.41343688964844,441.2463073730469,92.92601776123047
2021-12-16,43.64897537231445,67.47200775146484,168.16000366210938,66.8086929321289,100.55996704101562,110.41012573242188,437.35516357421875,92.892822265625
2021-12-17,43.43253707885742,66.62024688720703,167.8000030517578,66.74687194824219,100.7858657836914,110.66802978515625,432.700439453125,92.77657318115234
2021-12-20,42.783206939697266,66.47248840332031,167.08999633789062,66.63095092773438,100.69898223876953,110.18548583984375,428.0993957519531,92.0542221069336
2021-12-21,43.50468444824219,67.21127319335938,167.02000427246094,66.98640441894531,100.29937744140625,110.40182495117188,435.7019958496094,93.09208679199219
2021-12-22,43.71210479736328,67.8370590209961,168.58999633789062,67.1641616821289,100.39491271972656,110.57658386230469,440.0584411621094,94.04692077636719
2021-12-23,43.93756103515625,68.23686981201172,168.97000122070312,67.35736846923828,100.18641662597656,110.41012573242188,442.7965087890625,93.94728088378906
2021-12-27,44.1359748840332,68.76703643798828,169.3699951171875,67.42694091796875,100.22116088867188,110.73463439941406,449.0631103515625,95.54215240478516
2021-12-28,43.99167251586914,68.79312133789062,168.63999938964844,67.3960189819336,100.20378112792969,110.59319305419922,448.6960754394531,95.8941421508789
2021-12-29,43.793270111083984,68.76703643798828,168.58999633789062,67.28782653808594,99.69120788574219,109.98582458496094,449.2699890136719,96.53948974609375
2021-12-30,44.29495620727539,68.58676147460938,169.8000030517578,67.25692749023438,100.02134704589844,110.42674255371094,448.0280456542969,96.95853424072266
2021-12-31,44.078399658203125,68.52579498291016,170.9600067138672,67.24143981933594,99.90839385986328,110.26036071777344,446.89892578125,97.22672271728516
2022-01-03,44.394222259521484,68.96997833251953,168.3300018310547,67.21055603027344,98.97882080078125,109.08719635009766,449.4864196777344,96.46406555175781
2022-01-04,44.240821838378906,69.36190032958984,169.57000732421875,67.04051208496094,98.92671203613281,109.1787109375,449.3359375,96.34673309326172
2022-01-05,43.51896667480469,68.75223541259766,169.05999755859375,66.52277374267578,98.50968933105469,108.5380630493164,440.70770263671875,93.58942413330078
2022-01-06,43.71747589111328,68.40386962890625,166.99000549316406,66.53046417236328,98.26642608642578,108.39662170410156,440.293701171875,93.6732177734375
2022-01-07,44.11449432373047,68.60417938232422,167.75,66.3604736328125,97.94499969482422,107.93067932128906,438.55303955078125,93.05303955078125
2022-01-10,44.11449432373047,67.96839904785156,168.25999450683594,66.41456604003906,97.91893005371094,107.83087921142578,438.0072326660156,92.51664733886719
2022-01-11,45.134124755859375,68.70870208740234,170.2899932861328,66.72367095947266,98.15349578857422,108.15533447265625,441.99676513671875,92.65914154052734
2022-01-12,45.88304138183594,69.37931823730469,170.74000549316406,66.83190155029297,98.17086791992188,108.0804443359375,443.191650390625,92.76809692382812
2022-01-13,45.233375549316406,68.87417602539062,170.16000366210938,66.59227752685547,98.48362731933594,108.42160034179688,437.0851135253906,92.58370971679688
2022-01-14,45.215328216552734,68.80448913574219,169.6699981689453,66.53046417236328,97.80599975585938,107.46475219726562,437.263916015625,91.74562072753906
2022-01-18,44.412261962890625,67.794189453125,169.38999938964844,66.20590209960938,97.06754302978516,106.44133758544922,429.5201721191406,90.78182220458984
2022-01-19,44.60175323486328,67.73322296142578,172.0800018310547,66.14409637451172,97.30209350585938,106.60775756835938,425.0602111816406,89.55821228027344
2022-01-20,44.86343002319336,67.40227508544922,171.64999389648438,66.02041625976562,97.51058197021484,106.54950714111328,420.3555908203125,88.41002655029297
2022-01-21,44.21375274658203,66.48778533935547,171.08999633789062,66.02818298339844,98.07530212402344,107.2484359741211,412.103759765625,88.19213104248047
2022-01-24,43.591148376464844,65.82587432861328,172.02999877929688,65.95860290527344,97.9883804321289,106.91561126708984,413.8538513183594,88.35973358154297
2022-01-25,43.50994110107422,65.42524719238281,172.5800018310547,65.76539611816406,97.85810852050781,106.61610412597656,408.80108642578125,88.00774383544922
2022-01-26,42.959529876708984,65.17266082763672,169.7899932861328,65.54129791259766,97.16310119628906,105.8922119140625,407.7755126953125,86.63326263427734
2022-01-27,42.46324920654297,64.86783599853516,167.60000610351562,65.25535583496094,97.57140350341797,106.13351440429688,405.76190185546875,85.20014190673828
2022-01-28,42.670780181884766,65.08557891845703,167.10000610351562,65.44083404541016,97.79729461669922,106.24999237060547,415.8392028808594,87.95745086669922
2022-01-31,44.06938171386719,66.03489685058594,168.08999633789062,65.456298828125,97.79729461669922,106.2999038696289,423.32891845703125,89.03858184814453
2022-02-01,44.34007263183594,66.66197967529297,168.22999572753906,65.71613311767578,97.66510009765625,106.47664642333984,426.1893310546875,88.7201156616211
2022-02-02,44.267887115478516,67.15840911865234,168.83999633789062,65.81694030761719,97.86510467529297,106.48499298095703,430.3293151855469,89.8515396118164
2022-02-03,43.79868698120117,66.09585571289062,168.60000610351562,65.22750854492188,97.44768524169922,105.62637329101562,420.2144470214844,88.8961181640625
2022-02-04,43.90696334838867,66.25262451171875,168.86000061035156,64.97151947021484,96.69985961914062,104.57601165771484,422.1904296875,88.01612854003906
2022-02-07,43.81673049926758,66.36585998535156,170.11000061035156,64.92498016357422,96.72595977783203,104.76773834228516,420.83551025390625,87.89041900634766
2022-02-08,44.240821838378906,66.70551300048828,170.6300048828125,64.8552017211914,96.41287231445312,104.37593841552734,424.29803466796875,87.479736328125
2022-02-09,44.93561553955078,67.7854995727539,171.2100067138672,65.19644165039062,96.5433120727539,104.72605895996094,430.5080871582031,89.45762634277344
2022-02-10,44.637847900390625,66.92325592041016,170.55999755859375,64.3355484008789,95.65633392333984,103.30059051513672,422.7737731933594,87.34565734863281
2022-02-11,43.96110153198242,65.91297149658203,173.80999755859375,64.11064147949219,96.64771270751953,104.06751251220703,414.4372863769531,86.54946899414062
2022-02-14,43.65431213378906,65.4862060546875,174.74000549316406,64.00202941894531,95.97811126708984,103.14220428466797,413.082275390625,85.76167297363281
2022-02-15,44.60175323486328,66.68811798095703,173.0800018310547,64.11064147949219,95.69113159179688,102.62537384033203,419.74407958984375,86.53269958496094
2022-02-16,44.92658615112305,66.94068145751953,174.86000061035156,64.4674301147461,95.89112091064453,102.77543640136719,420.2144470214844,86.93499755859375
2022-02-17,44.403236389160156,65.86070251464844,177.25,64.19593811035156,96.40419006347656,102.85042572021484,411.23809814453125,86.0130844116211
2022-02-18,43.96110153198242,65.58201599121094,177.1199951171875,64.28902435302734,96.71723175048828,103.10052490234375,408.5753173828125,85.49347686767578
2022-02-22,43.3385009765625,64.81558227539062,177.49000549316406,64.14163970947266,96.70854187011719,102.96715545654297,404.19061279296875,85.18338775634766
2022-02-23,42.833194732666016,64.2843017578125,178.2899932861328,64.02532958984375,96.20416259765625,102.03352355957031,397.0208435058594,83.775390625
2022-02-24,41.94892501831055,63.422061920166016,177.13999938964844,64.48291015625,96.4302749633789,102.51699829101562,402.9956359863281,85.18338775634766
2022-02-25,42.72491455078125,65.0071792602539,176.5500030517578,64.84742736816406,96.40419006347656,102.93383026123047,411.8873291015625,87.23670196533203
2022-02-28,42.16548156738281,63.77046203613281,178.3800048828125,64.89399719238281,97.49989318847656,104.03416442871094,410.8334655761719,85.93766021728516
2022-03-01,41.60604476928711,62.376949310302734,181.6199951171875,64.71260833740234,98.44950866699219,104.39002990722656,404.5763854980469,85.485107421875
2022-03-02,41.67823028564453,63.16078567504883,179.72999572753906,64.86829376220703,96.96981048583984,102.80290985107422,412.0190124511719,87.08585357666016
2022-03-03,41.09172058105469,61.91532897949219,180.8000030517578,64.67366027832031,97.38761138916016,103.1788101196289,409.9678649902344,87.7982406616211
2022-03-04,40.2615852355957,60.121192932128906,183.67999267578125,64.2532958984375,98.35375213623047,103.27901458740234,406.63702392578125,88.20051574707031
2022-03-07,38.75471496582031,58.213829040527344,186.41000366210938,63.69283676147461,97.93596649169922,102.02606964111328,394.6496887207031,86.457275390625
2022-03-08,38.88103103637695,58.71897506713867,191.50999450683594,63.46708679199219,97.30059051513672,101.416259765625,391.65753173828125,86.03824615478516
2022-03-09,39.98186111450195,61.17502975463867,185.82000732421875,63.996456146240234,96.70000457763672,101.59169006347656,402.1582336425781,87.36239624023438
2022-03-10,39.232933044433594,60.44343948364258,186.39999389648438,63.45930099487305,96.25607299804688,100.43059539794922,400.3422546386719,87.580322265625
2022-03-11,38.41182327270508,59.79024124145508,185.08999633789062,63.000022888183594,96.22997283935547,100.38884735107422,395.251953125,86.88470458984375
2022-03-14,37.4824333190918,60.338932037353516,182.3000030517578,62.252708435058594,95.0114517211914,98.93538665771484,392.36328125,86.20585632324219
2022-03-15,37.53657150268555,60.91374969482422,178.88999938964844,62.719764709472656,94.96792602539062,99.71221923828125,400.9914855957031,86.78414916992188
2022-03-16,40.55934524536133,63.099822998046875,180.00999450683594,63.59944152832031,94.83737182617188,100.5642318725586,409.8832092285156,87.81498718261719
2022-03-17,40.3518180847168,63.63108825683594,180.88999938964844,64.03532409667969,94.65459442138672,101.5499267578125,415.01123046875,89.17268371582031
2022-03-18,40.92929458618164,64.24945831298828,179.3000030517578,64.24554443359375,94.93313598632812,101.75040435791016,419.5567321777344,89.17268371582031
2022-03-21,40.29767990112305,63.84883499145508,180.6699981689453,63.50600814819336,93.6971664428711,100.33869934082031,419.43402099609375,88.6279296875
2022-03-22,41.028560638427734,64.44977569580078,179.36000061035156,63.83296585083008,93.18364715576172,100.09647369384766,424.3419494628906,88.85421752929688
2022-03-23,40.75785827636719,63.61368179321289,181.80999755859375,63.630550384521484,93.81034088134766,100.38048553466797,418.8771057128906,87.8573226928711
2022-03-24,40.97441101074219,64.2059097290039,183.1300048828125,63.76290512084961,93.2880859375,100.42224884033203,425.1914367675781,88.41349029541016
2022-03-25,40.64958572387695,64.24076843261719,182.3800048828125,63.30363082885742,92.3306655883789,99.62867736816406,427.2679748535156,89.51738739013672
2022-03-28,40.784934997558594,64.03173065185547,179.05999755859375,63.700618743896484,92.53954315185547,100.18001556396484,430.30706787109375,90.46961975097656
2022-03-29,41.47972106933594,65.45135498046875,179.13999938964844,64.48685455322266,93.00088500976562,101.02364349365234,435.6303405761719,93.12403869628906
2022-03-30,41.36241149902344,65.18136596679688,180.5800018310547,64.2922592163086,93.36641693115234,101.257568359375,432.9404602050781,92.44992065429688
2022-03-31,40.73981475830078,64.10140991210938,180.64999389648438,64.05872344970703,93.54052734375,101.02364349365234,426.2768859863281,91.32071685791016
2022-04-01,41.41655731201172,64.70235443115234,179.5,64.05401611328125,92.9314193725586,101.36268615722656,427.4849853515625,93.09877014160156
2022-04-04,42.147438049316406,64.96363067626953,180.3699951171875,64.53864288330078,92.87039184570312,101.71430206298828,431.1471252441406,92.64373016357422
2022-04-05,41.37144088745117,64.08399200439453,179.24000549316406,63.70227813720703,91.7637710571289,99.9312515258789,425.7010803222656,92.18869018554688
2022-04-06,40.830047607421875,63.317562103271484,179.66000366210938,63.202083587646484,91.4413833618164,99.34532928466797,421.44439697265625,93.2841567993164
2022-04-07,40.50521469116211,63.456905364990234,180.33999633789062,63.100440979003906,91.21480560302734,98.88492584228516,423.56805419921875,92.35720825195312
2022-04-08,40.54130935668945,63.4830322265625,181.47000122070312,62.71746063232422,90.75299072265625,98.10641479492188,422.4353942871094,92.5089111328125
2022-04-11,40.03600311279297,62.81241989135742,182.3699951171875,62.28755569458008,90.31733703613281,97.15213012695312,415.21502685546875,91.51453399658203
2022-04-12,39.9096794128418,62.34209060668945,183.77000427246094,62.76433563232422,90.75299072265625,97.21910858154297,413.67657470703125,91.37972259521484
2022-04-13,40.43302536010742,63.01272964477539,184.64999389648438,63.13953399658203,90.9533920288086,97.72135925292969,418.41473388671875,92.02857208251953
2022-04-14,39.9096794128418,62.725311279296875,184.0399932861328,62.71746063232422,90.13434600830078,96.58293151855469,413.2046203613281,91.63250732421875
2022-04-18,39.774330139160156,62.35952377319336,184.61000061035156,62.61582565307617,89.87291717529297,95.8463134765625,413.3745422363281,91.2617416381836
2022-04-19,39.5758171081543,62.6556510925293,181.82000732421875,62.56111526489258,89.28036499023438,95.08455657958984,420.0474853515625,93.25045013427734
2022-04-20,39.34121322631836,63.073692321777344,182.7100067138672,62.756507873535156,89.97746276855469,96.07231140136719,419.7359924316406,94.80097198486328
2022-04-21,38.58325958251953,62.39435958862305,182.05999755859375,62.326622009277344,89.48078155517578,95.05108642578125,413.45947265625,94.14369201660156
2022-04-22,38.24038314819336,61.3753547668457,180.2899932861328,61.95145797729492,89.52436065673828,94.94224548339844,402.11456298828125,92.49205017089844
2022-04-25,37.960662841796875,61.0792350769043,177.0500030517578,62.47511291503906,90.09949493408203,95.99697875976562,404.44580078125,92.25611114501953
2022-04-26,37.130531311035156,59.3721809387207,177.32000732421875,62.107784271240234,90.7007064819336,95.94676208496094,392.73272705078125,90.73928833007812
2022-04-27,37.56364822387695,59.642181396484375,175.97999572753906,61.802978515625,90.19530487060547,95.02596282958984,393.8370056152344,90.14097595214844
2022-04-28,38.10503387451172,60.486995697021484,176.92999267578125,62.1468620300293,90.0645980834961,95.310546875,403.7851257324219,91.80105590820312
2022-04-29,38.24038314819336,59.781517028808594,176.91000366210938,61.38085174560547,89.58536529541016,94.25582885742188,388.86297607421875,87.58768463134766
2022-05-02,38.186241149902344,59.63346862792969,173.6300048828125,61.384796142578125,88.91792297363281,93.69708251953125,391.2037353515625,85.47256469726562
2022-05-03,38.465965270996094,60.0776481628418,174.08999633789062,61.70649337768555,89.02266693115234,94.3011474609375,392.9970397949219,86.53433227539062
2022-05-04,38.88103103637695,61.13149642944336,175.8000030517578,62.33423614501953,89.59841918945312,95.22401428222656,404.96490478515625,87.52869415283203
2022-05-05,37.44633865356445,59.16315460205078,175.1300048828125,61.22786331176758,88.69984436035156,93.76421356201172,390.5713195800781,85.19447326660156
2022-05-06,36.93202209472656,58.58833694458008,175.4199981689453,60.882591247558594,88.19381713867188,92.96715545654297,388.239990234375,84.18326568603516
2022-05-09,35.867279052734375,56.82032012939453,172.8800048828125,60.23917007446289,88.84815216064453,93.29435729980469,375.80963134765625,80.47550964355469
2022-05-10,36.03872299194336,57.2470817565918,171.4199981689453,60.58440399169922,89.1447982788086,93.68868255615234,376.677978515625,79.00924682617188
2022-05-11,35.786067962646484,56.907413482666016,172.82000732421875,60.22348403930664,89.69440460205078,94.12496948242188,370.6940002441406,78.84068298339844
2022-05-12,35.55146789550781,56.76806640625,170.1699981689453,60.19994354248047,89.99105072021484,94.1668930053711,370.30706787109375,79.45585632324219
2022-05-13,36.534996032714844,58.3444709777832,168.7899932861328,60.27053451538086,89.51995086669922,93.67191314697266,379.1603088378906,81.55412292480469
2022-05-16,36.390628814697266,58.396732330322266,170.39999389648438,60.18423843383789,89.89508819580078,93.79776000976562,377.621826171875,81.04009246826172
2022-05-17,37.2839241027832,59.48541259765625,169.3300018310547,60.12931823730469,89.21456909179688,93.26081848144531,385.3896484375,82.14397430419922
2022-05-18,36.390628814697266,58.065773010253906,169.4199981689453,59.63496780395508,89.85145568847656,93.60479736328125,369.8539733886719,79.75920104980469
2022-05-19,36.968109130859375,58.623172760009766,171.91000366210938,60.03515625,90.17426300048828,93.85647583007812,367.5888366699219,79.4052963256836
2022-05-20,37.12150573730469,59.0238037109375,172.02999877929688,59.99593734741211,90.59300231933594,94.31792449951172,367.7492370605469,79.91091918945312
2022-05-23,37.40121841430664,60.025394439697266,172.8300018310547,60.23133850097656,90.04337310791016,93.98231506347656,374.6298522949219,80.83785247802734
2022-05-24,36.75154495239258,59.92958450317383,174.1300048828125,60.5922737121582,90.81982421875,95.21564483642578,371.7699890136719,81.52040100097656
2022-05-25,36.93202209472656,59.94700622558594,173.0800018310547,61.510345458984375,91.0030517578125,96.19723510742188,375.0545959472656,82.2114028930664
2022-05-26,37.509498596191406,60.608924865722656,172.75999450683594,62.365623474121094,90.9594497680664,96.2223892211914,382.5487060546875,82.31250762939453
2022-05-27,37.94261169433594,61.34051513671875,172.85000610351562,62.9227409362793,91.0903091430664,96.72579956054688,391.93988037109375,84.52033233642578
2022-05-31,38.47498321533203,60.97471618652344,171.13999938964844,62.38131332397461,90.13937377929688,96.01264190673828,389.74072265625,83.48384857177734
2022-06-01,38.20428466796875,60.330223083496094,172.22999572753906,62.1505126953125,89.6318359375,95.45255279541016,386.5883483886719,82.79286193847656
2022-06-02,38.86298370361328,61.58437728881836,174.35000610351562,62.41044998168945,89.76287078857422,95.49464416503906,393.9503173828125,83.93045806884766
2022-06-03,38.23135757446289,60.704715728759766,172.5800018310547,61.945716857910156,89.5881576538086,95.19184875488281,387.4849853515625,82.80970764160156
2022-06-06,38.43889236450195,60.94859313964844,171.82000732421875,61.48094940185547,88.91551971435547,94.51903533935547,388.6648254394531,82.54846954345703
2022-06-07,38.55619812011719,61.13149642944336,172.94000244140625,61.62276840209961,89.27367401123047,95.0236587524414,392.3929443359375,83.68608093261719
2022-06-08,38.76372528076172,60.27796173095703,172.77999877929688,61.0949821472168,88.94172668457031,94.47698211669922,388.1268005371094,81.75634002685547
2022-06-09,37.84645462036133,59.01209259033203,172.22999572753906,60.60661315917969,88.86314392089844,93.85468292236328,378.8960266113281,79.81819915771484
2022-06-10,37.42786407470703,57.58774948120117,174.5399932861328,59.57469940185547,87.98963928222656,92.94639587402344,367.9096984863281,78.04859161376953
2022-06-13,36.11748123168945,55.68269348144531,169.92999267578125,57.581787109375,86.4260025024414,90.80188751220703,353.9407958984375,74.14698028564453
2022-06-14,36.617977142333984,55.157466888427734,168.57000732421875,57.95988464355469,85.7359390258789,90.3309326171875,352.8741760253906,73.58240509033203
2022-06-15,37.10026931762695,56.19011688232422,170.77000427246094,59.08632278442383,86.93264770507812,91.74378204345703,357.90496826171875,75.32673645019531
2022-06-16,35.9627799987793,54.952728271484375,172.69000244140625,58.14893341064453,87.50045013427734,91.84467315673828,346.0597229003906,73.34647369384766
2022-06-17,36.09927749633789,54.730167388916016,171.27000427246094,58.330108642578125,87.52664947509766,92.02971649169922,346.80572509765625,73.90261840820312
2022-06-21,36.681678771972656,55.558067321777344,170.6300048828125,58.29072952270508,87.07242584228516,91.1046142578125,355.53607177734375,74.9306869506836
2022-06-22,36.02648162841797,55.18417739868164,171.30999755859375,58.27496337890625,88.1730728149414,91.76903533935547,354.8914794921875,75.88292694091797
2022-06-23,36.135677337646484,55.12186050415039,170.25999450683594,58.692447662353516,88.67096710205078,92.4754638671875,358.3703918457031,77.3245849609375
2022-06-24,36.99107360839844,56.76875686645508,170.08999633789062,59.109962463378906,88.35651397705078,92.58478546142578,369.76434326171875,78.96980285644531
2022-06-27,37.03656768798828,56.52839660644531,169.89999389648438,58.74760437011719,87.85855102539062,91.7353744506836,368.35186767578125,78.85107421875
2022-06-28,36.8090705871582,56.14561080932617,169.6199951171875,58.101680755615234,87.97215270996094,91.71014404296875,360.8254699707031,77.89277648925781
2022-06-29,36.66347885131836,55.93196105957031,169.49000549316406,58.015037536621094,88.6796646118164,92.25680541992188,360.5315856933594,77.40938568115234
2022-06-30,36.49058151245117,55.62928009033203,168.4600067138672,57.9835090637207,89.3610610961914,92.53433227539062,357.6025695800781,77.26522064208984
2022-07-01,36.2630729675293,55.762813568115234,168.32000732421875,58.53659439086914,90.3189926147461,93.70392608642578,361.3846435546875,78.65601348876953
2022-07-05,35.980979919433594,54.5699348449707,164.75,58.481231689453125,90.65144348144531,93.67863464355469,362.0672912597656,78.43550872802734
2022-07-06,35.76258087158203,54.61444091796875,162.13999938964844,58.25966262817383,89.88157653808594,93.2148208618164,363.2900695800781,78.29134368896484
2022-07-07,36.48147964477539,55.442344665527344,162.22999572753906,59.20919418334961,89.3304214477539,93.20640563964844,368.7311096191406,78.50336456298828
2022-07-08,36.48147964477539,55.5046501159668,162.3000030517578,59.25665283203125,88.78800201416016,93.05459594726562,368.4277648925781,78.08782196044922
2022-07-11,35.507789611816406,54.60554122924805,161.42999267578125,58.92430877685547,89.4878921508789,93.31602478027344,364.21905517578125,77.91820526123047
2022-07-12,35.37129211425781,54.596641540527344,160.8300018310547,59.16168975830078,89.6978530883789,93.45093536376953,360.99603271484375,77.61290740966797
2022-07-13,35.289390563964844,54.5699348449707,161.60000610351562,59.0983772277832,90.08277130126953,94.1508560180664,359.1002502441406,77.23978424072266
2022-07-14,34.97088623046875,53.80435562133789,159.3300018310547,58.98762893676758,89.5841293334961,93.5521469116211,358.2281799316406,76.54438018798828
2022-07-15,35.152889251708984,54.658958435058594,159.00999450683594,59.73931121826172,89.89031982421875,94.30265045166016,365.0721435546875,77.84190368652344
2022-07-18,35.39859390258789,54.88150405883789,159.16000366210938,59.16168975830078,89.62787628173828,93.64488983154297,362.05780029296875,77.29066467285156
2022-07-19,35.980979919433594,56.377071380615234,159.5399932861328,59.94502258300781,89.21669006347656,93.90632629394531,371.84033203125,79.29205322265625
2022-07-20,35.82627487182617,56.00316619873047,158.0399932861328,60.206138610839844,89.12922668457031,93.80512237548828,374.2100830078125,79.10546875
2022-07-21,36.23577880859375,56.581809997558594,160.27000427246094,60.91828155517578,90.14405822753906,95.08686828613281,378.020751953125,79.73302459716797
2022-07-22,35.87178039550781,56.43938064575195,160.6699981689453,60.83913803100586,91.17635345458984,95.8205337524414,374.5133972167969,80.1485595703125
2022-07-25,35.99918746948242,56.875579833984375,160.22999572753906,60.82331848144531,90.8526611328125,95.01100158691406,374.96844482421875,80.28427124023438
2022-07-26,35.71708297729492,56.08329772949219,160.0399932861328,60.39603042602539,90.88762664794922,94.99413299560547,370.5321044921875,80.36904907226562
2022-07-27,36.38137435913086,57.409706115722656,161.6699981689453,61.06068420410156,91.07136535644531,95.62657165527344,380.153564453125,80.85243225097656
2022-07-28,36.536075592041016,57.70347213745117,163.63999938964844,61.68577575683594,91.97245788574219,96.41925811767578,384.921630859375,83.47290802001953
2022-07-29,36.36317443847656,58.504669189453125,164.10000610351562,61.867767333984375,92.00743865966797,96.64691925048828,390.533203125,83.92236328125
2022-08-01,36.053775787353516,58.584781646728516,165.02999877929688,61.88682556152344,92.5455551147461,96.83795166015625,389.3768005371094,83.24393463134766
2022-08-02,35.880882263183594,57.65007019042969,164.0500030517578,61.60085678100586,91.26602935791016,95.6545639038086,386.8079528808594,82.17540740966797
2022-08-03,36.16298294067383,57.98834228515625,164.4499969482422,62.14100646972656,91.64289093017578,96.69427490234375,392.8651428222656,82.43828582763672
2022-08-04,36.41777420043945,58.28211212158203,167.1699981689453,62.30780792236328,92.10736083984375,96.84642028808594,392.5997009277344,82.31107330322266
2022-08-05,36.45417404174805,57.87261962890625,165.2899932861328,61.99009323120117,90.77526092529297,95.53618621826172,391.9361877441406,82.5400619506836
2022-08-08,36.499671936035156,58.00615310668945,166.69000244140625,62.04568862915039,91.30986022949219,95.91658782958984,391.481201171875,83.2778549194336
2022-08-09,36.36317443847656,57.6945686340332,167.1999969482422,61.584983825683594,91.03816986083984,95.4854736328125,389.9265441894531,83.73578643798828
2022-08-10,36.81817626953125,58.994285583496094,166.77999877929688,62.50641632080078,91.09075164794922,96.38994598388672,398.1165771484375,85.00784301757812
2022-08-11,36.963768005371094,58.97647476196289,166.33999633789062,62.14896011352539,90.48604583740234,95.46014404296875,398.1165771484375,84.80433654785156
2022-08-12,37.355064392089844,59.43048095703125,167.8699951171875,62.70499801635742,90.84538269042969,96.5674819946289,404.8563232421875,86.26295471191406
2022-08-15,37.182167053222656,59.074405670166016,165.7100067138672,62.59379196166992,91.13459014892578,96.49987030029297,406.52471923828125,86.61065673828125
2022-08-16,37.17306137084961,59.05659484863281,165.4199981689453,62.29988479614258,91.02942657470703,96.1279067993164,407.3209228515625,86.38168334960938
2022-08-17,37.018367767333984,58.584781646728516,164.35000610351562,61.65647506713867,90.41592407226562,95.22345733642578,404.4297790527344,85.8643798828125
2022-08-18,36.8090705871582,58.38893508911133,163.9199981689453,61.751800537109375,90.59121704101562,95.46858215332031,405.6051330566406,85.29618835449219
2022-08-19,36.30857849121094,57.58774948120117,162.72000122070312,61.12424850463867,89.81124877929688,94.33586120605469,400.1546630859375,84.39725494384766
2022-08-22,35.990081787109375,56.608516693115234,161.63999938964844,60.43320083618164,89.41687774658203,93.70187377929688,391.82244873046875,82.55701446533203
2022-08-23,36.181182861328125,56.635223388671875,162.77000427246094,60.584129333496094,89.19779205322266,93.80333709716797,390.8745422363281,81.49696350097656
2022-08-24,36.172080993652344,56.70643997192383,163.25,60.655601501464844,88.89981842041016,93.52438354492188,392.125732421875,81.96338653564453
2022-08-25,36.954673767089844,57.32958984375,163.75,61.2275276184082,89.4694595336914,94.4880142211914,397.6615905761719,83.18455505371094
2022-08-26,36.40867233276367,55.82513427734375,161.75999450683594,60.21873092651367,89.36428833007812,93.92167663574219,384.2011413574219,81.08990478515625
2022-08-29,36.181182861328125,55.700504302978516,161.86000061035156,59.98835372924805,88.85601806640625,93.228515625,381.6607971191406,80.36058044433594
2022-08-30,35.753482818603516,55.29990768432617,160.50999450683594,59.527645111083984,88.8297348022461,93.34686279296875,377.47100830078125,79.2496337890625
2022-08-31,35.880882263183594,54.92601776123047,159.27000427246094,59.20198440551758,88.46160125732422,92.36631774902344,374.59869384765625,78.87651824951172
2022-09-01,35.598785400390625,54.1871452331543,157.8699951171875,59.358421325683594,87.75837707519531,91.81025695800781,375.77423095703125,79.02067565917969
2022-09-02,35.27119064331055,53.831058502197266,159.25999450683594,59.31850814819336,88.25003051757812,91.8780746459961,371.8118896484375,77.91820526123047
2022-09-06,34.852596282958984,53.69752883911133,158.3300018310547,59.15885925292969,87.26676177978516,90.63200378417969,370.408935546875,78.62208557128906
2022-09-07,35.1619873046875,54.169342041015625,159.94000244140625,60.01299285888672,87.83743286132812,91.86958312988281,377.0633239746094,80.15704345703125
2022-09-08,34.97088623046875,54.20494842529297,158.97999572753906,60.27641677856445,87.5125961303711,91.65767669677734,379.5279235839844,80.37753295898438
2022-09-09,35.48958969116211,55.58477020263672,159.82000732421875,60.51591110229492,87.5213623046875,91.86958312988281,385.4240417480469,81.25102233886719
2022-09-12,36.01738739013672,56.35926055908203,160.6300048828125,60.699485778808594,87.31063842773438,91.66615295410156,389.5663146972656,82.03971099853516
2022-09-13,34.907196044921875,54.400794982910156,158.5399932861328,59.31850814819336,86.81901550292969,91.00495147705078,372.6270446777344,78.90194702148438
2022-09-14,35.0800895690918,54.57883834838867,157.92999267578125,59.40632247924805,86.86289978027344,91.43727111816406,374.0489196777344,78.0030288696289
2022-09-15,34.706993103027344,54.098121643066406,154.97999572753906,59.0311279296875,86.56439208984375,90.99649047851562,369.8022766113281,76.56135559082031
2022-09-16,34.38850402832031,53.76874542236328,155.83999633789062,59.23068618774414,86.63465118408203,90.7845687866211,366.9811096191406,76.56982421875
2022-09-19,34.4976921081543,53.955692291259766,155.9600067138672,59.45420837402344,86.38880157470703,90.93716430664062,369.8270263671875,76.45958709716797
2022-09-20,34.306602478027344,53.03876876831055,155.07000732421875,58.847557067871094,85.85328674316406,90.0301513671875,365.5819396972656,74.60237121582031
2022-09-21,33.73330307006836,52.34440612792969,155.7899932861328,58.67192077636719,86.1956558227539,90.36922454833984,359.2047119140625,73.42359161376953
2022-09-22,33.56951141357422,52.19307327270508,155.6999969482422,58.32068634033203,84.89632415771484,89.09772491455078,356.1875305175781,72.49075317382812
2022-09-23,32.74142074584961,50.52837371826172,153.00999450683594,57.57831954956055,85.00170135498047,88.84342193603516,350.2196960449219,71.5271987915039
2022-09-26,32.341026306152344,49.780601501464844,151.22999572753906,56.8997688293457,83.58821868896484,87.30067443847656,346.7550048828125,69.52128601074219
2022-09-27,32.304622650146484,49.44231414794922,151.5399932861328,56.780059814453125,83.01753997802734,85.98682403564453,345.869873046875,68.59548950195312
2022-09-28,32.58672332763672,50.63520812988281,154.69000244140625,57.793827056884766,84.8875732421875,87.71603393554688,352.67529296875,70.01847839355469
2022-09-29,31.858728408813477,50.03875732421875,154.66000366210938,57.251033782958984,84.49246978759766,87.06334686279297,345.30828857421875,67.96113586425781
2022-09-30,31.740434646606445,49.8607177734375,154.6699981689453,56.98759078979492,84.27297973632812,86.84294128417969,339.9686584472656,68.72407531738281
2022-10-03,32.259132385253906,50.84885025024414,158.42999267578125,57.734439849853516,85.27317810058594,88.44951629638672,348.9442138671875,69.94991302490234
2022-10-04,33.3147087097168,52.88743591308594,160.6999969482422,58.97786331176758,85.4490966796875,88.85771179199219,359.7568054199219,71.36434936523438
2022-10-05,33.332908630371094,52.326602935791016,159.80999755859375,58.7452278137207,84.63981628417969,88.18585968017578,358.91925048828125,69.96705627441406
2022-10-06,33.13271713256836,51.40968704223633,159.6300048828125,58.56874465942383,84.17357635498047,87.98170471191406,355.2166748046875,68.0211410522461
2022-10-07,32.441123962402344,50.5906867980957,157.8800048828125,57.854774475097656,83.76014709472656,87.1057357788086,345.30828857421875,66.38383483886719
2022-10-10,31.986129760742188,50.30582809448242,155.47999572753906,57.148841857910156,83.26754760742188,86.32331848144531,342.6717224121094,65.75806427001953
2022-10-11,31.476531982421875,49.7538948059082,155.16000366210938,57.32533645629883,83.47869873046875,86.14471435546875,340.50164794921875,66.42668914794922
2022-10-12,31.512935638427734,49.59365463256836,155.99000549316406,57.421600341796875,83.75138854980469,86.04266357421875,339.37847900390625,65.73235321044922
2022-10-13,31.603933334350586,50.61738967895508,154.91000366210938,57.5499382019043,83.39948272705078,86.19576263427734,348.3350524902344,66.93245697021484
2022-10-14,31.1307373046875,49.8607177734375,152.97999572753906,57.36544418334961,82.93331146240234,85.37078857421875,340.3969421386719,65.26944732666016
2022-10-17,31.986129760742188,51.089210510253906,153.4199981689453,58.07136154174805,83.02122497558594,85.7790298461914,349.14410400390625,67.72970581054688
2022-10-18,31.99522590637207,51.454200744628906,153.75,58.48048782348633,83.23235321044922,86.28929138183594,353.2464599609375,68.46691131591797
2022-10-19,31.412830352783203,50.8221435546875,151.69000244140625,57.91893768310547,82.36151885986328,85.10712432861328,350.7431640625,66.76102447509766
2022-10-20,31.6130313873291,50.7064208984375,151.4499969482422,57.59809112548828,81.74576568603516,84.36721801757812,347.80206298828125,66.46955871582031
2022-10-21,32.09532165527344,51.62333297729492,154.14999389648438,58.15159225463867,81.93049621582031,84.6053466796875,356.2541809082031,66.99249267578125
2022-10-24,30.875940322875977,51.63223648071289,153.64999389648438,58.191688537597656,81.82494354248047,84.56282043457031,360.6134338378906,66.9839096069336
2022-10-25,31.1307373046875,52.77170181274414,154.0,58.75325012207031,82.84532928466797,85.69397735595703,366.3719482421875,69.61559295654297
2022-10-26,31.640335083007812,53.27022933959961,154.97999572753906,58.913673400878906,83.26754760742188,86.0851821899414,363.6116943359375,69.57273864746094
2022-10-27,31.394636154174805,52.77170181274414,154.74000549316406,59.34688186645508,83.85692596435547,86.48493194580078,361.6700134277344,69.67559051513672
2022-10-28,31.203536987304688,53.29693603515625,153.16000366210938,59.80413055419922,83.4259033203125,86.66351318359375,370.2743225097656,71.21004486083984
2022-10-31,31.112539291381836,52.79840850830078,151.91000366210938,58.905662536621094,83.04763793945312,86.19576263427734,367.5998229980469,71.13287353515625
2022-11-01,31.685836791992188,53.21681213378906,153.4600067138672,59.259979248046875,83.03266143798828,86.81590270996094,365.99114990234375,71.10717010498047
2022-11-02,31.42193031311035,52.442325592041016,152.38999938964844,58.7204475402832,82.89159393310547,86.39791107177734,356.8061828613281,69.15267181396484
2022-11-03,31.603933334350586,51.99722671508789,151.80999755859375,58.30168151855469,82.53016662597656,86.0908203125,353.1322326660156,69.05840301513672
2022-11-04,32.94161605834961,54.08031463623047,156.47000122070312,58.7043342590332,82.35389709472656,86.26143646240234,358.21490478515625,70.0013656616211
2022-11-07,32.95981979370117,54.24945831298828,155.85000610351562,58.69630432128906,82.0629653930664,85.94579315185547,361.6414489746094,70.0013656616211
2022-11-08,33.1964111328125,54.86369705200195,159.4499969482422,58.63991165161133,82.6095199584961,86.3040771484375,363.5926208496094,70.21565246582031
2022-11-09,32.62311935424805,54.098121643066406,158.64999389648438,57.939327239990234,82.89159393310547,86.08229064941406,356.1018981933594,69.4955825805664
2022-11-10,33.80611038208008,57.13374328613281,163.47999572753906,59.74312210083008,84.75166320800781,88.96563720703125,375.671142578125,74.5789566040039
2022-11-11,34.72520065307617,58.27321243286133,164.55999755859375,59.95249557495117,84.57537078857422,89.2044677734375,379.3071594238281,74.57037353515625
2022-11-14,34.515899658203125,57.658966064453125,164.9199981689453,59.509605407714844,84.37259674072266,88.75235748291016,376.0803527832031,72.75305938720703
2022-11-15,35.307586669921875,58.041751861572266,165.5,60.03304672241211,84.99848937988281,89.9892807006836,379.2879943847656,73.54170227050781
2022-11-16,34.74340057373047,57.90822982788086,165.1199951171875,59.90420150756836,85.6243896484375,90.75704193115234,376.3945007324219,72.87305450439453
2022-11-17,34.80709457397461,57.88151550292969,163.9199981689453,59.64653015136719,85.0426025390625,90.27081298828125,375.24285888671875,72.37588500976562
2022-11-18,34.60689163208008,57.997249603271484,162.7899932861328,59.775360107421875,84.74285888671875,90.26228332519531,376.9465637207031,73.29309844970703
2022-11-21,34.17010498046875,57.5610466003418,161.8800048828125,59.75119400024414,84.68998718261719,90.12579345703125,375.5759582519531,73.6788558959961
2022-11-22,34.25200653076172,58.36223220825195,162.07000732421875,60.18605041503906,85.17481231689453,90.92765808105469,380.63006591796875,74.0817642211914
2022-11-23,34.534095764160156,59.003177642822266,163.0800018310547,60.5242805480957,85.63323211669922,91.84046173095703,383.0286865234375,74.14176177978516
2022-11-25,34.370296478271484,59.30585861206055,163.22000122070312,60.403472900390625,85.60678100585938,91.93427276611328,382.9429931640625,74.61324310302734
2022-11-28,34.215599060058594,58.54027557373047,161.92999267578125,59.767311096191406,85.64201354980469,91.2688980102539,376.8323974609375,72.61589813232422
2022-11-29,34.952693939208984,58.709407806396484,162.72999572753906,60.02498245239258,85.28060150146484,90.81676483154297,376.18511962890625,73.8160171508789
2022-11-30,35.9627799987793,59.75096130371094,164.80999755859375,60.9268913269043,86.04752349853516,91.92571258544922,388.03515625,75.5047607421875
2022-12-01,35.844486236572266,60.329593658447266,167.83999633789062,61.15251922607422,86.98738098144531,93.0759506225586,387.7496643066406,75.34188079833984
2022-12-02,35.980979919433594,60.285091400146484,167.25999450683594,61.10398483276367,87.16404724121094,93.6407470703125,387.30224609375,75.11901092529297
2022-12-05,35.57148361206055,59.492794036865234,164.38999938964844,60.52172088623047,86.28073120117188,92.8448715209961,380.33502197265625,73.74744415283203
2022-12-06,35.5259895324707,59.22573471069336,164.83999633789062,60.303409576416016,86.81070709228516,93.12728118896484,374.8525390625,73.0530776977539
2022-12-07,35.316688537597656,59.22573471069336,166.3300018310547,60.63496017456055,87.57037353515625,94.16281127929688,374.2149353027344,73.19881439208984
2022-12-08,35.744380950927734,59.528404235839844,166.47000122070312,60.68348693847656,87.07571411132812,93.86326599121094,377.1464538574219,73.7131576538086
2022-12-09,35.507789611816406,59.56401824951172,167.05999755859375,60.68348693847656,86.43087768554688,93.1614990234375,374.3290710449219,73.57598876953125
2022-12-12,35.39859390258789,59.74205780029297,165.67999267578125,60.91800308227539,86.30725860595703,93.04168701171875,379.7259216308594,74.14176177978516
2022-12-13,35.651729583740234,60.5893669128418,168.50999450683594,61.548770904541016,87.08453369140625,93.85469818115234,382.600341796875,75.5133056640625
2022-12-14,35.670204162597656,60.53573989868164,168.10000610351562,61.20104217529297,87.32304382324219,93.9402847290039,380.1542053222656,74.99899291992188
2022-12-15,34.84796905517578,58.989498138427734,165.35000610351562,60.97016906738281,87.49296569824219,94.01927185058594,370.85498046875,73.99603271484375
2022-12-16,34.94959259033203,58.471099853515625,166.7899932861328,60.644996643066406,87.27173614501953,93.6158218383789,366.4765625,72.08440399169922
2022-12-19,34.9773063659668,58.328102111816406,166.32000732421875,60.336082458496094,86.56367492675781,92.67157745361328,363.3690185546875,71.16718292236328
2022-12-20,34.96806716918945,58.56047821044922,169.0800018310547,60.181602478027344,85.9353256225586,91.58143615722656,363.8662109375,70.98714447021484
2022-12-21,35.28218460083008,59.168251037597656,168.8000030517578,60.69377136230469,86.0415267944336,92.20804595947266,369.3069152832031,71.59579467773438
2022-12-22,34.96806716918945,58.68560791015625,166.75999450683594,60.319820404052734,86.01496124267578,92.18230438232422,364.03839111328125,71.29500579833984
2022-12-23,34.921875,58.89118194580078,167.25999450683594,60.474273681640625,85.62557983398438,91.8990478515625,366.1323547363281,71.92962646484375
2022-12-27,35.43924331665039,58.980552673339844,168.6699981689453,59.84831619262695,84.90869903564453,90.7144775390625,364.6885681152344,71.90353393554688
2022-12-28,34.921875,58.354915618896484,167.91000366210938,59.04351043701172,84.70515441894531,90.43116760253906,360.15625,70.67777252197266
2022-12-29,35.503910064697266,59.2755012512207,168.85000610351562,59.80765914916992,85.12110900878906,91.07495880126953,366.6391296386719,72.2251968383789
2022-12-30,35.01426696777344,58.66773986816406,169.63999938964844,59.8564453125,84.76709747314453,90.49987030029297,365.6734313964844,71.7035903930664
2023-01-03,35.309906005859375,59.18614196777344,171.05999755859375,59.970252990722656,85.43087005615234,91.12649536132812,364.13397216796875,71.77313995361328
2023-01-04,36.37233352661133,59.97265625,172.6699981689453,60.6612548828125,86.08574676513672,91.78742980957031,366.9451599121094,73.39881896972656
2023-01-05,36.26146697998047,59.37382125854492,170.52000427246094,60.539310455322266,85.96183013916016,91.71875,362.75701904296875,71.42540740966797
2023-01-06,37.01903533935547,60.893253326416016,173.7100067138672,61.401004791259766,87.06814575195312,93.22093963623047,371.0758361816406,73.3466567993164
2023-01-09,37.29619598388672,61.152442932128906,174.10000610351562,61.62051773071289,87.28937530517578,93.59004211425781,370.865478515625,73.37273406982422
2023-01-10,37.564109802246094,61.331207275390625,174.74000549316406,61.54734420776367,86.74070739746094,93.27242279052734,373.4662780761719,73.53790283203125
2023-01-11,37.72117233276367,61.795963287353516,174.6199951171875,61.953792572021484,87.29822540283203,94.07074737548828,378.1898498535156,76.17202758789062
2023-01-12,37.905941009521484,62.70762634277344,176.63999938964844,62.30339813232422,88.07706451416016,95.13517761230469,379.5667419433594,77.13700866699219
2023-01-13,38.1553840637207,63.03831100463867,178.75999450683594,62.30339813232422,87.6080093383789,94.82614135742188,381.0392761230469,76.65885925292969
2023-01-17,37.94289779663086,63.23494338989258,177.58999633789062,62.09200668334961,87.33365631103516,94.48279571533203,380.3412780761719,76.8761978149414
2023-01-18,37.6842155456543,63.01150894165039,177.0800018310547,62.165191650390625,88.51957702636719,95.59012603759766,374.33648681640625,75.7547378540039
2023-01-19,37.970611572265625,62.913185119628906,179.88999938964844,61.79935073852539,88.35142517089844,95.3926773071289,371.6113586425781,75.33745574951172
2023-01-20,38.55264663696289,63.467342376708984,179.2899932861328,61.92130661010742,87.76731872558594,94.89482116699219,378.5340881347656,76.23289489746094
2023-01-23,38.82979965209961,63.726531982421875,179.6300048828125,61.913185119628906,87.4841079711914,94.62010955810547,383.07586669921875,76.58059692382812
2023-01-24,38.857513427734375,63.646087646484375,180.27999877929688,61.953792572021484,87.98856353759766,95.11798095703125,382.66485595703125,76.77186584472656
2023-01-25,38.894474029541016,64.066162109375,181.11000061035156,61.945709228515625,88.08589935302734,95.1609115600586,382.8081970214844,76.806640625
2023-01-26,39.26401901245117,64.11979675292969,179.47000122070312,62.100162506103516,87.76731872558594,95.12657928466797,387.01544189453125,77.66729736328125
2023-01-27,39.07924270629883,63.99467086791992,179.22000122070312,61.913185119628906,87.6345443725586,94.85189819335938,387.9046936035156,78.53665161132812
2023-01-30,38.29396438598633,63.583526611328125,178.75999450683594,61.57175827026367,87.3602066040039,94.49138641357422,383.0377502441406,77.53689575195312
2023-01-31,38.2108154296875,63.94998550415039,179.41000366210938,62.05137252807617,87.8027114868164,95.16950225830078,388.6696472167969,79.16256713867188
2023-02-01,38.681983947753906,64.52200317382812,181.6699981689453,62.70322036743164,88.43418884277344,96.13558197021484,392.8003234863281,79.6494140625
2023-02-02,38.45101547241211,64.43260955810547,177.89999389648438,63.062660217285156,88.39871215820312,96.27334594726562,398.5183410644531,81.45762634277344
2023-02-03,37.767364501953125,63.83378219604492,173.4600067138672,62.401004791259766,87.44969177246094,95.17982482910156,394.2824401855469,79.92760467529297
2023-02-06,37.21304702758789,63.18132781982422,173.82000732421875,62.000728607177734,86.69583892822266,94.44792938232422,391.8728332519531,79.34513092041016
2023-02-07,37.360862731933594,63.717594146728516,173.97999572753906,62.221275329589844,86.48294830322266,94.13795471191406,396.9980163574219,79.17127227783203
2023-02-08,37.31467056274414,63.32432174682617,174.41000366210938,61.959877014160156,86.8022689819336,94.23269653320312,392.6568908691406,78.79745483398438
2023-02-09,37.490203857421875,63.44051742553711,173.02999877929688,61.55962371826172,86.41204071044922,93.44054412841797,389.2529296875,77.9367904663086
2023-02-10,37.12989807128906,63.163448333740234,173.36000061035156,61.085838317871094,85.99517059326172,92.78612518310547,390.1612854003906,78.20630645751953
2023-02-13,37.43477249145508,63.798038482666016,172.47999572753906,61.241065979003906,86.19917297363281,93.13057708740234,394.7413635253906,78.90177154541016
2023-02-14,37.3701057434082,63.91421890258789,172.61000061035156,61.25738525390625,85.80892944335938,92.89806365966797,394.5597229003906,78.27583312988281
2023-02-15,37.055992126464844,63.62822341918945,170.88999938964844,61.159339904785156,85.55171203613281,92.5450439453125,395.8410949707031,78.58879852294922
2023-02-16,37.06523132324219,63.31538009643555,170.75,60.66922378540039,85.26791381835938,91.8045425415039,390.3907470703125,77.82377624511719
2023-02-17,36.65873336791992,63.47627639770508,171.25999450683594,60.90612030029297,85.50737762451172,92.16616821289062,389.4154052734375,77.5195083618164
2023-02-21,36.196800231933594,62.779117584228516,170.6199951171875,59.966712951660156,84.57612609863281,90.8573989868164,381.60345458984375,75.96337890625
2023-02-22,36.02127456665039,62.43054962158203,169.66000366210938,60.35881423950195,84.72687530517578,91.11571502685547,381.0775451660156,75.27659606933594
2023-02-23,36.196800231933594,62.752315521240234,169.57000732421875,60.95515060424805,85.0550537109375,91.83036804199219,383.1046447753906,75.84169006347656
2023-02-24,35.38380813598633,61.70658874511719,168.35000610351562,60.5875358581543,84.5406494140625,91.14155578613281,379.0122375488281,74.5115737915039
2023-02-27,35.568580627441406,62.439491271972656,169.00999450683594,60.9959602355957,84.79785919189453,91.1673812866211,380.302978515625,74.62458801269531
2023-02-28,35.31913757324219,61.9836540222168,169.77999877929688,60.881614685058594,84.93089294433594,91.2017822265625,378.89752197265625,74.520263671875
2023-03-01,36.07670211791992,62.314361572265625,170.75999450683594,60.70901870727539,84.25190734863281,90.63323974609375,377.44403076171875,73.58135986328125
2023-03-02,36.2060432434082,62.439491271972656,170.66000366210938,60.782989501953125,83.90528869628906,90.71099090576172,380.3794860839844,74.44203186035156
2023-03-03,36.529388427734375,63.351139068603516,172.49000549316406,61.40758514404297,84.5807113647461,91.73928833007812,386.4800109863281,75.57218170166016
2023-03-06,36.40005111694336,63.19026184082031,171.6199951171875,61.40758514404297,84.42961883544922,91.48869323730469,386.74774169921875,75.27659606933594
2023-03-07,35.79029846191406,62.13560485839844,168.6199951171875,60.97201919555664,84.43853759765625,91.22943878173828,380.8193664550781,73.52051544189453
2023-03-08,35.93812561035156,62.47524642944336,168.5399932861328,60.68435287475586,84.41187286376953,91.08255767822266,381.44091796875,74.36378479003906
2023-03-09,35.14360427856445,62.0194091796875,170.1999969482422,60.34742736816406,84.93617248535156,90.99614715576172,374.4033203125,72.65987396240234
2023-03-10,34.95882797241211,61.35801696777344,173.8699951171875,60.355621337890625,86.50037384033203,92.30091857910156,369.0009460449219,70.25179290771484
2023-03-13,35.01426696777344,60.93794250488281,177.86000061035156,60.02687454223633,87.5490493774414,92.3786849975586,368.4750061035156,71.17328643798828
2023-03-14,35.03273391723633,61.75127410888672,176.8300018310547,60.46247863769531,86.72256469726562,92.10216522216797,374.5658874511719,71.86006927490234
2023-03-15,34.43223190307617,59.83858871459961,178.2100067138672,60.2652473449707,87.97566986083984,92.98356628417969,372.2232666015625,71.80790710449219
2023-03-16,34.95882797241211,60.76811981201172,178.57000732421875,60.65971374511719,87.18472290039062,92.84527587890625,378.75396728515625,71.65142822265625
2023-03-17,34.74634552001953,60.04415512084961,183.77000427246094,60.29811477661133,88.21562957763672,93.31188201904297,374.32537841796875,70.0257568359375
2023-03-20,34.87568664550781,60.982635498046875,183.83999633789062,60.13374328613281,87.86013793945312,93.0353775024414,377.9247131347656,70.82555389404297
2023-03-21,35.189796447753906,61.90321731567383,180.3699951171875,60.79119110107422,87.09583282470703,93.48469543457031,382.8870849609375,70.51258850097656
2023-03-22,35.32837677001953,61.688697814941406,183.44000244140625,60.84872055053711,88.24229431152344,94.02908325195312,376.36016845703125,67.87846374511719
2023-03-23,35.81801986694336,61.69764709472656,185.74000549316406,60.610408782958984,88.74888610839844,94.29694366455078,377.3775939941406,67.45247650146484
2023-03-24,35.72563171386719,61.50996017456055,183.64999389648438,60.48711395263672,88.7755126953125,94.5906982421875,379.8539733886719,69.1822738647461
2023-03-27,35.531620025634766,62.09090805053711,181.9499969482422,60.339202880859375,87.68238830566406,93.45880889892578,380.56427001953125,69.10324096679688
2023-03-28,36.03974533081055,62.11772155761719,183.44000244140625,60.30632019042969,87.62903594970703,93.30325317382812,379.7100524902344,68.93641662597656
2023-03-29,36.1413688659668,62.868499755859375,182.52999877929688,61.06241989135742,87.47798919677734,93.73528289794922,385.2290344238281,70.4642333984375
2023-03-30,36.50167465209961,63.60140609741211,184.17999267578125,61.42402267456055,87.6113052368164,93.86490631103516,387.48468017578125,71.3862075805664
2023-03-31,36.455482482910156,63.92316436767578,183.22000122070312,62.089717864990234,88.09121704101562,94.7116928100586,392.9461364746094,72.91401672363281
2023-04-03,36.529388427734375,64.43260955810547,184.5399932861328,62.04182052612305,88.5062026977539,95.28376770019531,394.4435119628906,72.33448791503906
2023-04-04,36.529388427734375,64.44155883789062,187.97999572753906,61.86017990112305,89.07608795166016,95.40511322021484,392.2549743652344,72.2379150390625
2023-04-05,36.24299621582031,63.99467086791992,187.8300018310547,61.51346206665039,89.4500961303711,95.71715545654297,391.2279968261719,71.8515625
2023-04-06,36.390811920166016,64.2985610961914,186.49000549316406,61.78588104248047,89.47683715820312,95.63047790527344,392.75421142578125,72.3432846069336
2023-04-10,36.427764892578125,64.25386047363281,185.11000061035156,61.72808074951172,88.59523010253906,95.18843078613281,393.15728759765625,72.67694091796875
2023-04-11,36.64949417114258,64.4683609008789,186.27999877929688,61.86017990112305,88.55961608886719,95.16242218017578,393.26287841796875,72.98426055908203
2023-04-12,36.390811920166016,64.87950134277344,187.19000244140625,61.84367752075195,88.81785583496094,94.96305847167969,391.659912109375,72.6330337524414
2023-04-13,36.88969802856445,65.71072387695312,189.72000122070312,62.26471710205078,88.52399444580078,95.12775421142578,396.86224365234375,72.41352081298828
2023-04-14,36.6956901550293,65.44259643554688,186.36000061035156,62.14915466308594,88.08763122558594,94.81571197509766,395.8927917480469,71.28959655761719
2023-04-17,36.85273742675781,65.3263931274414,185.52999877929688,61.98405838012695,87.52664184570312,94.21763610839844,397.3133850097656,72.77352142333984
2023-04-18,36.80655288696289,65.68389892578125,186.25,62.02531051635742,87.66912078857422,94.52965545654297,397.5724792480469,72.606689453125
2023-04-19,36.43701171875,65.47833251953125,185.36000061035156,61.77766799926758,87.48209381103516,94.06163024902344,397.50537109375,73.03694915771484
2023-04-20,36.38157272338867,65.47833251953125,186.08999633789062,61.719852447509766,87.98968505859375,94.4169921875,395.3360900878906,72.31694030761719
2023-04-21,36.03974533081055,65.80903625488281,184.25,61.909751892089844,87.7759780883789,94.47766876220703,395.6432189941406,72.32572174072266
2023-04-24,35.956600189208984,65.97886657714844,184.80999755859375,62.08308410644531,88.20341491699219,94.89372253417969,396.0559997558594,72.05352020263672
2023-04-25,35.28218460083008,65.05826568603516,185.75,61.98405838012695,89.07608795166016,95.30976104736328,389.76898193359375,71.34229278564453
2023-04-26,35.48543167114258,65.0135726928711,184.74000549316406,61.74460220336914,88.72881317138672,94.89372253417969,388.11810302734375,70.65739440917969
2023-04-27,35.96583938598633,65.8269271850586,184.75,61.95101547241211,88.14997100830078,94.5470199584961,395.84478759765625,72.25548553466797
2023-04-28,36.150611877441406,65.80009460449219,184.8000030517578,62.215206146240234,88.8089599609375,95.28376770019531,399.22344970703125,73.14231872558594
2023-05-01,36.03050994873047,65.70179748535156,183.97000122070312,61.929962158203125,87.7636947631836,93.74610900878906,398.8203125,72.59791564941406
2023-05-02,35.679443359375,65.04039764404297,187.52000427246094,61.871917724609375,88.90625,94.87672424316406,394.3378601074219,71.36863708496094
2023-05-03,35.6240119934082,65.210205078125,189.11000061035156,61.83875274658203,89.4864501953125,95.03327941894531,391.63116455078125,71.08765411376953
2023-05-04,35.91040802001953,65.07614135742188,190.44000244140625,61.65634536743164,89.4686050415039,94.77236938476562,388.857177734375,71.67595672607422
2023-05-05,36.390811920166016,66.03248596191406,187.4600067138672,61.98799133300781,88.9865951538086,94.39840698242188,396.0559997558594,72.8701171875
2023-05-08,36.40928649902344,66.05036926269531,187.69000244140625,61.81388473510742,88.44208526611328,93.72000885009766,396.1615905761719,72.44864654541016
2023-05-09,36.18756103515625,65.78223419189453,189.02000427246094,61.65634536743164,88.3349609375,93.68521881103516,394.4242858886719,72.14132690429688
2023-05-10,36.169090270996094,65.64816284179688,188.75,62.02946472167969,88.99551391601562,94.42448425292969,396.2671203613281,72.8349838256836
2023-05-11,36.03974533081055,65.48727416992188,187.1300048828125,61.929962158203125,89.32579040527344,94.78978729248047,395.5760803222656,72.03595733642578
2023-05-12,35.614768981933594,65.37108612060547,186.80999755859375,61.70609664916992,88.79017639160156,94.20703887939453,395.0577392578125,72.02718353271484
2023-05-15,36.27070999145508,65.87159729003906,187.2100067138672,61.68952941894531,88.59383392333984,93.7026138305664,396.4207763671875,71.90424346923828
2023-05-16,36.01203155517578,65.24596405029297,184.8699951171875,61.25835037231445,88.30819702148438,93.23297882080078,393.77154541015625,70.10423278808594
2023-05-17,36.17832946777344,65.54984283447266,184.22999572753906,61.42416763305664,88.02253723144531,93.22425079345703,398.5515441894531,71.05254364013672
2023-05-18,35.984317779541016,65.45153045654297,181.83999633789062,61.457340240478516,87.47804260253906,92.83289337158203,402.390869140625,70.71009063720703
2023-05-19,36.01203155517578,65.83586120605469,183.63999938964844,61.52367401123047,87.14778900146484,92.7198715209961,401.8053894042969,70.595947265625
2023-05-22,36.30766677856445,65.8537368774414,183.2100067138672,61.797298431396484,86.987060546875,92.68505859375,401.968505859375,71.02619171142578
2023-05-23,35.74410629272461,64.88844299316406,183.42999267578125,61.473907470703125,87.1299057006836,92.87638092041016,397.45733642578125,70.35887145996094
2023-05-24,35.4761962890625,63.941036224365234,181.9499969482422,61.04276657104492,86.90672302246094,92.51111602783203,394.57781982421875,68.8486099243164
2023-05-25,35.40228271484375,63.851661682128906,180.1999969482422,61.001304626464844,86.36225891113281,92.20672607421875,397.99481201171875,68.83982849121094
2023-05-26,36.03050994873047,64.47731018066406,180.9199981689453,61.37440490722656,86.5229263305664,92.59809875488281,403.1491394042969,69.63008117675781
2023-05-30,35.614768981933594,63.82484817504883,182.0399932861328,61.63976287841797,87.2013168334961,93.29386901855469,403.30267333984375,69.89349365234375
2023-05-31,35.28218460083008,63.163448333740234,182.32000732421875,61.449058532714844,87.53157806396484,93.59827423095703,401.0663757324219,70.24472045898438
2023-06-01,35.91040802001953,64.1019287109375,183.75999450683594,61.8181266784668,87.77494049072266,93.88532257080078,404.8768310546875,70.25350189208984
2023-06-02,36.529388427734375,64.9331283569336,181.0500030517578,62.13471603393555,87.07704162597656,93.6323013305664,410.73187255859375,71.9657211303711
2023-06-05,36.5201530456543,64.55775451660156,182.13999938964844,62.0847282409668,87.05022430419922,93.43163299560547,409.94476318359375,71.46522521972656
2023-06-06,36.843505859375,65.09400939941406,182.33999633789062,62.18470001220703,87.10388946533203,93.61483764648438,410.83740234375,72.15010833740234
2023-06-07,36.685218811035156,64.52153015136719,180.14999389648438,61.84313201904297,86.4686279296875,92.77721405029297,409.41693115234375,73.4759750366211
2023-06-08,36.945926666259766,65.20415496826172,182.52999877929688,62.23469543457031,87.05022430419922,93.39669036865234,411.89324951171875,73.0194091796875
2023-06-09,37.113521575927734,65.09492492675781,182.0399932861328,62.251346588134766,86.737060546875,93.15240478515625,412.63232421875,72.59791564941406
2023-06-12,37.188011169433594,65.37708282470703,181.8800048828125,62.18470001220703,86.88021850585938,93.44908142089844,416.37567138671875,72.61547088623047
2023-06-13,37.56045150756836,65.99598693847656,180.5399932861328,62.25970458984375,86.2628402709961,93.0302505493164,419.1207580566406,73.08084869384766
2023-06-14,37.839778900146484,66.24173736572266,180.63999938964844,62.284664154052734,86.37916564941406,93.31817626953125,419.619873046875,73.3530502319336
2023-06-15,38.19359588623047,66.94255828857422,181.91000366210938,62.584625244140625,87.05022430419922,94.12964630126953,424.8221435546875,73.73939514160156
2023-06-16,38.0632438659668,66.79694366455078,181.6300048828125,62.426300048828125,86.67443084716797,93.96385955810547,423.3751220703125,73.68671417236328
2023-06-20,37.318363189697266,65.91407775878906,179.75,62.25970458984375,86.93390655517578,94.30415344238281,421.17852783203125,72.81742858886719
2023-06-21,37.14145278930664,66.01419067382812,179.49000549316406,62.10138702392578,87.01445007324219,94.199462890625,419.02056884765625,72.37841033935547
2023-06-22,37.011104583740234,65.60462188720703,177.7100067138672,61.91810607910156,86.52232360839844,93.7108154296875,420.5331726074219,71.34229278564453
2023-06-23,36.47106170654297,64.58524322509766,178.1999969482422,61.80978775024414,86.88021850585938,93.97259521484375,417.3538818359375,70.35887145996094
2023-06-26,36.59210968017578,64.66715240478516,178.50999450683594,61.84313201904297,87.094970703125,94.07730865478516,415.6487121582031,71.98326873779297
2023-06-27,36.96455001831055,65.2314453125,177.69000244140625,62.05141067504883,86.7907485961914,93.97259521484375,420.2055969238281,72.8701171875
2023-06-28,36.741085052490234,65.27696990966797,177.27999877929688,62.40966033935547,87.13970184326172,94.38267517089844,420.4175720214844,72.97547912597656
2023-06-29,36.54555130004883,65.18595886230469,177.08999633789062,62.24300765991211,86.24492645263672,93.66719055175781,422.0745544433594,73.79064178466797
2023-06-30,36.834197998046875,65.98689270019531,178.27000427246094,62.54294204711914,86.43283081054688,94.35649871826172,427.0552978515625,74.19911193847656
2023-07-03,37.24386978149414,65.91407775878906,178.47000122070312,62.444969177246094,86.05793762207031,94.09212493896484,427.5466613769531,74.92723083496094
2023-07-05,37.020416259765625,65.17684173583984,177.83999633789062,62.25230407714844,85.64537811279297,93.41812896728516,426.9107971191406,75.09596252441406
2023-07-06,36.26622772216797,64.0482406616211,177.30999755859375,61.799983978271484,84.94574737548828,92.47273254394531,423.5678405761719,74.51878356933594
2023-07-07,36.675907135009766,64.53062438964844,178.63999938964844,61.858612060546875,84.8381576538086,92.38520050048828,422.4985046386719,74.35006713867188
2023-07-10,36.70383834838867,64.71265411376953,178.77999877929688,62.16851806640625,85.27763366699219,92.86664581298828,423.5678405761719,74.66973876953125
2023-07-11,37.07627868652344,65.29515838623047,179.4499969482422,62.50359344482422,85.45700073242188,93.30435180664062,426.26531982421875,75.73530578613281
2023-07-12,37.90495681762695,66.54208374023438,181.8800048828125,62.98939895629883,86.2911376953125,94.12715148925781,429.69500732421875,76.14376831054688
2023-07-13,38.3984375,67.60697937011719,182.00999450683594,63.3663444519043,87.00865173339844,94.79241180419922,433.1054992675781,76.63215637207031
2023-07-14,38.18428421020508,67.2247085571289,181.42999267578125,62.9056282043457,86.578125,94.05714416503906,432.835693359375,76.481201171875
2023-07-17,38.2308464050293,67.14279174804688,181.55999755859375,63.02289962768555,86.72164154052734,94.2146987915039,434.338623046875,75.98394775390625
2023-07-18,37.951507568359375,67.5796890258789,183.63999938964844,63.19879150390625,86.8203125,94.45105743408203,437.5660095214844,75.56659698486328
2023-07-19,37.87702178955078,67.54327392578125,183.6699981689453,63.24906921386719,87.11627960205078,94.98499298095703,438.5390625,76.41903686523438
2023-07-20,37.59769821166992,67.1974105834961,182.74000549316406,62.9726448059082,86.42565155029297,94.34599304199219,435.6295166015625,76.17040252685547
2023-07-21,37.54182815551758,67.33393096923828,182.17999267578125,63.13179397583008,86.49742889404297,94.51229858398438,435.6295166015625,76.5256118774414
2023-07-24,38.05393600463867,67.17010498046875,181.39999389648438,63.02289962768555,86.2911376953125,94.39852905273438,437.57568359375,77.15605163574219
2023-07-25,38.37049865722656,67.24291229248047,182.41000366210938,62.98101043701172,86.12968444824219,94.24969482421875,438.770263671875,76.60552215576172
2023-07-26,38.593971252441406,67.4249496459961,183.3000030517578,63.2323112487793,86.42565155029297,94.68738555908203,438.8376770019531,76.95183563232422
2023-07-27,38.11910629272461,67.27023315429688,180.4199981689453,62.729732513427734,85.4839096069336,93.53189849853516,435.9281921386719,75.2824478149414
2023-07-28,39.0408935546875,67.75261688232422,181.86000061035156,63.08992004394531,85.76193237304688,94.1446533203125,440.1960754394531,75.22028350830078
2023-07-31,39.05951690673828,67.77081298828125,182.35000610351562,63.24068832397461,85.86956787109375,94.40727996826172,441.03424072265625,75.70867156982422
2023-08-01,38.5660285949707,66.92436218261719,180.4600067138672,62.927608489990234,85.36782836914062,93.466552734375,439.772216796875,75.58434295654297
2023-08-02,37.64425277709961,65.67743682861328,179.60000610351562,62.65827941894531,85.19701385498047,92.8956298828125,433.65460205078125,75.14924621582031
2023-08-03,37.79322814941406,65.4953842163086,179.5399932861328,62.456295013427734,84.56758117675781,92.0611572265625,432.4118347167969,74.33231353759766
2023-08-04,37.74666976928711,65.67743682861328,180.19000244140625,62.82661819458008,85.46674346923828,93.01859283447266,430.4561462402344,73.72848510742188
2023-08-07,37.690799713134766,66.23263549804688,179.77999877929688,62.94444274902344,85.25993347167969,92.79020690917969,434.2133483886719,74.65198516845703
2023-08-08,37.23456573486328,65.83216094970703,178.63999938964844,63.07909393310547,85.6915283203125,93.15913391113281,432.32513427734375,74.1724624633789
2023-08-09,37.32767868041992,65.81395721435547,177.7899932861328,63.08750915527344,85.74549102783203,93.24696350097656,429.43487548828125,74.1635971069336
2023-08-10,37.383541107177734,66.09611511230469,177.60000610351562,63.0706787109375,85.0890884399414,92.58818817138672,429.5890808105469,73.87943267822266
2023-08-11,36.834197998046875,65.65011596679688,177.60000610351562,62.97810745239258,84.63951873779297,92.27198791503906,429.33856201171875,73.994873046875
2023-08-14,36.657283782958984,65.35887145996094,177.05999755859375,62.969696044921875,84.50462341308594,92.2368392944336,431.7085266113281,73.50648498535156
2023-08-15,36.2382926940918,64.54882049560547,176.58999633789062,62.767696380615234,84.34278869628906,91.75374603271484,426.6796875,72.68067169189453
2023-08-16,35.91240310668945,64.02093505859375,175.57000732421875,62.57412338256836,84.01910400390625,91.34089660644531,423.54864501953125,71.7838134765625
2023-08-17,35.99620819091797,63.56584930419922,175.3000030517578,62.3132438659668,83.91117095947266,91.09497833251953,420.3211669921875,71.20665740966797
2023-08-18,35.754127502441406,63.56584930419922,175.3300018310547,62.35528564453125,84.1629409790039,91.43753814697266,420.5235290527344,71.42861938476562
2023-08-21,35.83791732788086,63.802494049072266,175.80999755859375,62.33848190307617,83.64142608642578,90.89291381835938,423.2594909667969,70.77153015136719
2023-08-22,35.763431549072266,63.68417739868164,176.10000610351562,62.37216567993164,83.67737579345703,91.17402648925781,422.1131286621094,70.97576904296875
2023-08-23,36.33140563964844,64.37590789794922,177.88999938964844,62.877105712890625,84.5855484008789,92.45643615722656,426.8145446777344,72.0946044921875
2023-08-24,36.19173812866211,63.493045806884766,177.85000610351562,62.53205871582031,84.27084350585938,92.14022064208984,420.8992004394531,71.8193359375
2023-08-25,36.228981018066406,63.92081069946289,177.6199951171875,62.792938232421875,84.24385833740234,92.19293975830078,423.8664855957031,71.87263488769531
2023-08-28,36.582801818847656,64.59434509277344,178.1300048828125,63.02859878540039,84.4776382446289,92.4827651977539,426.5543518066406,72.5474853515625
2023-08-29,37.048343658447266,65.39527893066406,179.8699951171875,63.424171447753906,85.0801010131836,93.2205810546875,432.72015380859375,73.42656707763672
2023-08-30,36.92730712890625,65.35887145996094,180.32000732421875,63.39893341064453,85.07110595703125,93.08885192871094,434.50238037109375,73.6929702758789
2023-08-31,36.47106170654297,65.10401916503906,180.02000427246094,63.356849670410156,85.24197387695312,93.24696350097656,433.8665466308594,73.15129089355469
2023-09-01,36.89937210083008,65.06761932373047,180.11000061035156,63.476051330566406,84.72088623046875,92.58317565917969,434.67584228515625,73.2756118774414
2023-09-05,36.601417541503906,64.5033187866211,178.63999938964844,63.061737060546875,84.20704650878906,91.92207336425781,432.7971496582031,72.42316436767578
2023-09-06,36.39657974243164,64.3667984008789,177.8300018310547,62.909549713134766,83.99070739746094,91.83393859863281,429.88775634765625,72.27220916748047
2023-09-07,35.9682731628418,64.15746307373047,178.02000427246094,63.12091064453125,84.27916717529297,92.23941040039062,428.56781005859375,72.7250747680664
2023-09-08,36.042755126953125,64.06643676757812,178.0800018310547,63.09554672241211,84.2972183227539,92.30992126464844,429.21331787109375,72.44092559814453
2023-09-11,36.489688873291016,64.73086547851562,178.41000366210938,63.20549011230469,84.15299224853516,92.13363647460938,432.0361633300781,72.44979095458984
2023-09-12,36.37795639038086,64.4669189453125,177.49000549316406,63.104007720947266,84.27017211914062,92.107177734375,429.6661682128906,72.4142837524414
2023-09-13,36.33140563964844,64.26667022705078,177.0800018310547,63.273128509521484,84.36935424804688,92.30992126464844,430.16717529296875,71.62398529052734
2023-09-14,36.573490142822266,65.11312866210938,177.1699981689453,63.349212646484375,84.17998504638672,92.1424560546875,433.876220703125,72.92042541503906
2023-09-15,36.43382263183594,64.9675064086914,178.33999633789062,63.11245346069336,83.9185791015625,92.00140380859375,428.6487121582031,72.6451416015625
2023-09-18,36.387271881103516,64.73995208740234,179.38999938964844,63.154747009277344,83.99971008300781,92.17770385742188,428.9000549316406,71.99694061279297
2023-09-19,36.17311096191406,64.7945785522461,179.22000122070312,62.96025466918945,83.69320678710938,91.86918640136719,428.0105895996094,71.66838836669922
2023-09-20,36.02413558959961,64.63984680175781,179.35000610351562,62.909549713134766,83.63011169433594,91.90442657470703,424.0757751464844,71.73054504394531
2023-09-21,35.400299072265625,63.56584930419922,178.0500030517578,62.46138000488281,83.00808715820312,90.97887420654297,417.0665283203125,69.28861236572266
2023-09-22,35.81930160522461,63.62046813964844,178.6199951171875,62.571311950683594,83.33262634277344,91.53421783447266,416.1287536621094,68.76470947265625
2023-09-25,35.6610107421875,63.33831024169922,177.6999969482422,62.48673629760742,82.7196273803711,90.6439208984375,417.8786315917969,68.70256042480469
2023-09-26,35.1582145690918,62.5191650390625,176.27999877929688,62.21617126464844,82.69258117675781,90.38827514648438,411.73944091796875,67.45050048828125
2023-09-27,35.214088439941406,62.40084457397461,174.10000610351562,62.13159942626953,82.32298278808594,89.96515655517578,411.9038391113281,66.99763488769531
2023-09-28,35.307193756103516,62.91053009033203,173.22999572753906,62.42757797241211,82.54833221435547,90.12382507324219,414.291748046875,67.64051818847656
2023-09-29,35.33512496948242,62.7285041809082,171.4499969482422,62.33454895019531,82.5663833618164,89.9299087524414,413.2863464355469,67.83776092529297
2023-10-02,35.1582145690918,61.80923843383789,169.64999389648438,61.95630645751953,81.8966293334961,89.10601043701172,413.1219787597656,66.59146881103516
2023-10-03,34.69266891479492,61.03559112548828,169.16000366210938,61.32730484008789,81.21878051757812,88.0794448852539,407.59185791015625,65.29138946533203
2023-10-04,34.59025192260742,61.144813537597656,169.13999938964844,61.64180374145508,81.73391723632812,88.84938049316406,410.5599670410156,66.08937072753906
2023-10-05,34.72060012817383,61.68180847167969,168.8300018310547,61.70132064819336,81.88758850097656,88.74317169189453,410.4052734375,66.45697784423828
2023-10-06,35.22339630126953,62.36442947387695,169.6999969482422,61.786312103271484,81.4085693359375,88.47769165039062,415.2779235839844,66.63631439208984
2023-10-09,35.05580139160156,62.273414611816406,172.82000732421875,62.24530029296875,82.44796752929688,89.57502746582031,417.9366149902344,67.36254119873047
2023-10-10,35.55859375,63.128971099853516,172.52999877929688,62.22831726074219,82.2852783203125,89.61043548583984,420.1119079589844,67.68535614013672
2023-10-11,35.78205108642578,63.39291763305664,173.7899932861328,62.219818115234375,82.7372055053711,90.1590805053711,421.8327941894531,68.85990142822266
2023-10-12,35.381683349609375,62.86502456665039,173.25999450683594,61.888301849365234,81.94181060791016,89.2210693359375,419.2611389160156,67.8556900024414
2023-10-13,35.25132751464844,62.28251266479492,178.8300018310547,61.837310791015625,82.46605682373047,89.71662902832031,417.1728515625,67.68535614013672
2023-10-16,35.51203918457031,62.73760986328125,177.9600067138672,61.8203125,81.97797393798828,89.09716796875,421.5620422363281,68.49229431152344
2023-10-17,35.41892623901367,62.77401351928711,178.2899932861328,61.531314849853516,81.17355346679688,88.3891830444336,421.5427551269531,68.39366912841797
2023-10-18,34.8788948059082,61.68180847167969,180.8699951171875,61.23381423950195,80.79393005371094,87.68124389648438,415.9256896972656,66.94114685058594
2023-10-19,34.674049377441406,61.13571548461914,183.08999633789062,61.0128173828125,80.3962631225586,86.97328186035156,412.2711181640625,65.3541488647461
2023-10-20,34.25505828857422,60.58961486816406,183.58999633789062,61.14030838012695,80.86622619628906,87.3183822631836,407.2052001953125,64.91481018066406
2023-10-23,34.22712326049805,60.635128021240234,182.97000122070312,61.38681411743164,81.24584197998047,87.99982452392578,406.4993591308594,64.2781982421875
2023-10-24,34.664737701416016,60.98098373413086,182.9499969482422,61.70132064819336,81.39045715332031,88.49536895751953,409.56414794921875,65.10310363769531
2023-10-25,34.208499908447266,60.544105529785156,183.72000122070312,61.36979293823242,80.67645263671875,87.69007873535156,403.68603515625,63.704368591308594
2023-10-26,34.04090118408203,60.10723114013672,184.00999450683594,61.58229446411133,81.29106140136719,88.32723236083984,398.85198974609375,64.92378997802734
2023-10-27,34.012969970703125,59.925193786621094,186.14999389648438,61.50582504272461,81.41758728027344,88.15025329589844,397.04412841796875,63.883689880371094
2023-10-30,34.36678695678711,60.68973159790039,185.10000610351562,61.522804260253906,81.14643859863281,87.8847885131836,401.79107666015625,64.28716278076172
2023-10-31,34.1712532043457,60.908164978027344,184.08999633789062,61.68429946899414,80.97470092773438,87.76087188720703,404.314453125,65.38105010986328
2023-11-01,34.48783493041992,61.4815788269043,183.50999450683594,62.27225875854492,81.90733337402344,89.0168228149414,408.6263122558594,65.78451538085938
2023-11-02,35.093040466308594,62.73760986328125,184.1199951171875,62.972984313964844,82.41490173339844,90.07380676269531,416.4574279785156,67.94535064697266
2023-11-03,35.80998611450195,63.40203094482422,184.7899932861328,63.58827209472656,83.04934692382812,90.51791381835938,420.25689697265625,69.56822204589844
2023-11-06,36.098628997802734,63.08346939086914,183.35000610351562,63.33190155029297,82.56898498535156,90.03826141357422,421.2237243652344,68.56401824951172
2023-11-07,36.033447265625,62.70119857788086,182.58999633789062,63.34046936035156,83.04029846191406,90.75770568847656,422.42254638671875,67.9991455078125
2023-11-08,35.79136276245117,62.61928176879883,180.77000427246094,63.374629974365234,83.37564086914062,91.2196044921875,422.7319641113281,68.22330474853516
2023-11-09,35.4561767578125,62.61017608642578,181.49000549316406,62.98151779174805,82.55085754394531,90.29584503173828,419.43511962890625,67.14735412597656
2023-11-10,35.70756530761719,62.8923225402832,179.50999450683594,63.28916931152344,82.6415023803711,90.74884033203125,425.9803161621094,67.7750015258789
2023-11-13,35.69826126098633,63.0561637878418,180.50999450683594,63.22934341430664,82.59617614746094,90.75770568847656,425.5743103027344,67.21014404296875
2023-11-14,36.647972106933594,64.66715240478516,182.1199951171875,63.87028121948242,83.8378677368164,92.17884826660156,433.8307800292969,70.94007110595703
2023-11-15,36.955238342285156,64.56703186035156,181.63999938964844,63.665184020996094,83.18531036376953,91.69921875,434.7491760253906,71.1462631225586
2023-11-16,36.601417541503906,64.52153015136719,183.69000244140625,63.75061798095703,83.8106918334961,92.45419311523438,435.2809753417969,70.99385070800781
2023-11-17,36.647972106933594,65.39527893066406,183.6699981689453,63.89592361450195,83.86506652832031,92.72065734863281,435.8223571777344,70.94007110595703
2023-11-20,37.104209899902344,65.64102935791016,183.3699951171875,63.96427536010742,83.98290252685547,93.09371185302734,439.17718505859375,71.4600830078125
2023-11-21,36.871437072753906,65.38617706298828,185.35000610351562,64.04972076416016,84.0916519165039,93.12034606933594,438.2200012207031,70.95797729492188
2023-11-22,36.79695129394531,65.54090881347656,184.55999755859375,64.16084289550781,84.06448364257812,93.4934310913086,439.91192626953125,71.30764770507812
2023-11-24,36.81557083129883,66.04148864746094,185.52000427246094,64.09248352050781,83.62940216064453,93.01377868652344,440.1825866699219,71.51388549804688
2023-11-27,36.666595458984375,65.81395721435547,186.77000427246094,64.18647766113281,84.26387786865234,93.76875305175781,439.3898620605469,71.77391052246094
2023-11-28,36.97385787963867,65.83216094970703,189.25999450683594,64.46846771240234,84.63548278808594,94.14181518554688,439.8248596191406,72.24910736083984
2023-11-29,36.759708404541016,65.96869659423828,189.5399932861328,64.81885528564453,85.07960510253906,94.9056625366211,439.5155334472656,72.75120544433594
2023-11-30,36.834197998046875,65.91407775878906,188.75,64.69923400878906,84.66265106201172,94.40826416015625,441.24609375,73.28022003173828
2023-12-01,36.99247741699219,66.60579681396484,192.00999450683594,65.23489379882812,85.46147918701172,95.54496002197266,443.85650634765625,75.0823974609375
2023-12-04,36.573490142822266,66.08700561523438,187.86000061035156,65.0718002319336,85.10706329345703,95.10810852050781,441.5264587402344,75.62932586669922
2023-12-05,36.35002517700195,65.8503646850586,187.14999389648438,65.13191223144531,85.70685577392578,95.86591339111328,441.439453125,75.12723541259766
2023-12-06,36.303466796875,66.05059051513672,187.83999633789062,65.14047241210938,86.06127166748047,96.22251892089844,439.6605224609375,74.903076171875
2023-12-07,36.480377197265625,66.36915588378906,188.14999389648438,65.2520751953125,85.93402099609375,96.23143768310547,443.0153503417969,75.11827087402344
2023-12-08,36.32209014892578,66.56938934326172,185.63999938964844,65.123291015625,85.37969207763672,95.71437072753906,444.919921875,74.99274444580078
2023-12-11,36.5362434387207,66.73322296142578,183.58999633789062,65.08036041259766,85.38876342773438,95.6876220703125,446.6504821777344,75.19896697998047
2023-12-12,36.54555130004883,66.85154724121094,183.49000549316406,65.22631072998047,85.570556640625,96.23143768310547,448.6903991699219,75.15413665771484
2023-12-13,36.90867614746094,67.8254165649414,187.6300048828125,66.22212982177734,86.84281158447266,97.84510803222656,454.8779296875,78.03226470947266
2023-12-14,37.4487190246582,68.32600402832031,188.72999572753906,66.51457977294922,87.5647201538086,98.88568878173828,456.3377685546875,80.28278350830078
2023-12-15,37.22525405883789,67.66158294677734,187.0,66.367919921875,87.49179077148438,98.74253845214844,455.58642578125,79.15303039550781
2023-12-18,37.206634521484375,67.8254165649414,187.85000610351562,66.41107177734375,87.3003921508789,98.33094787597656,458.1491394042969,78.97370910644531
2023-12-19,37.5232048034668,68.39881896972656,189.1300048828125,66.6008529663086,87.46444702148438,98.45620727539062,460.93511962890625,79.5744400024414
2023-12-20,36.84772872924805,67.70854949951172,188.10000610351562,66.6094970703125,87.89281463623047,98.7156982421875,454.54779052734375,78.6060791015625
2023-12-21,37.540283203125,68.80525207519531,189.42999267578125,66.91142272949219,87.7561264038086,98.67988586425781,458.8577575683594,79.30317687988281
2023-12-22,37.36002731323242,68.86975860595703,190.27000427246094,66.83378601074219,87.67408752441406,98.50990295410156,459.7799072265625,79.6117935180664
2023-12-26,37.65412521362305,69.1830825805664,191.72000122070312,66.96321868896484,87.72876739501953,98.7156982421875,461.72137451171875,80.20177459716797
2023-12-27,37.8723258972168,69.55172729492188,192.58999633789062,67.23929595947266,88.4123764038086,99.63723754882812,462.55615234375,80.59209442138672
2023-12-28,38.16642379760742,69.3674087524414,191.47000122070312,67.0235824584961,88.07512664794922,99.3777847290039,462.7309265136719,81.16390228271484
2023-12-29,38.147457122802734,69.44112396240234,191.1699981689453,66.7647705078125,87.85637664794922,99.01094818115234,461.39129638671875,80.20177459716797
2024-01-02,37.70156478881836,68.66700744628906,190.72000122070312,66.54047393798828,87.52825164794922,98.33989715576172,458.8092346191406,80.8916244506836
2024-01-03,37.49285125732422,68.15090942382812,189.1300048828125,66.35930633544922,87.73787689208984,98.11620330810547,455.0622863769531,78.95826721191406
2024-01-04,37.36951446533203,68.30758666992188,189.32000732421875,66.10051727294922,87.20924377441406,97.57042694091797,453.5964660644531,78.81304168701172
2024-01-05,37.416954040527344,68.3536605834961,189.35000610351562,66.15225982666016,86.89022064208984,97.22147369384766,454.21771240234375,78.61336517333984
2024-01-08,37.52130889892578,69.08171081542969,187.8699951171875,66.52324676513672,87.18189239501953,97.96411895751953,460.7021484375,79.7388687133789
2024-01-09,36.99003219604492,68.4642562866211,187.92999267578125,66.62673950195312,87.14543914794922,98.13410186767578,460.0032653808594,79.2033462524414
2024-01-10,36.9046516418457,68.90660858154297,187.5,66.74752807617188,87.00872039794922,98.00882720947266,462.604736328125,79.29411315917969
2024-01-11,37.05644607543945,68.89739227294922,187.8699951171875,66.96321868896484,87.47357177734375,98.59935760498047,462.4009094238281,78.55889892578125
2024-01-12,37.18925857543945,69.1830825805664,189.7100067138672,67.03221893310547,87.71055603027344,98.81410217285156,462.7212219238281,79.03089904785156
2024-01-16,36.28799057006836,68.02189636230469,187.91000366210938,66.6094970703125,86.99960327148438,97.81201171875,461.0224304199219,78.44998168945312
2024-01-17,35.74722671508789,67.37677764892578,185.83999633789062,66.32479858398438,86.717041015625,97.60620880126953,458.45977783203125,77.01586151123047
2024-01-18,36.04132843017578,67.97582244873047,187.3699951171875,66.46285247802734,86.52564239501953,97.41831970214844,462.5367431640625,76.59832763671875
2024-01-19,36.42081069946289,68.13248443603516,187.92999267578125,66.57498931884766,86.53475952148438,97.5167465209961,468.3028564453125,77.51508331298828
2024-01-22,36.09824752807617,68.34444427490234,187.22000122070312,66.62673950195312,86.799072265625,97.78514862060547,469.2929992675781,77.97798156738281
2024-01-23,36.411319732666016,68.15090942382812,187.9499969482422,66.5490951538086,86.5802993774414,97.42729187011719,470.66162109375,77.44245910644531
2024-01-24,36.819271087646484,68.66700744628906,186.39999389648438,66.51457977294922,86.33421325683594,97.23937225341797,471.17620849609375,76.3351058959961
2024-01-25,36.866703033447266,68.86052703857422,187.13999938964844,67.0235824584961,86.70793151855469,97.88358306884766,473.73883056640625,77.31539154052734
2024-01-26,36.89516067504883,69.16465759277344,187.00999450683594,66.97183227539062,86.55296325683594,97.60620880126953,473.1370544433594,77.0975570678711
2024-01-29,36.91413497924805,69.57015228271484,188.3300018310547,67.11848449707031,87.07251739501953,98.00882720947266,476.8839111328125,77.60585021972656
2024-01-30,36.620033264160156,69.47798919677734,188.58999633789062,67.03221893310547,87.1910171508789,98.32200622558594,476.5150451660156,76.87970733642578
2024-01-31,36.42081069946289,69.12779998779297,188.4499969482422,66.84241485595703,87.92019653320312,98.57252502441406,468.7396240234375,76.14448547363281
2024-02-01,36.771827697753906,69.80976104736328,190.41000366210938,67.22737884521484,88.46475219726562,99.33484649658203,474.8746337890625,77.52415466308594
2024-02-02,36.66747283935547,69.2568130493164,188.61000061035156,66.92391967773438,87.31348419189453,98.42797088623047,479.87371826171875,76.56201171875
2024-02-05,36.714908599853516,68.88818359375,187.57000732421875,66.61177825927734,86.4637222290039,97.48516082763672,478.12646484375,74.9554443359375
2024-02-06,37.549774169921875,69.3121109008789,188.5500030517578,66.85457611083984,86.9296875,98.03287506103516,479.5146484375,75.96296691894531
2024-02-07,37.59720993041992,69.27523803710938,188.5,66.96726989746094,86.77440643310547,97.74553680419922,483.51397705078125,75.85403442382812
2024-02-08,37.38848876953125,69.15544891357422,188.3300018310547,66.93258666992188,86.49114990234375,97.24272155761719,483.72747802734375,76.47125244140625
2024-02-09,37.549774169921875,69.39505004882812,187.60000610351562,67.07131958007812,86.33583068847656,97.11703491210938,486.5231628417969,76.58924102783203
2024-02-12,37.84386444091797,69.51484680175781,187.11000061035156,66.92391967773438,86.41805267333984,97.12602233886719,486.3096008300781,76.6073989868164
2024-02-13,37.13233947753906,68.44581604003906,184.52999877929688,66.3863754272461,85.46780395507812,96.0575180053711,479.61163330078125,75.0280532836914
2024-02-14,37.663612365722656,69.21073150634766,184.4199981689453,66.6465072631836,85.78760528564453,96.50646209716797,483.97021484375,75.61803436279297
2024-02-15,37.84386444091797,69.99407958984375,185.66000366210938,66.88056945800781,86.0251693725586,96.85662078857422,487.3094787597656,77.37892150878906
2024-02-16,38.02412033081055,70.10467529296875,186.33999633789062,66.68114471435547,85.65052032470703,96.50646209716797,484.8827209472656,76.5801773071289
2024-02-20,38.08104705810547,70.3903579711914,187.47000122070312,66.81987762451172,85.7967300415039,96.8297119140625,482.2132263183594,76.44401550292969
2024-02-21,38.147457122802734,70.4456558227539,187.47999572753906,66.69849395751953,85.52261352539062,96.5872802734375,482.6500549316406,76.87062072753906
2024-02-22,38.53642272949219,71.23821258544922,187.55999755859375,67.01929473876953,85.53178405761719,96.73989868164062,492.6387023925781,77.01586151123047
2024-02-23,38.51744842529297,71.33036804199219,188.6199951171875,67.06265258789062,85.92465209960938,97.0272445678711,492.9784851074219,76.97955322265625
2024-02-26,38.346675872802734,71.22899627685547,188.1999969482422,66.84587097167969,85.7967300415039,96.72195434570312,491.1728820800781,76.13541412353516
2024-02-27,38.422576904296875,71.42252349853516,188.0,66.93258666992188,85.6048583984375,96.5872802734375,492.08538818359375,76.22618865966797
2024-02-28,37.919761657714844,71.00782012939453,188.33999633789062,66.92391967773438,85.91552734375,96.57829284667969,491.4350280761719,76.99771118164062
2024-02-29,37.93873596191406,71.19213104248047,189.30999755859375,67.0453109741211,86.0891342163086,96.6680908203125,493.20172119140625,77.65122985839844
2024-03-01,38.403602600097656,71.8833236694336,192.88999938964844,67.29642486572266,86.48212432861328,97.25653839111328,497.83203125,78.5770492553711
2024-03-04,38.31821823120117,71.69900512695312,196.00999450683594,67.27897644042969,86.28975677490234,97.0763168334961,497.29815673828125,79.312255859375
2024-03-05,37.976680755615234,71.56998443603516,197.19000244140625,67.22665405273438,86.82111358642578,97.6080093383789,492.3280334472656,78.35014343261719
2024-03-06,38.52693176269531,72.4178466796875,198.80999755859375,67.392333984375,87.03179931640625,97.86935424804688,494.82281494140625,78.74043273925781
2024-03-07,38.76411437988281,73.27490234375,199.94000244140625,67.47081756591797,87.17838287353516,98.11268615722656,499.7346496582031,78.72225952148438
2024-03-08,38.726165771484375,73.0353012084961,201.6300048828125,67.48822784423828,87.24252319335938,98.24784851074219,496.7350769042969,79.62995910644531
2024-03-11,38.81155014038086,72.62059020996094,202.0,67.4795150756836,87.132568359375,98.2658920288086,496.3080139160156,79.24871826171875
2024-03-12,39.23846435546875,73.20117950439453,199.7899932861328,67.54056549072266,86.77528381347656,97.95046997070312,501.6469421386719,79.07628631591797
2024-03-13,39.11513137817383,73.21040344238281,201.19000244140625,67.56670379638672,86.58291625976562,97.85134887695312,500.86065673828125,78.67688751220703
2024-03-14,38.9159049987793,72.67588806152344,200.35000610351562,67.24410247802734,85.94161224365234,97.13037872314453,499.8704833984375,77.49691772460938
2024-03-15,38.67872619628906,72.70352172851562,199.7100067138672,67.20050811767578,85.7950439453125,97.15741729736328,496.4381408691406,77.324462890625
2024-03-18,38.745140075683594,72.68510437011719,200.02999877929688,67.35745239257812,85.69427490234375,96.9952163696289,499.3885192871094,77.36077880859375
2024-03-19,38.55539321899414,72.81411743164062,199.8000030517578,67.62773895263672,85.94161224365234,97.27458953857422,502.1636657714844,77.33353424072266
2024-03-20,38.991798400878906,73.58824157714844,202.17999267578125,67.85444641113281,86.14318084716797,97.45481872558594,506.8082580566406,77.84184265136719
2024-03-21,39.03923797607422,73.55137634277344,201.97000122070312,67.81958770751953,86.15232849121094,97.59899139404297,508.4831237792969,78.40460205078125
2024-03-22,38.76411437988281,73.39471435546875,200.35000610351562,67.74981689453125,86.57376861572266,97.93246459960938,507.51922607421875,77.41775512695312
2024-03-25,38.792572021484375,73.23804473876953,200.99000549316406,67.64520263671875,86.34471130371094,97.59899139404297,506.1170349121094,76.94174194335938
2024-03-26,38.76411437988281,73.32098388671875,201.63999938964844,67.56670379638672,86.47296905517578,97.57196807861328,505.1821594238281,76.6304931640625
2024-03-27,38.83052062988281,73.76334381103516,203.10000610351562,67.92423248291016,86.80278015136719,98.24784851074219,509.427734375,78.60781860351562
2024-03-28,38.97282791137695,73.59746551513672,205.72000122070312,67.77597045898438,86.7203369140625,98.1577377319336,509.3304138183594,79.1662368774414
2024-04-01,39.03923797607422,73.28411102294922,207.82000732421875,67.49991607666016,85.9356918334961,97.21784973144531,508.4441833496094,77.83883666992188
2024-04-02,39.162567138671875,72.7680435180664,210.88999938964844,67.3860092163086,85.75190734863281,97.0731201171875,505.2115478515625,76.85934448242188
2024-04-03,39.1910285949707,73.17353820800781,212.74000549316406,67.4385757446289,85.85298919677734,97.13644409179688,505.7664489746094,76.94174194335938
2024-04-04,39.04872131347656,72.54685974121094,211.52000427246094,67.3860092163086,86.14698791503906,97.24500274658203,499.593017578125,76.44740295410156
2024-04-05,39.13410949707031,72.77725219726562,215.13999938964844,67.32465362548828,85.57731628417969,96.81983184814453,504.81219482421875,76.84103393554688
2024-04-08,39.3902587890625,73.13666534423828,216.47999572753906,67.48239135742188,85.38438415527344,96.810791015625,505.0945739746094,77.6649169921875
2024-04-09,39.6558952331543,73.12744140625,217.6699981689453,67.62262725830078,85.72432708740234,97.3083267211914,505.67889404296875,78.69934844970703
2024-04-10,39.11513137817383,72.1597900390625,215.61000061035156,67.02667236328125,84.58501434326172,95.9242935180664,500.61541748046875,75.44044494628906
2024-04-11,39.35231018066406,72.35332489013672,219.8000030517578,66.96533203125,84.465576171875,95.72526550292969,504.39349365234375,75.69674682617188
2024-04-12,38.4510383605957,71.18291473388672,216.88999938964844,66.93025207519531,84.81472778320312,95.94236755371094,497.43133544921875,74.79962921142578
2024-04-15,38.20438003540039,70.970947265625,220.9499969482422,66.5446548461914,84.27261352539062,94.88398742675781,491.199462890625,73.52718353271484
2024-04-16,37.70156478881836,70.27056121826172,221.22000122070312,66.32556915283203,83.94186401367188,94.56735229492188,490.3036193847656,72.49275970458984
2024-04-17,37.673099517822266,70.31663513183594,219.58999633789062,66.4131851196289,84.47478485107422,95.08300018310547,487.4018859863281,71.9618148803711
2024-04-18,37.824893951416016,70.12310791015625,220.33999633789062,66.46578216552734,84.1807632446289,94.8930435180664,486.39898681640625,71.97097778320312
2024-04-19,37.673099517822266,70.15074920654297,221.02999877929688,66.58846282958984,84.29100036621094,94.99253845214844,482.15350341796875,72.31881713867188
2024-04-22,38.08104705810547,70.970947265625,215.57000732421875,66.95655059814453,84.30020904541016,95.22772216796875,486.59375,72.95962524414062
2024-04-23,38.39411544799805,71.74507141113281,215.0399932861328,67.22822570800781,84.41046142578125,95.39056396484375,492.367919921875,73.62787628173828
2024-04-24,38.52693176269531,71.6068344116211,214.63999938964844,67.07925415039062,84.15319061279297,95.01966857910156,492.1342468261719,73.76519775390625
2024-04-25,38.6123161315918,71.27507019042969,215.9199981689453,66.93903350830078,83.83161163330078,94.73925018310547,490.2646179199219,73.34410858154297
2024-04-26,39.05820846557617,71.8464584350586,216.6199951171875,67.14938354492188,84.0613021850586,95.10105895996094,494.90936279296875,73.38072967529297
2024-04-29,39.43769454956055,72.12293243408203,216.17999267578125,67.35094451904297,84.4012680053711,95.49911499023438,496.6620788574219,74.1313705444336
2024-04-30,38.88744354248047,71.21055603027344,211.8699951171875,66.86015319824219,84.00617218017578,94.97441864013672,488.79437255859375,72.87723541259766
2024-05-01,38.92539596557617,71.05388641357422,213.7899932861328,67.21255493164062,84.3388442993164,95.3695068359375,487.2071533203125,72.90470886230469
2024-05-02,39.93101501464844,72.01233673095703,213.1300048828125,67.62664031982422,84.735107421875,95.95983123779297,491.7641906738281,73.92997741699219
2024-05-03,40.291526794433594,72.73116302490234,212.9600067138672,67.9085464477539,85.20509338378906,96.63191223144531,497.8597717285156,74.42430877685547
2024-05-06,40.329471588134766,73.22882843017578,215.1999969482422,67.98785400390625,85.27881622314453,96.90433502197266,503.00103759765625,74.48838806152344
2024-05-07,40.10178756713867,73.42236328125,214.2100067138672,67.99666595458984,85.49999237060547,96.94977569580078,503.5561218261719,75.1932601928711
2024-05-08,40.111270904541016,73.33941650390625,213.5800018310547,67.83808135986328,85.26036834716797,96.70455932617188,503.604736328125,74.56161499023438
2024-05-09,40.2346076965332,73.90158081054688,216.9499969482422,67.85568237304688,85.51840209960938,96.85892486572266,506.5064392089844,76.09037780761719
2024-05-10,40.31998825073242,74.0398178100586,218.7100067138672,67.74996185302734,85.24193572998047,96.55015563964844,507.1589050292969,75.87983703613281
2024-05-13,40.62357711791992,74.0398178100586,216.25999450683594,67.73236083984375,85.34333038330078,96.58649444580078,507.22705078125,76.12701416015625
2024-05-14,40.841773986816406,74.5927734375,218.08999633789062,67.83808135986328,85.5921401977539,96.86803436279297,509.5543518066406,76.71288299560547
2024-05-15,41.27818298339844,75.38533020019531,220.88999938964844,68.23454284667969,86.23721313476562,97.7308120727539,515.8640747070312,77.77476501464844
2024-05-16,41.363563537597656,74.9798355102539,220.02999877929688,68.07594299316406,86.07134246826172,97.57642364501953,514.802734375,77.7198486328125
2024-05-17,41.543819427490234,75.23787689208984,223.66000366210938,68.08478546142578,85.80410766601562,97.34935760498047,515.5428466796875,77.71070098876953
2024-05-20,41.392024993896484,75.29315948486328,224.55999755859375,68.11997985839844,85.67507934570312,97.30396270751953,516.13671875,77.25298309326172
2024-05-21,41.1358757019043,75.1733627319336,224.22999572753906,68.06714630126953,85.896240234375,97.46743774414062,517.402587890625,77.22552490234375
2024-05-22,41.00305938720703,74.4637451171875,220.11000061035156,67.91736602783203,85.78567504882812,97.32210540771484,515.912841796875,76.52979278564453
2024-05-23,40.69947052001953,74.08589935302734,215.72000122070312,67.67951965332031,85.48157501220703,96.89527130126953,512.1444702148438,74.88201141357422
2024-05-24,40.81331253051758,74.69414520263672,215.9199981689453,67.91736602783203,85.5921401977539,97.15864562988281,515.532958984375,74.93695068359375
2024-05-28,40.75639343261719,74.6664810180664,218.19000244140625,67.64424896240234,85.11294555664062,96.577392578125,515.8933715820312,74.44261169433594
2024-05-29,40.14921951293945,73.48686981201172,216.16000366210938,67.44163513183594,84.6982650756836,96.05973052978516,512.2807006835938,73.71942901611328
2024-05-30,40.03537368774414,74.10433197021484,216.57000732421875,67.71475219726562,85.12216186523438,96.6500473022461,508.88238525390625,74.79962921142578
2024-05-31,39.64641189575195,74.81395721435547,215.3000030517578,67.9526138305664,85.51840209960938,97.07691955566406,513.5173950195312,76.20024108886719
2024-06-03,40.063838958740234,75.02590942382812,217.22000122070312,68.16326141357422,86.07850646972656,97.74696350097656,513.9361572265625,76.02630615234375
2024-06-04,39.50410461425781,74.93374633789062,215.27000427246094,68.12783813476562,86.54991149902344,98.12986755371094,514.5105590820312,76.61219024658203
2024-06-05,40.13973617553711,75.45904541015625,217.82000732421875,68.34912872314453,86.86418151855469,98.45804595947266,520.6256713867188,76.52062225341797
2024-06-06,40.338966369628906,75.71710205078125,219.42999267578125,68.23406982421875,86.82721710205078,98.39424133300781,520.6159057617188,76.66709899902344
2024-06-07,39.88357925415039,74.89688873291016,211.60000610351562,68.05706024169922,85.91217803955078,97.50993347167969,519.98291015625,75.94392395019531
2024-06-10,40.12076187133789,74.84159851074219,213.5399932861328,68.11901092529297,85.72731018066406,97.30936431884766,521.5896606445312,76.20024108886719
2024-06-11,39.98702621459961,73.99114227294922,214.14999389648438,68.20751953125,86.1801986694336,97.72874450683594,522.8457641601562,75.92561340332031
2024-06-12,40.38822937011719,74.8631591796875,214.72000122070312,68.48191833496094,86.66083526611328,98.33042907714844,527.1398315429688,76.60302734375
2024-06-13,40.29270935058594,73.79422760009766,212.97000122070312,68.47306823730469,87.23388671875,98.79537200927734,528.2013549804688,76.91426849365234
2024-06-14,40.34046936035156,72.97846221923828,215.72999572753906,68.20751953125,87.43722534179688,98.87741088867188,528.5226440429688,76.89598083496094
2024-06-17,40.598388671875,73.26913452148438,214.61000061035156,68.25179290771484,87.03056335449219,98.4124755859375,532.7291259765625,76.59387969970703
2024-06-18,40.9709358215332,73.55979919433594,215.47000122070312,68.4642105102539,87.40951538085938,98.86829376220703,534.0827026367188,76.89598083496094
2024-06-20,40.90407180786133,73.60669708251953,218.16000366210938,68.41997528076172,87.18768310546875,98.54010009765625,532.6317138671875,76.67626190185547
2024-06-21,40.76077651977539,73.09098052978516,214.77999877929688,68.49960327148438,87.20614624023438,98.56745910644531,531.9177856445312,76.8685073852539
2024-06-24,40.76077651977539,73.67232513427734,215.6300048828125,68.42880249023438,87.28009033203125,98.6677474975586,530.1885986328125,77.46353912353516
2024-06-25,40.66525650024414,73.8504867553711,214.55999755859375,68.517333984375,87.35405731201172,98.6312484741211,532.2302856445312,76.51148986816406
2024-06-26,40.579280853271484,73.306640625,212.5800018310547,68.36685943603516,86.82721710205078,98.09339141845703,532.8945922851562,76.27347564697266
2024-06-27,40.60793685913086,73.36289978027344,214.99000549316406,68.44651794433594,87.02131652832031,98.28484344482422,533.7346801757812,77.01496124267578
2024-06-28,40.68436050415039,73.44729614257812,215.00999450683594,68.27833557128906,86.55915069580078,97.65580749511719,531.6344604492188,77.62944793701172
2024-07-01,40.779884338378906,73.57856750488281,215.57000732421875,68.2649917602539,85.91484069824219,97.07579803466797,532.728515625,76.89726257324219
2024-07-02,40.90407180786133,73.75672149658203,215.55999755859375,68.45183563232422,86.23929595947266,97.69788360595703,536.3135986328125,77.25872039794922
2024-07-03,41.505882263183594,74.60061645507812,217.99000549316406,68.69210052490234,86.81411743164062,98.42062377929688,538.7069702148438,77.18457794189453
2024-07-05,41.677825927734375,75.09757232666016,220.92999267578125,68.89676666259766,87.29622650146484,98.93295288085938,541.8135375976562,77.39774322509766
2024-07-08,41.687381744384766,74.72251892089844,218.19000244140625,68.87895965576172,87.32402801513672,98.92381286621094,542.4386596679688,77.64797973632812
2024-07-09,41.85932159423828,74.42245483398438,218.55999755859375,68.7988510131836,87.20349884033203,98.74082946777344,542.9661254882812,77.62944793701172
2024-07-10,42.09813690185547,75.47264099121094,219.36000061035156,68.95901489257812,87.28694915771484,98.97867584228516,548.3389282226562,78.20405578613281
2024-07-11,42.34650802612305,75.68830871582031,223.25,69.20819091796875,87.84320831298828,99.50930786132812,543.61083984375,80.44693756103516
2024-07-12,42.51844787597656,76.49469757080078,223.11000061035156,69.3861312866211,88.02861022949219,99.87525177001953,547.0396728515625,81.05863189697266
2024-07-15,42.069480895996094,75.819580078125,223.8300018310547,69.39502716064453,87.75049591064453,99.32634735107422,548.5441284179688,81.60546112060547
2024-07-16,42.30829620361328,76.18527221679688,228.2899932861328,69.66195678710938,88.1398696899414,99.90269470214844,551.797119140625,82.60639953613281
2024-07-17,41.620513916015625,75.78207397460938,227.22999572753906,69.58187103271484,88.21403503417969,99.94844818115234,544.0601806640625,83.17174530029297
2024-07-18,41.22885513305664,75.03193664550781,225.77999877929688,69.43952178955078,87.96372985839844,99.51844787597656,539.8790893554688,82.4395751953125
2024-07-19,40.8276481628418,74.5724868774414,221.72999572753906,69.3861312866211,87.68559265136719,99.15251922607422,536.2940063476562,82.29129791259766
2024-07-22,41.17154312133789,75.36012268066406,221.8000030517578,69.6441879272461,87.6021728515625,99.09762573242188,541.8231811523438,83.14395904541016
2024-07-23,40.80854415893555,74.93817901611328,222.5800018310547,69.65306091308594,87.66703033447266,99.02442932128906,540.9733276367188,83.07908630371094
2024-07-24,40.21628189086914,73.99114227294922,221.8000030517578,69.43063354492188,87.47235870361328,98.42062377929688,528.713623046875,81.85568237304688
2024-07-25,40.053890228271484,73.52230834960938,218.3300018310547,69.43952178955078,87.66703033447266,98.81402587890625,525.9586181640625,81.58692169189453
2024-07-26,40.46464920043945,74.45996856689453,220.6300048828125,69.66195678710938,88.08424377441406,99.3629379272461,531.849365234375,83.01420593261719
2024-07-29,40.3309211730957,74.13177490234375,220.32000732421875,69.59968566894531,88.23258209228516,99.5733413696289,532.1619873046875,83.4405288696289
2024-07-30,40.1494140625,74.3005599975586,222.52000427246094,69.6352767944336,88.41802215576172,99.65567779541016,529.4658203125,84.08930969238281
2024-07-31,41.028255462646484,75.35075378417969,226.5500030517578,69.8844223022461,89.06700134277344,100.2320556640625,538.0719604492188,83.79271697998047
2024-08-01,40.31180953979492,73.35352325439453,225.77000427246094,69.7314682006836,89.44731903076172,100.56442260742188,530.4524536132812,84.63611602783203
2024-08-02,39.7386589050293,72.20018768310547,225.33999633789062,69.4989013671875,90.8328628540039,101.54682159423828,520.5762939453125,84.58976745605469
2024-08-05,38.6114501953125,70.62491607666016,222.47999572753906,69.0695571899414,90.92584991455078,101.28973388671875,505.4150695800781,82.17081451416016
2024-08-06,38.8311653137207,70.7468032836914,220.6999969482422,69.32896423339844,90.11686706542969,100.6286849975586,510.0748291015625,83.79271697998047
2024-08-07,39.069984436035156,71.0843734741211,220.5500030517578,69.46312713623047,89.79137420654297,100.16961669921875,506.66546630859375,83.21810150146484
2024-08-08,39.958370208740234,72.27520751953125,224.00999450683594,69.74934387207031,89.52168273925781,100.21552276611328,518.3782348632812,84.03367614746094
2024-08-09,40.17807388305664,72.55650329589844,224.55999755859375,69.74039459228516,89.88436889648438,100.72969055175781,520.6640625,84.42294311523438
2024-08-12,40.31180953979492,72.4908676147461,228.41000366210938,69.7851333618164,90.13544464111328,100.94084930419922,520.9376831054688,83.80198669433594
2024-08-13,40.76077651977539,73.73796081542969,228.05999755859375,70.10712432861328,90.53530883789062,101.6478271484375,529.5048828125,84.5341567993164
2024-08-14,40.541072845458984,74.0098876953125,226.1999969482422,70.23235321044922,90.65619659423828,102.09771728515625,531.1751708984375,84.756591796875
2024-08-15,40.99004364013672,74.91004943847656,226.91000366210938,70.29497528076172,90.08895111083984,101.7855453491211,540.2797241210938,84.69172668457031
2024-08-16,41.46767044067383,75.32261657714844,231.99000549316406,70.51858520507812,90.2656478881836,102.08853149414062,541.4910278320312,84.6453857421875
2024-08-19,41.86888122558594,76.24152374267578,231.61000061035156,70.63485717773438,90.38652801513672,102.32726287841797,546.66845703125,85.3497543334961
2024-08-20,41.54409408569336,76.00711059570312,232.4600067138672,70.57225799560547,90.74919128417969,102.59352111816406,545.779541015625,85.247802734375
2024-08-21,41.70648193359375,76.7103500366211,232.14999389648438,70.73326110839844,90.93515014648438,102.82304382324219,547.6551513671875,85.70195770263672
2024-08-22,41.190643310546875,76.2602767944336,229.3699951171875,70.643798828125,90.51671600341797,102.40070343017578,543.3567504882812,85.9521713256836
2024-08-23,41.87843322753906,77.65740203857422,232.02000427246094,71.01946258544922,90.93515014648438,102.98831176757812,549.1301879882812,87.84286499023438
2024-08-26,41.524986267089844,77.31046295166016,232.75999450683594,70.87638092041016,90.82353973388672,102.85977172851562,547.8211669921875,87.80580139160156
2024-08-27,41.58230209350586,77.66678619384766,233.38999938964844,70.92108917236328,90.78636932373047,102.77715301513672,548.5734252929688,87.93553161621094
2024-08-28,41.32438278198242,77.39485931396484,231.75,70.88529968261719,90.73988342285156,102.56596374511719,545.3887939453125,87.59263610839844
2024-08-29,41.343482971191406,77.68553161621094,232.9499969482422,70.95687866210938,90.58180236816406,102.39151763916016,545.4375,87.3238525390625
2024-08-30,41.42945861816406,77.80742645263672,231.2899932861328,70.96578979492188,90.2656478881836,102.10689544677734,550.6443481445312,88.16725158691406
2024-09-03,40.60793685913086,76.5790786743164,230.2899932861328,70.71415710449219,90.86066436767578,102.41559600830078,539.3126831054688,88.12091064453125
2024-09-04,40.598388671875,76.24152374267578,230.42999267578125,70.97480773925781,91.39228057861328,103.05145263671875,538.2088012695312,88.37115478515625
2024-09-05,40.655704498291016,76.2602767944336,232.35000610351562,71.21747589111328,91.6068115234375,103.55826568603516,536.8997802734375,88.0838394165039
2024-09-06,39.91060256958008,74.8256607055664,230.6300048828125,71.12759399414062,91.73738098144531,103.51217651367188,527.8636474609375,88.00041961669922
2024-09-09,40.24494552612305,75.5757827758789,231.60000610351562,71.29837036132812,91.86796569824219,103.74256896972656,533.773681640625,88.98284149169922
2024-09-10,40.09210205078125,75.20072174072266,232.6199951171875,71.16352844238281,92.25968170166016,104.02822875976562,536.0986938476562,90.27111053466797
2024-09-11,40.38822937011719,75.65080261230469,232.25,71.2713851928711,92.19440460205078,104.07431030273438,541.5985107421875,90.09501647949219
2024-09-12,40.722572326660156,76.2696533203125,236.3300018310547,71.37026977539062,92.0451889038086,104.00059509277344,546.1605834960938,90.47500610351562
2024-09-13,40.91362380981445,76.44781494140625,238.67999267578125,71.56798553466797,92.2223892211914,104.32310485839844,549.0130615234375,91.42034912109375
2024-09-16,41.047359466552734,77.06666564941406,238.66000366210938,71.74773406982422,92.46487426757812,104.78385162353516,549.8237915039062,91.7261962890625
2024-09-17,41.09511947631836,76.6353530883789,237.33999633789062,71.76570892333984,92.29698181152344,104.7930679321289,550.0484619140625,91.08670043945312
2024-09-18,40.95183563232422,76.39156341552734,235.50999450683594,71.82862854003906,91.89593505859375,104.35997009277344,548.4171142578125,90.97549438476562
2024-09-19,41.82111358642578,77.90119934082031,239.1699981689453,72.04430389404297,91.82132720947266,104.45211029052734,557.7755737304688,90.9940185546875
2024-09-20,41.73514175415039,77.13231658935547,242.2100067138672,72.13419342041016,91.79332733154297,104.54426574707031,556.8113403320312,90.632568359375
2024-09-23,42.05992889404297,77.42298889160156,242.67999267578125,71.9993667602539,91.73738098144531,104.3968505859375,558.2026977539062,91.53156280517578
2024-09-24,43.49281311035156,77.88243865966797,246.07000732421875,72.00835418701172,91.8399658203125,104.5719223022461,559.7999267578125,91.66131591796875
2024-09-25,43.0342903137207,77.46049499511719,245.72999572753906,71.92745971679688,91.4669189453125,103.9544906616211,558.5652465820312,91.04961395263672
2024-09-26,44.61046600341797,79.16704559326172,246.97999572753906,72.04430389404297,91.40162658691406,103.9544906616211,560.7797241210938,90.22476196289062
2024-09-27,44.52449035644531,78.68882751464844,245.02000427246094,72.22408294677734,91.7653579711914,104.36920166015625,559.9664916992188,90.33973693847656
2024-09-30,43.808048248291016,78.41690826416016,243.05999755859375,72.1701431274414,91.51355743408203,104.11116790771484,562.21044921875,91.05003356933594
2024-10-01,44.12328338623047,77.83555603027344,245.61000061035156,72.13401794433594,91.8465347290039,104.61151885986328,557.1738891601562,90.46122741699219
2024-10-02,44.9925651550293,77.67615509033203,245.66000366210938,72.1430435180664,91.58463287353516,104.38031005859375,557.4090576171875,90.14344787597656
2024-10-03,44.45762252807617,76.95414733886719,245.49000549316406,71.97144317626953,91.11693572998047,103.70515441894531,556.3899536132812,89.32099914550781
2024-10-04,44.86838912963867,77.40422821044922,245.0,71.89019012451172,90.2376480102539,103.14098358154297,561.4461059570312,88.89108276367188
2024-10-07,45.240936279296875,76.97290802001953,244.1699981689453,71.5831069946289,89.91026306152344,102.61381530761719,556.370361328125,88.10598754882812
2024-10-08,44.12328338623047,76.85100555419922,242.3699951171875,71.7546615600586,89.98509979248047,102.81727600097656,561.6322631835938,88.28357696533203
2024-10-09,43.884464263916016,76.86976623535156,241.0500030517578,71.70952606201172,89.64836120605469,102.61381530761719,565.5223999023438,88.37703704833984
2024-10-10,43.97043991088867,76.77599334716797,242.82000732421875,71.67342376708984,89.6390151977539,102.50282287597656,564.5327758789062,87.59196472167969
2024-10-11,44.28567886352539,77.1698226928711,245.47000122070312,71.8630599975586,89.66707611083984,102.48433685302734,567.913330078125,88.58264923095703
2024-10-14,44.10417556762695,77.39485931396484,245.07000732421875,71.89920806884766,89.50806427001953,102.49356842041016,572.5579223632812,89.11538696289062
2024-10-15,43.168025970458984,76.11026000976562,245.9199981689453,71.8811264038086,89.96639251708984,102.99299621582031,568.1093139648438,90.19019317626953
2024-10-16,43.50237274169922,76.30715942382812,247.14999389648438,72.00757598876953,90.10670471191406,103.31671142578125,570.5785522460938,91.18087005615234
2024-10-17,43.43549728393555,76.31654357910156,248.6300048828125,71.89920806884766,89.6390151977539,102.54907989501953,570.6275634765625,90.46122741699219
2024-10-18,43.86536407470703,76.83226013183594,251.27000427246094,72.07079315185547,89.74188995361328,102.4288330078125,572.8224487304688,91.13414001464844
2024-10-21,43.5596809387207,75.92272186279297,251.22000122070312,71.78180694580078,89.0497055053711,101.38374328613281,571.8817749023438,89.34902954101562
2024-10-22,43.46415710449219,75.49140167236328,253.92999267578125,71.68244934082031,88.96551513671875,101.37448120117188,571.5780029296875,89.4798812866211
2024-10-23,43.20623779296875,74.73188018798828,250.8699951171875,71.4656753540039,88.7597427368164,101.03227996826172,566.355224609375,90.13410949707031
2024-10-24,43.139373779296875,75.15383911132812,252.8000030517578,71.67342376708984,88.9561767578125,101.33748626708984,567.5801391601562,90.33039093017578
2024-10-25,43.101158142089844,74.90066528320312,253.32000732421875,71.60115814208984,88.7597427368164,101.09701538085938,567.3841552734375,89.4798812866211
2024-10-28,43.29220962524414,75.50076293945312,253.3300018310547,71.78180694580078,88.55394744873047,101.0137939453125,569.13818359375,89.76026153564453
2024-10-29,43.15847396850586,75.22885131835938,256.0899963378906,71.79985809326172,88.59136199951172,101.1340103149414,570.0592651367188,89.11538696289062
2024-10-30,42.738162994384766,74.74126434326172,257.5,71.67342376708984,88.46043395996094,101.00453186035156,568.3346557617188,89.50791931152344
2024-10-31,42.46113586425781,74.28180694580078,253.50999450683594,71.47473907470703,88.41361999511719,100.80107879638672,557.1934814453125,87.99383544921875
2024-11-01,42.499351501464844,74.43183135986328,252.47000122070312,71.47926330566406,87.89005279541016,100.24882507324219,559.545166015625,87.0218505859375
2024-11-04,42.738162994384766,74.48809814453125,252.8300018310547,71.67894744873047,88.35919952392578,100.9913330078125,558.3399658203125,87.97514343261719
2024-11-05,43.32086944580078,75.22885131835938,253.39999389648438,71.8786392211914,88.40613555908203,101.47396087646484,565.0912475585938,89.14341735839844
2024-11-06,42.78592300415039,74.14115905761719,245.6999969482422,72.0057144165039,87.49598693847656,100.4158935546875,579.142578125,87.24615478515625
2024-11-07,43.73162841796875,75.266357421875,249.64999389648438,72.3143310546875,88.19970703125,101.60391235351562,583.6205444335938,88.29292297363281
2024-11-08,42.652191162109375,74.22554779052734,247.9600067138672,72.43230438232422,88.38736724853516,101.95659637451172,586.148681640625,89.61072540283203
2024-11-11,42.32740783691406,74.24430084228516,242.13999938964844,72.35061645507812,88.14340209960938,101.76170349121094,586.7071533203125,89.16211700439453
2024-11-12,41.524986267089844,72.86593627929688,240.0500030517578,72.06017303466797,87.58980560302734,100.84283447265625,584.8847045898438,87.92843627929688
2024-11-13,41.25751495361328,72.43460845947266,237.6300048828125,72.0783462524414,87.53353881835938,100.46228790283203,585.1688232421875,88.41442108154297
2024-11-14,41.028255462646484,72.58463287353516,237.00999450683594,71.92404174804688,87.52413940429688,100.43445587158203,581.4061279296875,87.62000274658203
2024-11-15,41.028255462646484,72.32208251953125,236.58999633789062,71.91494750976562,87.56167602539062,100.48087310791016,573.9591064453125,87.66674041748047
2024-11-18,41.4963264465332,72.71591186523438,241.08999633789062,72.05107116699219,87.75871276855469,100.66650390625,576.310791015625,88.3022689819336
2024-11-19,41.46767044067383,72.62213897705078,243.25,72.16002655029297,87.94636535644531,100.87995910644531,578.41748046875,88.73219299316406
2024-11-20,41.41990661621094,72.42523193359375,244.6199951171875,72.14187622070312,87.81500244140625,100.63866424560547,578.6134643554688,88.62004089355469
2024-11-21,41.33393478393555,72.4439926147461,246.66000366210938,72.1690902709961,87.7680892944336,100.51797485351562,581.7196655273438,89.27426147460938
2024-11-22,41.343482971191406,72.72528076171875,249.83999633789062,72.15093994140625,87.82440185546875,100.61080169677734,583.522705078125,89.94717407226562
2024-11-25,41.37214660644531,73.10034942626953,242.47999572753906,72.4232406616211,88.7720718383789,101.86377716064453,585.501953125,91.1995620727539
2024-11-26,41.200199127197266,72.67840576171875,242.9499969482422,72.28709411621094,88.58441925048828,101.60391235351562,588.5592651367188,91.56407928466797
2024-11-27,41.25751495361328,73.07221984863281,243.49000549316406,72.50492858886719,88.94097137451172,101.97516632080078,586.7758178710938,92.15287780761719
2024-11-29,41.32438278198242,74.0473861694336,245.58999633789062,72.650146484375,89.31627655029297,102.60631561279297,590.4208984375,91.74164581298828
2024-12-02,41.48677444458008,74.25367736816406,243.44000244140625,72.62372589111328,89.30874633789062,102.7674331665039,591.479248046875,90.4051513671875
2024-12-03,41.572750091552734,74.67562103271484,243.92999267578125,72.62372589111328,89.05461883544922,102.40419006347656,591.7534790039062,89.94717407226562
2024-12-04,41.677825927734375,74.73188018798828,244.6699981689453,72.79695892333984,89.39344787597656,102.89784240722656,595.4279174804688,89.70419311523438
2024-12-05,41.95485305786133,75.09757232666016,242.86000061035156,72.7331314086914,89.38404846191406,102.86990356445312,594.4481811523438,89.4892349243164
2024-12-06,41.88798141479492,75.08820343017578,242.9499969482422,72.8516845703125,89.66641235351562,103.10271453857422,595.5750122070312,89.35836791992188
2024-12-09,42.74771499633789,75.04132080078125,245.36000061035156,72.7604751586914,89.35582733154297,102.84195709228516,592.508056640625,89.61072540283203
2024-12-10,42.05992889404297,74.36619567871094,248.58999633789062,72.79695892333984,89.19580078125,102.6836166381836,590.6658325195312,88.31160736083984
2024-12-11,42.231876373291016,74.83503723144531,250.9600067138672,72.81517791748047,88.9322738647461,102.40419006347656,595.2319946289062,88.10598754882812
2024-12-12,42.02172088623047,74.17866516113281,247.27999877929688,72.61459350585938,88.59344482421875,101.82674407958984,592.1651000976562,87.9657974243164
2024-12-13,42.05992889404297,73.97238159179688,244.2899932861328,72.40489959716797,88.17932891845703,101.25862884521484,592.0475463867188,87.71345520019531
2024-12-16,41.83066940307617,73.72857666015625,244.8800048828125,72.54166412353516,88.20757293701172,101.38900756835938,594.5755615234375,87.40503692626953
2024-12-17,41.73061752319336,73.61167907714844,243.94000244140625,72.38665008544922,88.20757293701172,101.39832305908203,592.1259155273438,86.98445892333984
2024-12-18,40.75923156738281,71.80584716796875,239.25999450683594,71.64337158203125,87.52579498291016,100.14118194580078,574.4784545898438,83.39554595947266
2024-12-19,40.895225524902344,71.5777359008789,239.60000610351562,71.57006072998047,87.12918090820312,99.59906768798828,574.3020629882812,82.10577392578125
2024-12-20,41.06036376953125,71.37814331054688,242.10000610351562,72.01911926269531,87.45024108886719,99.99164581298828,581.2000122070312,83.489013671875
2024-12-23,41.29349136352539,71.84386444091797,240.9600067138672,71.82667541503906,87.06309509277344,99.7018814086914,584.6803588867188,83.81552124023438
2024-12-24,41.41977310180664,72.10047912597656,241.44000244140625,72.0557861328125,87.1103286743164,100.01034545898438,591.1790771484375,84.37228393554688
2024-12-26,41.274070739746094,72.44264221191406,243.07000732421875,72.23910522460938,87.1764144897461,100.10380554199219,591.218505859375,84.59874725341797
2024-12-27,41.08950424194336,72.33809661865234,241.39999389648438,71.99164581298828,86.94976806640625,99.68318939208984,584.9950561523438,83.74945831298828
2024-12-30,40.75923156738281,71.86287689208984,240.6300048828125,72.09246826171875,87.45970153808594,100.11312866210938,578.3192749023438,83.33425903320312
2024-12-31,40.62323760986328,71.86287689208984,242.1300048828125,72.08330535888672,87.29916381835938,99.86076354980469,576.2152709960938,84.06086730957031
2025-01-02,40.5649528503418,71.61576080322266,245.4199981689453,72.25741577148438,87.34637451171875,99.87013244628906,574.7994995117188,83.31537628173828
2025-01-03,40.94379806518555,71.92940521240234,243.49000549316406,72.36739349365234,87.20471954345703,99.63645935058594,581.9865112304688,84.4100112915039
2025-01-06,41.08950424194336,72.61372375488281,243.19000244140625,72.49571990966797,87.1197509765625,99.38409423828125,585.3390502929688,83.3248291015625
2025-01-07,40.79808807373047,72.55668640136719,244.55999755859375,72.25741577148438,86.72314453125,98.92609405517578,578.7223510742188,82.53213500976562
2025-01-08,40.60381317138672,72.44264221191406,245.86000061035156,72.34905242919922,86.87423706054688,99.08501434326172,579.5678100585938,82.74918365478516
2025-01-10,39.91413116455078,71.34012603759766,248.2100067138672,71.97330474853516,86.24156188964844,98.51484680175781,570.7192993164062,80.7297592163086
2025-01-13,39.642147064208984,71.14053344726562,245.74000549316406,71.95498657226562,86.09046936035156,98.23444366455078,571.6043090820312,81.72058868408203
2025-01-14,40.0889778137207,71.39715576171875,247.02999877929688,72.04662322998047,86.1187973022461,98.34660339355469,572.3906860351562,82.46607971191406
2025-01-15,40.613525390625,72.30957794189453,248.8800048828125,72.67902374267578,87.02530670166016,99.52430725097656,582.8025512695312,82.93791198730469
2025-01-16,40.5649528503418,72.68025207519531,250.60000610351562,72.76150512695312,87.23306274414062,99.72059631347656,581.6817016601562,84.65536499023438
2025-01-17,40.8855094909668,72.97489166259766,249.27000427246094,72.8256607055664,87.29916381835938,99.80471801757812,587.521728515625,84.59874725341797
2025-01-21,41.322635650634766,74.44807434082031,253.1300048828125,73.01812744140625,87.59188842773438,100.38419342041016,592.8995971679688,86.18409729003906
2025-01-22,41.351776123046875,74.2770004272461,254.42999267578125,72.91731262207031,87.3652572631836,100.06639099121094,596.2326049804688,84.68367004394531
2025-01-23,41.44891357421875,74.8852767944336,254.07000732421875,73.00897979736328,87.13863372802734,99.92620086669922,599.4868774414062,85.30648803710938
2025-01-24,41.72090530395508,75.303466796875,255.64999389648438,73.09144592285156,87.31805419921875,100.12248992919922,597.73681640625,85.59900665283203
2025-01-27,40.96322250366211,75.303466796875,252.99000549316406,73.14645385742188,87.88462829589844,100.81414794921875,589.2815551757812,86.74085235595703
2025-01-28,41.26435089111328,75.20842742919922,255.17999267578125,73.11894226074219,87.89408111572266,100.6739501953125,594.3450317382812,85.69339752197266
2025-01-29,41.274070739746094,75.19892120361328,254.1999969482422,73.0731201171875,87.79019165039062,100.5430908203125,591.6804809570312,84.56100463867188
2025-01-30,41.97346115112305,76.02580261230469,258.04998779296875,73.21060180664062,87.97905731201172,100.76741790771484,594.856201171875,85.63677978515625
2025-01-31,41.49748229980469,75.3129653930664,258.55999755859375,73.06393432617188,87.83739471435547,100.4402847290039,591.6904296875,85.44804382324219
2025-02-03,41.19635772705078,74.42906188964844,259.94000244140625,72.97187042236328,87.89991760253906,100.59880065917969,587.7085571289062,85.26874542236328
2025-02-04,41.93460464477539,75.2939682006836,262.5,73.2020492553711,88.1177978515625,100.79580688476562,591.651123046875,85.33480072021484
2025-02-05,41.827754974365234,76.02580261230469,264.1300048828125,73.39537811279297,88.62934112548828,101.4993667602539,594.0498657226562,86.53323364257812
2025-02-06,42.002601623535156,76.38697814941406,263.42999267578125,73.28491973876953,88.52516174316406,101.31175994873047,596.1146240234375,86.75028991699219
2025-02-07,41.963748931884766,75.66463470458984,263.8999938964844,73.05474853515625,88.23148345947266,100.870849609375,590.6580810546875,86.4671859741211
2025-02-10,42.468868255615234,76.17787170410156,268.3699951171875,73.2020492553711,88.21253204345703,100.89898681640625,594.66943359375,86.42943572998047
2025-02-11,42.303733825683594,76.5390396118164,267.3900146484375,73.17445373535156,87.98517608642578,100.67387390136719,595.1216430664062,86.8069076538086
2025-02-12,42.536865234375,76.82417297363281,267.6700134277344,73.01793670654297,87.37890625,100.12977600097656,593.2044067382812,86.00479888916016
2025-02-13,42.8088493347168,77.75559997558594,270.30999755859375,73.34935760498047,88.03255462646484,100.90837860107422,599.4671630859375,86.863525390625
2025-02-14,43.139122009277344,77.86965942382812,266.2900085449219,73.43223571777344,88.40198516845703,101.30235290527344,599.4378051757812,86.4671859741211
2025-02-18,43.411109924316406,78.430419921875,270.70001220703125,73.36776733398438,87.9283447265625,100.88961029052734,601.1976318359375,86.85408782958984
2025-02-19,43.343109130859375,77.62254333496094,270.8500061035156,73.42301177978516,88.07044982910156,100.94591522216797,602.6133422851562,86.92015075683594
2025-02-20,43.74137878417969,77.98371124267578,270.989990234375,73.46903228759766,88.25042724609375,101.1897964477539,600.1062622070312,87.33535766601562
2025-02-21,43.6151008605957,77.49898529052734,270.739990234375,73.3309555053711,88.77143859863281,101.54627990722656,589.8419799804688,86.47661590576172
2025-02-24,42.944847106933594,77.45146179199219,272.2099914550781,73.42301177978516,88.96090698242188,101.80892944335938,587.1580200195312,86.81634521484375
2025-02-25,42.97399139404297,78.15480041503906,268.6199951171875,73.60713958740234,89.66191864013672,102.5875244140625,584.2379760742188,87.88267517089844
2025-02-26,43.40139389038086,78.25933074951172,269.0299987792969,73.70840454101562,89.90821075439453,102.80326080322266,584.5327758789062,87.51464080810547
2025-02-27,42.55629348754883,77.37543487548828,264.92999267578125,73.5703353881836,89.80399322509766,102.37175750732422,575.2025756835938,87.86380004882812
2025-02-28,41.97346115112305,77.53700256347656,263.2699890136719,73.77286529541016,90.29657745361328,102.8220443725586,584.178955078125,88.60929107666016
2025-03-03,41.604339599609375,78.39240264892578,266.739990234375,73.61930847167969,90.6243667602539,103.14690399169922,573.9441528320312,89.02449035644531
2025-03-04,41.95403289794922,78.3733901977539,269.05999755859375,73.61007690429688,90.3393325805664,102.80792999267578,567.1504516601562,87.99591064453125
2025-03-05,43.20711898803711,80.24576568603516,269.6199951171875,73.6470718383789,89.8358383178711,102.47835540771484,573.2461547851562,88.97731018066406
2025-03-06,42.93513488769531,79.41886901855469,268.25,73.36956787109375,89.78832244873047,102.1581802368164,563.0703125,86.69367980957031
2025-03-07,43.14883804321289,80.24576568603516,268.3900146484375,73.48983001708984,89.67431640625,101.99812316894531,566.226318359375,87.21267700195312
2025-03-10,42.11916732788086,78.35438537597656,266.0400085449219,73.21233367919922,90.30134582519531,102.34651947021484,551.14453125,86.3728256225586
2025-03-11,42.468868255615234,78.08826446533203,269.1600036621094,72.95333099365234,89.97831726074219,101.67794799804688,546.5629272460938,85.36310577392578
2025-03-12,42.701995849609375,78.64901733398438,270.3299865722656,73.0365982055664,89.71231079101562,101.37663269042969,549.4631958007812,85.09888458251953
2025-03-13,42.52714920043945,78.12628173828125,275.1300048828125,72.62957763671875,90.07332611083984,101.6968002319336,542.138671875,83.41918182373047
2025-03-14,43.30426025390625,79.56144714355469,275.239990234375,72.96257019042969,89.75983428955078,101.64970397949219,553.3369750976562,85.08944702148438
2025-03-17,44.04250717163086,80.45486450195312,276.7300109863281,73.13833618164062,89.8358383178711,101.85685729980469,557.6038818359375,86.54267883300781
2025-03-18,43.819087982177734,80.44535827636719,279.9599914550781,73.00884246826172,89.94032287597656,102.1017074584961,551.5770874023438,86.08972930908203
2025-03-19,43.925941467285156,80.68296813964844,281.1099853515625,73.48983001708984,90.21582794189453,102.704345703125,557.584228515625,86.19352722167969
2025-03-20,43.51796340942383,80.00814819335938,280.75,73.3880844116211,90.34884643554688,102.55367279052734,555.9718017578125,86.13690185546875
2025-03-21,43.30426025390625,79.51393127441406,278.489990234375,73.27708435058594,90.2728500366211,102.41243743896484,556.1552734375,85.1838150024414
2025-03-24,43.498531341552734,79.5044174194336,277.25,73.48983001708984,89.75032806396484,101.96986389160156,566.1151733398438,86.49549865722656
2025-03-25,43.37225341796875,79.94161987304688,278.4700012207031,73.45282745361328,89.90231323242188,102.07345581054688,567.4760131835938,85.52499389648438
2025-03-26,43.109981536865234,78.90563201904297,278.239990234375,73.15681457519531,89.69332122802734,101.65913391113281,560.7013549804688,85.8586654663086
2025-03-27,43.32368469238281,79.07671356201172,281.9700012207031,73.0180892944336,89.61731719970703,101.53671264648438,559.2122802734375,85.63938903808594
2025-03-28,42.51743698120117,78.3733901977539,284.05999755859375,72.88859558105469,90.3393325805664,102.14878845214844,547.9507446289062,85.52499389648438
2025-03-31,42.44944381713867,77.67957305908203,288.1400146484375,72.97181701660156,90.60535430908203,102.34651947021484,551.6289672851562,86.31626892089844
2025-04-01,42.58543395996094,77.79362487792969,287.57000732421875,73.14100646972656,90.92369079589844,102.71234130859375,553.18701171875,86.35440063476562
2025-04-02,42.643714904785156,77.97421264648438,288.1600036621094,73.28971862792969,90.8379135131836,102.94865417480469,556.687744140625,86.87873840332031
2025-04-03,41.740333557128906,76.33944702148438,286.4200134277344,72.37881469726562,91.77192687988281,102.93920135498047,529.2538452148438,83.91382598876953
2025-04-04,39.418724060058594,71.30210876464844,279.7200012207031,71.34710693359375,92.02926635742188,102.82575988769531,498.26971435546875,80.27203369140625
2025-04-07,37.951934814453125,69.58180236816406,273.7099914550781,70.73363494873047,90.93323516845703,100.82181549072266,497.3821716308594,78.16512298583984
2025-04-08,37.41767501831055,69.34420776367188,275.20001220703125,70.40831756591797,90.47573852539062,99.54568481445312,489.591796875,76.06775665283203
2025-04-09,40.011268615722656,74.69518280029297,285.3800048828125,72.29518127441406,90.18980407714844,101.2093734741211,541.0084838867188,80.60570526123047
2025-04-10,39.32158660888672,73.22200775146484,292.3500061035156,71.11471557617188,89.62749481201172,99.48898315429688,517.3019409179688,78.7657470703125
2025-04-11,40.55524444580078,75.05635070800781,297.92999267578125,71.32850646972656,89.12236785888672,99.4700698852539,526.5320434570312,79.7286148071289
2025-04-14,40.924373626708984,75.86422729492188,296.2300109863281,71.68171691894531,89.837158203125,100.0844955444336,531.64013671875,81.37791442871094
2025-04-15,40.8855094909668,76.54855346679688,297.7799987792969,71.87690734863281,90.10404205322266,100.62329864501953,530.1510620117188,81.62579345703125
2025-04-16,40.4095344543457,76.25391387939453,307.4700012207031,71.86759948730469,90.49479675292969,101.04866790771484,518.3670043945312,81.5685806274414
2025-04-17,40.720375061035156,77.08079528808594,306.1199951171875,72.2858657836914,90.23748016357422,100.90689849853516,519.1065063476562,82.78887176513672
2025-04-21,40.710662841796875,76.66260528564453,315.5899963378906,71.85831451416016,89.75139617919922,99.81983947753906,506.7503662109375,81.06331634521484
2025-04-22,41.322635650634766,78.24983978271484,311.1099853515625,72.13716888427734,89.81810760498047,100.06559753417969,519.9349365234375,82.6363296508789
2025-04-23,41.798614501953125,78.56348419189453,303.6499938964844,72.4996566772461,89.91340637207031,100.50988006591797,527.991455078125,82.78887176513672
2025-04-24,42.284305572509766,79.60897064208984,308.07000732421875,73.15028381347656,90.39950561523438,101.54020690917969,539.1051635742188,83.09395599365234
2025-04-25,42.20659255981445,79.95112609863281,304.7300109863281,73.21533966064453,90.74259185791016,102.07901000976562,543.0003051757812,82.95093536376953
2025-04-28,42.284305572509766,80.48336791992188,309.07000732421875,73.25252532958984,91.10475158691406,102.31532287597656,543.2073974609375,83.46575927734375
2025-04-29,42.400875091552734,80.64494323730469,306.05999755859375,73.44771575927734,91.4192886352539,102.5516357421875,546.6292724609375,83.91382598876953
2025-04-30,42.50772476196289,80.54989624023438,303.7699890136719,73.05735778808594,91.562255859375,102.06953430175781,546.8462524414062,84.2093734741211
2025-05-01,42.498008728027344,80.29328918457031,297.4599914550781,73.15170288085938,91.16352081298828,101.71080017089844,550.7216796875,84.48583984375
2025-05-02,43.71223831176758,81.83300018310547,297.9800109863281,73.37593078613281,90.55155181884766,101.46405792236328,558.8966674804688,85.52499389648438
2025-05-05,44.04250717163086,81.97557067871094,306.8800048828125,73.3478775024414,90.38900756835938,101.32170104980469,555.6918334960938,85.33432006835938
2025-05-06,43.86766052246094,81.87100982666016,315.4800109863281,73.29183197021484,90.61848449707031,101.52098846435547,551.0470581054688,84.676513671875
2025-05-07,43.36254119873047,81.59538269042969,310.75,73.35723114013672,90.8575439453125,101.72980499267578,553.3645629882812,84.7718276977539
2025-05-08,43.33340072631836,81.31025695800781,304.6300048828125,73.33855438232422,90.14994812011719,101.21729278564453,557.2202758789062,84.43816375732422
2025-05-09,43.62481689453125,81.70944213867188,306.8399963378906,73.38526153564453,90.21688079833984,101.17933654785156,556.5103149414062,85.00064849853516
2025-05-12,44.567054748535156,82.12763977050781,298.19000244140625,74.11398315429688,89.64318084716797,101.16036224365234,574.9015502929688,85.42012023925781
2025-05-13,44.6447639465332,82.23218536376953,299.4599914550781,74.2447738647461,89.57624053955078,101.24576568603516,578.6981201171875,84.33330535888672
2025-05-14,44.9847526550293,81.83300018310547,293.1600036621094,73.97383117675781,89.2415771484375,100.73326873779297,579.4376831054688,83.5038833618164
2025-05-15,44.96532440185547,82.7264175415039,297.8399963378906,74.11398315429688,89.82484436035156,101.45455932617188,582.2678833007812,85.02925109863281
2025-05-16,44.93618392944336,82.91649627685547,294.239990234375,74.19805145263672,89.8535385131836,101.64437103271484,585.9560546875,86.08747100830078
2025-05-19,45.033321380615234,83.70537567138672,298.0299987792969,74.16068267822266,89.80572509765625,101.65386962890625,586.596923828125,86.10653686523438
2025-05-20,44.9847526550293,84.10455322265625,303.5799865722656,74.12332916259766,89.69098663330078,101.40711975097656,584.6246948242188,85.60125732421875
2025-05-21,44.86818313598633,83.6103286743164,305.82000732421875,73.62816619873047,89.06946563720703,100.27772521972656,574.7733154296875,83.32274627685547
2025-05-22,44.722476959228516,83.56279754638672,303.1099853515625,73.77764129638672,89.40411376953125,100.79022216796875,575.0001831054688,82.94141387939453
2025-05-23,44.90704345703125,83.6768569946289,309.75,73.75895690917969,89.66229248046875,100.86614227294922,571.0753173828125,83.02720642089844
2025-05-27,44.80018615722656,84.89341735839844,304.5,74.2073974609375,90.03520965576172,101.77723693847656,582.9483642578125,84.47631072998047
2025-05-28,44.596195220947266,83.91446685791016,303.80999755859375,74.16068267822266,89.78660583496094,101.53047180175781,579.57568359375,84.3905029296875
2025-05-29,44.76133346557617,84.28514099121094,305.6099853515625,74.2728042602539,90.15951538085938,101.98603057861328,581.8635864257812,85.1531753540039
2025-05-30,44.21735763549805,84.40869140625,303.6000061035156,74.33820343017578,90.42726135253906,102.2802505493164,581.2127685546875,85.1531753540039
2025-06-02,44.53791046142578,85.3116226196289,311.6700134277344,74.3250503540039,90.1202621459961,101.99067687988281,584.4866943359375,85.26758575439453
2025-06-03,44.6447639465332,84.66531372070312,308.9100036621094,74.46587371826172,90.03392791748047,102.03829956054688,587.8197631835938,85.09598541259766
2025-06-04,45.198455810546875,85.04550170898438,310.8999938964844,74.6066665649414,90.69586944580078,102.78129577636719,587.6619873046875,85.33432006835938
2025-06-05,45.431583404541016,84.98846435546875,309.3299865722656,74.44708251953125,90.42725372314453,102.4669418334961,584.8219604492188,85.26758575439453
2025-06-06,45.577293395996094,85.29261016845703,305.17999267578125,74.43769836425781,89.707763671875,101.8477783203125,590.8274536132812,85.67752838134766
2025-06-09,45.96584701538086,85.2831039428711,306.6199951171875,74.47525787353516,89.8708267211914,102.15259552001953,591.3599853515625,85.79193115234375
2025-06-10,46.22812271118164,85.39715576171875,306.7099914550781,74.65360260009766,90.02432250976562,102.40027618408203,594.7128295898438,86.52600860595703
2025-06-11,46.42239761352539,85.25458526611328,308.3699951171875,74.63481903076172,90.39848327636719,102.7241439819336,593.0167236328125,86.0588607788086
2025-06-12,46.50010681152344,85.91039276123047,312.20001220703125,74.71929931640625,90.79180908203125,103.2956771850586,595.3734741210938,86.47833251953125
2025-06-13,45.76185989379883,84.8078842163086,316.2900085449219,74.4940185546875,90.45603942871094,102.67650604248047,588.7171630859375,85.63938903808594
2025-06-16,46.32286834716797,85.1259994506836,311.7799987792969,74.64419555664062,90.19700622558594,102.4955062866211,594.318359375,85.70612335205078
2025-06-17,45.714778900146484,84.08174133300781,311.94000244140625,74.55973052978516,90.6383056640625,102.84797668457031,589.2398071289062,85.40106201171875
2025-06-18,45.7049674987793,84.22677612304688,310.260009765625,74.67237854003906,90.69586944580078,102.92417907714844,589.1510009765625,85.69659423828125
2025-06-20,45.44015884399414,83.47259521484375,310.1300048828125,74.90705108642578,90.75341796875,103.00990295410156,587.7673950195312,85.63938903808594
2025-06-23,45.8128547668457,84.10108184814453,311.0799865722656,75.0478515625,91.07002258300781,103.26709747314453,593.5730590820312,86.9264144897461
2025-06-24,46.99961471557617,85.1259994506836,306.19000244140625,75.25436401367188,91.38660430908203,103.7529067993164,600.13037109375,87.15521240234375
2025-06-25,47.038848876953125,84.66188049316406,307.1199951171875,75.23558044433594,91.42495727539062,103.62907409667969,600.4666748046875,85.05784606933594
2025-06-26,47.35270309448242,85.60944366455078,306.7799987792969,75.45148468017578,91.75113677978516,104.01010131835938,605.1646118164062,84.9789047241211
2025-06-27,47.166351318359375,86.3829574584961,301.2200012207031,75.4139404296875,91.51131439208984,103.83863067626953,608.1712646484375,85.19070434570312
2025-06-30,47.313472747802734,86.43130493164062,304.8299865722656,75.70492553710938,91.87583923339844,104.4101791381836,611.0790405273438,85.73944854736328
2025-07-01,47.4017448425293,86.2862777709961,307.54998779296875,75.60967254638672,91.70551300048828,104.536376953125,610.8812866210938,86.36521911621094
2025-07-02,47.60771179199219,86.53767395019531,309.25,75.75113677978516,91.51302337646484,104.51725006103516,613.6505737304688,86.5673828125
2025-07-03,47.823482513427734,86.5570068359375,307.1400146484375,75.79828643798828,91.1954345703125,104.26866149902344,618.4869995117188,86.66365814208984
2025-07-07,47.14673614501953,85.61911010742188,307.3699951171875,75.54363250732422,90.90673828125,103.64723205566406,613.8780517578125,85.92237091064453
2025-07-08,47.440975189208984,86.24759674072266,304.1600036621094,75.43990325927734,90.7719955444336,103.3508529663086,613.5418090820312,85.7972183227539
2025-07-09,47.36251449584961,86.89542388916016,305.5199890136719,75.64739227294922,91.24356842041016,103.94361114501953,617.2210083007812,85.86460876464844
2025-07-10,47.490013122558594,86.83740997314453,306.20001220703125,75.57195281982422,91.1954345703125,103.96273040771484,618.9617309570312,86.40372467041016
2025-07-11,47.33308792114258,86.00587463378906,309.1400146484375,75.47761535644531,90.7719955444336,103.33172607421875,616.7858276367188,86.4133529663086
2025-07-14,47.4017448425293,86.00587463378906,308.010009765625,75.53421783447266,90.73350524902344,103.30306243896484,617.9627685546875,86.97171783447266
2025-07-15,47.745018005371094,85.10665893554688,306.7300109863281,75.307861328125,90.37741088867188,102.93018341064453,615.322021484375,85.69131469726562
2025-07-16,47.970603942871094,85.45474243164062,308.260009765625,75.50590515136719,90.62763977050781,103.09271240234375,617.3792114257812,86.5
2025-07-17,48.24522399902344,85.67713165283203,307.5899963378906,75.58138275146484,90.59877014160156,103.3412857055664,621.1573486328125,86.40372467041016
2025-07-18,48.1373405456543,85.4354019165039,308.3900146484375,75.68511962890625,90.84899139404297,103.5324935913086,620.7025146484375,86.5866470336914
2025-07-21,48.45119094848633,85.88984680175781,313.1300048828125,75.78885650634766,91.16658782958984,103.9340591430664,621.8794555664062,86.94284057617188
2025-07-22,48.480613708496094,86.3636245727539,316.1000061035156,75.9208984375,91.4264144897461,104.18263244628906,621.9683837890625,88.43505859375
2025-07-23,48.971012115478516,88.51014709472656,312.17999267578125,75.95863342285156,91.0992202758789,104.02008819580078,627.259765625,88.60834503173828
2025-07-24,48.706199645996094,87.8526611328125,310.2699890136719,75.86431121826172,90.96446228027344,103.86712646484375,627.4674072265625,88.30027770996094
2025-07-25,48.55907440185547,87.74629211425781,307.3999938964844,75.9114761352539,91.17620849609375,104.20175170898438,630.1181030273438,88.30989837646484
2025-07-28,48.235416412353516,86.3346176147461,305.4100036621094,75.87373352050781,90.97408294677734,103.99141693115234,629.9598999023438,86.89471435546875
2025-07-29,48.255035400390625,86.16057586669922,306.25,75.9208984375,91.5707778930664,104.67977142333984,628.2982788085938,88.29064178466797
2025-07-30,47.901947021484375,85.54176330566406,300.9599914550781,75.76056671142578,91.25318908691406,104.28780364990234,627.5070190429688,87.03911590576172
2025-07-31,47.62732696533203,84.62320709228516,302.9599914550781,75.80772399902344,91.33016967773438,104.31646728515625,625.1531982421875,85.81646728515625
2025-08-01,47.27424240112305,84.40081787109375,309.1099853515625,75.81150817871094,92.38164520263672,105.24189758300781,614.9066162109375,85.60466003417969
2025-08-04,47.7646369934082,85.52242279052734,310.9100036621094,76.06744384765625,92.50716400146484,105.42428588867188,624.2530517578125,86.48074340820312
2025-08-05,47.901947021484375,85.51275634765625,311.1600036621094,76.02952575683594,92.4395751953125,105.5010757446289,621.0880737304688,86.87545776367188
2025-08-06,48.12752914428711,86.07355499267578,310.5,76.10535430908203,92.37198638916016,105.47229766845703,625.845458984375,86.20155334472656
2025-08-07,48.5296516418457,86.84707641601562,313.1199951171875,76.02952575683594,92.30439758300781,105.3666763305664,625.3212280273438,86.45185852050781
2025-08-08,48.490421295166016,87.37887573242188,313.04998779296875,76.03900909423828,92.09197998046875,105.03070831298828,630.197265625,85.73944854736328
2025-08-11,48.353111267089844,87.01144409179688,308.54998779296875,76.03900909423828,92.1209487915039,105.19389343261719,628.9509887695312,85.17145538330078
2025-08-12,48.94158935546875,88.07503509521484,308.2699890136719,76.20963287353516,92.10164642333984,105.2898941040039,635.6468505859375,85.65281677246094
2025-08-13,49.53006362915039,88.6068344116211,309.2099914550781,76.40869140625,92.429931640625,105.84667205810547,637.8228149414062,86.45185852050781
2025-08-14,48.921974182128906,88.61650848388672,307.25,76.20963287353516,92.13060760498047,105.48188781738281,637.882080078125,85.83572387695312
2025-08-15,48.98081970214844,89.13863372802734,307.42999267578125,76.26648712158203,91.94715881347656,105.34748077392578,636.388671875,86.32670593261719
2025-08-18,49.26525115966797,89.04193878173828,306.95001220703125,76.20963287353516,91.86026000976562,105.15550231933594,636.2501831054688,85.59505462646484
2025-08-19,48.86312484741211,89.0516128540039,305.2699890136719,76.19068145751953,92.09197998046875,105.31868743896484,632.7984008789062,87.06800079345703
2025-08-20,48.794471740722656,89.37068939208984,308.3599853515625,76.1622314453125,92.2271499633789,105.3666763305664,631.1170043945312,87.31830596923828
2025-08-21,48.68658447265625,88.80988311767578,307.2900085449219,76.0200424194336,91.95679473876953,104.9635009765625,628.5850830078125,87.0583724975586
2025-08-22,49.657569885253906,90.14421844482422,310.5799865722656,76.63617706298828,92.4685287475586,105.78907012939453,638.2381591796875,88.74313354492188
2025-08-25,49.373138427734375,88.95492553710938,309.8299865722656,76.48451232910156,92.28509521484375,105.51068878173828,635.42919921875,88.23287963867188
2025-08-26,49.245635986328125,88.85823059082031,312.0799865722656,76.6551284790039,92.52647399902344,105.58747863769531,638.0897827148438,88.00183868408203
2025-08-27,48.95139694213867,88.6455078125,312.7099914550781,76.74991607666016,92.70027160644531,105.62588500976562,639.543701171875,88.55058288574219
2025-08-28,49.13774490356445,88.97425842285156,315.0299987792969,76.78783416748047,92.91267395019531,105.78907012939453,641.8085327148438,88.31953430175781
2025-08-29,48.90235900878906,88.45214080810547,318.07000732421875,76.6456527709961,92.83544158935547,105.40508270263672,637.9810180664062,88.80088806152344
2025-09-02,48.86312484741211,87.58192443847656,325.5899963378906,76.56280517578125,92.55840301513672,105.05249786376953,633.2533569335938,87.32792663574219
2025-09-03,49.04947280883789,87.71729278564453,328.1400146484375,76.77232360839844,92.87805938720703,105.67866516113281,636.6853637695312,87.3760757446289
2025-09-04,48.892547607421875,88.35543823242188,326.69000244140625,76.98184967041016,93.29460144042969,106.40116882324219,642.00634765625,88.03071594238281
2025-09-05,49.48102569580078,88.75187683105469,331.04998779296875,77.01994323730469,93.74988555908203,107.09478759765625,640.14697265625,89.0223159790039
2025-09-08,49.93218994140625,89.64141845703125,334.82000732421875,77.01994323730469,94.04048919677734,107.4704818725586,641.719482421875,88.50244903564453
2025-09-09,50.206809997558594,89.34168243408203,334.05999755859375,76.9342269897461,93.81769561767578,107.27781677246094,643.2030639648438,88.30027770996094
2025-09-10,50.55009078979492,89.32234191894531,335.260009765625,76.99137115478516,94.06954956054688,107.59571838378906,645.0625,88.15586853027344
2025-09-11,51.28568649291992,90.26990509033203,334.760009765625,77.18183898925781,94.21485900878906,108.09664154052734,650.4231567382812,89.76360321044922
2025-09-12,51.25625991821289,89.91215515136719,335.4200134277344,77.10565185546875,93.9436264038086,107.90399169921875,650.20556640625,89.3496322631836
2025-09-15,51.62895965576172,90.51163482666016,338.9100036621094,77.32471466064453,94.0986099243164,108.24115753173828,653.6671142578125,89.20523071289062
2025-09-16,52.011470794677734,90.26023864746094,339.5899963378906,77.26756286621094,94.15673828125,108.14483642578125,652.76708984375,88.7334976196289
2025-09-17,52.23705291748047,89.92182159423828,336.9700012207031,77.19136810302734,93.95331573486328,107.95216369628906,651.9561767578125,88.61798095703125
2025-09-18,52.109554290771484,90.26990509033203,335.6199951171875,77.36280059814453,93.6433334350586,107.7305908203125,655.00244140625,88.81051635742188
2025-09-19,51.99185562133789,89.92182159423828,339.17999267578125,77.3913803100586,93.60456848144531,107.64387512207031,658.2465209960938,88.23287963867188
2025-09-22,52.24686050415039,90.21189880371094,345.04998779296875,77.44851684570312,93.4495849609375,107.40306091308594,661.3607177734375,88.25213623046875
2025-09-23,52.276283264160156,90.03785705566406,346.4599914550781,77.3913803100586,93.71114349365234,107.614990234375,657.7605590820312,88.7334976196289
2025-09-24,52.0997428894043,89.51573181152344,343.32000732421875,77.28660583496094,93.45928192138672,107.18148803710938,655.6677856445312,87.8607177734375
2025-09-25,51.79569625854492,88.8775634765625,344.75,77.06755065917969,93.25585174560547,106.98881530761719,652.6429443359375,87.59830474853516
2025-09-26,51.69761657714844,89.56407165527344,346.739990234375,77.2199478149414,93.20742797851562,107.13330841064453,656.3819580078125,88.46331024169922
2025-09-29,52.16839599609375,89.91215515136719,352.4599914550781,77.353271484375,93.4786605834961,107.48975372314453,658.2266845703125,88.49246978759766
2025-09-30,52.374366760253906,90.27957916259766,355.4700012207031,77.32471466064453,93.43991088867188,107.38379669189453,660.7061157226562,88.8520736694336
2025-10-01,52.78629684448242,91.02409362792969,356.0299987792969,77.46920013427734,93.75471496582031,107.81501770019531,662.9574584960938,88.9881362915039
2025-10-02,53.031494140625,91.16912841796875,354.7900085449219,77.44049072265625,93.85189056396484,107.98905944824219,663.7210693359375,88.5216293334961
2025-10-03,53.18842315673828,91.93297576904297,357.6400146484375,77.35436248779297,93.66726684570312,107.85370635986328,663.7112426757812,88.8520736694336
2025-10-06,53.43362045288086,92.14569854736328,364.3800048828125,77.3735122680664,93.39521026611328,107.50562286376953,666.0914916992188,88.01622009277344
2025-10-07,53.021690368652344,91.34317016601562,366.260009765625,77.2873764038086,93.6283950805664,107.70864868164062,663.6219482421875,87.69550323486328
2025-10-08,53.44343185424805,91.61389923095703,372.29998779296875,77.17256164550781,93.64783477783203,107.57329559326172,667.5791625976562,87.23870086669922
2025-10-09,52.89418411254883,90.85972595214844,365.42999267578125,76.95246887207031,93.57982635498047,107.36058044433594,665.6452026367188,86.76246643066406
2025-10-10,50.942405700683594,89.18697357177734,369.1199951171875,76.50272369384766,94.1628189086914,107.6603012084961,647.6542358398438,85.65447998046875
2025-10-13,52.423404693603516,89.9024887084961,378.0899963378906,76.98117065429688,94.21139526367188,108.0277328491211,657.5919189453125,86.19876098632812
2025-10-14,51.9526252746582,90.30859375,380.7900085449219,77.06730651855469,94.45429992675781,108.38545227050781,656.78857421875,87.08319091796875
2025-10-15,52.80591583251953,90.74369049072266,387.3900146484375,77.31608581542969,94.347412109375,108.38545227050781,659.7044067382812,88.3466796875
2025-10-16,53.14918899536133,91.21746826171875,396.45001220703125,77.03860473632812,94.78468322753906,108.69486236572266,655.2117309570312,88.0356674194336
2025-10-17,53.139381408691406,91.38184356689453,388.989990234375,77.23954010009766,94.62921905517578,108.4821548461914,658.9308471679688,88.60909271240234
2025-10-20,53.865169525146484,92.13602447509766,403.1499938964844,77.39263916015625,94.7555160522461,108.81088256835938,665.7840576171875,89.50325012207031
2025-10-21,53.26689147949219,91.45919799804688,377.239990234375,77.2778091430664,94.930419921875,108.8302230834961,665.7741088867188,89.25055694580078
2025-10-22,53.21784591674805,91.3238296508789,377.2799987792969,77.20126342773438,94.9498519897461,108.93657684326172,662.3128051757812,89.62960052490234
2025-10-23,53.688629150390625,91.749267578125,378.7900085449219,77.3735122680664,94.63893127441406,108.80120849609375,666.2402954101562,89.5712890625
2025-10-24,54.04171371459961,91.89430236816406,377.5199890136719,77.58401489257812,94.72636413574219,108.98491668701172,671.6851806640625,89.83370208740234
2025-10-27,54.63999938964844,92.53245544433594,367.010009765625,77.77537536621094,94.72636413574219,109.16862487792969,679.6094970703125,90.08641052246094
2025-10-28,54.62038040161133,92.49378204345703,364.3800048828125,77.69883728027344,94.8138198852539,109.17829895019531,681.4144897460938,88.3175277709961
2025-10-29,54.934234619140625,91.97166442871094,363.0,77.45960998535156,94.2016830444336,108.55949401855469,681.7418823242188,86.04325103759766
2025-10-30,54.36537551879883,91.5655517578125,370.1300048828125,77.31608581542969,94.06563568115234,107.97937774658203,674.2440185546875,86.45144653320312
2025-10-31,54.23787307739258,91.36250305175781,368.1199951171875,77.31608581542969,94.1045150756836,107.54429626464844,676.4556274414062,86.67499542236328
2025-11-03,54.581153869628906,91.40118408203125,368.7799987792969,77.07565307617188,94.05967712402344,107.25511169433594,677.7251586914062,86.54865264892578
2025-11-04,53.58074188232422,90.46328735351562,362.32000732421875,77.08527374267578,94.1766357421875,107.40068817138672,669.6917114257812,86.69442749023438
2025-11-05,54.06132888793945,91.0434341430664,366.510009765625,77.1622085571289,93.728271484375,107.08043670654297,672.012451171875,86.77217864990234
2025-11-06,53.659202575683594,90.84037780761719,366.07000732421875,77.1910629272461,94.20589447021484,107.64327239990234,664.8021850585938,86.35426330566406
2025-11-07,53.50227737426758,91.17880249023438,368.30999755859375,77.25839233398438,94.244873046875,107.42977905273438,665.4567260742188,87.69550323486328
2025-11-10,54.4438362121582,92.13602447509766,378.3800048828125,77.51805114746094,94.1181640625,107.48799896240234,675.8407592773438,87.64690399169922
2025-11-11,54.502685546875,92.81285858154297,379.8699951171875,77.6046142578125,94.41056823730469,107.91497039794922,677.3878784179688,88.62853240966797
2025-11-12,54.51249313354492,93.3639907836914,385.989990234375,77.45074462890625,94.4300765991211,107.8082275390625,677.7647705078125,87.96764373779297
2025-11-13,53.87498092651367,92.36808013916016,382.8699951171875,77.13336181640625,94.15715789794922,107.27452850341797,666.5180053710938,86.8888168334961
2025-11-14,53.90440368652344,92.10702514648438,375.9599914550781,77.152587890625,94.0011978149414,106.9834213256836,666.4088745117188,87.07347106933594
2025-11-17,53.26689147949219,90.90806579589844,371.6499938964844,77.02754974365234,94.10841369628906,107.05133056640625,660.2002563476562,86.35426330566406
2025-11-18,53.002071380615234,89.72844696044922,374.3500061035156,77.04679870605469,94.2643814086914,107.09986877441406,654.6561889648438,86.70415496826172
2025-11-19,52.81571960449219,89.45770263671875,374.9599914550781,77.08527374267578,94.19613647460938,107.10956573486328,657.185302734375,86.02381134033203
2025-11-20,52.089935302734375,88.22007751464844,374.8500061035156,77.03718566894531,94.42032623291016,107.25511169433594,647.1683349609375,85.66419982910156
2025-11-21,52.08012771606445,89.58341217041016,374.2699890136719,77.29685974121094,94.73223114013672,107.6335678100586,653.6148681640625,87.05403900146484
2025-11-24,52.629371643066406,89.6607666015625,380.20001220703125,77.50843048095703,94.87843322753906,108.06053161621094,663.2351684570312,87.28729248046875
2025-11-25,52.81571960449219,90.73401641845703,380.0799865722656,77.77774047851562,95.12211608886719,108.36133575439453,669.4734497070312,88.09397888183594
2025-11-26,53.19823455810547,91.72993469238281,383.1199951171875,77.85466766357422,95.20008087158203,108.73007202148438,674.09521484375,88.48274230957031
2025-11-28,53.276695251464844,92.03934478759766,387.8800048828125,77.89315032958984,95.03439331054688,108.54570007324219,677.7747192382812,88.7743148803711
2025-12-01,53.237464904785156,91.58489227294922,389.75,77.75304412841797,94.52408599853516,107.9642562866211,674.6802978515625,87.75381469726562
2025-12-02,53.257080078125,91.89430236816406,387.239990234375,77.89798736572266,94.60227966308594,108.03243255615234,675.9300537109375,87.44280242919922
2025-12-03,53.29631423950195,92.3874282836914,386.8800048828125,77.96561431884766,94.79780578613281,108.27592468261719,678.2706298828125,87.66634368896484
2025-12-04,53.28650665283203,92.6388168334961,387.1300048828125,78.02359771728516,94.5045166015625,108.08111572265625,678.7665405273438,87.45252227783203
2025-12-05,53.688629150390625,92.6388168334961,386.44000244140625,78.02359771728516,94.30901336669922,107.9739990234375,680.0557861328125,87.35533142089844
2025-12-08,53.57093048095703,92.34874725341797,385.4200134277344,77.83035278320312,94.11348724365234,107.74996948242188,678.0127563476562,86.6847152709961
2025-12-09,53.482662200927734,92.22305297851562,387.3999938964844,77.74337768554688,93.97662353515625,107.61361694335938,677.4276123046875,86.35426330566406
2025-12-10,54.0809440612793,93.24796295166016,389.04998779296875,78.00425720214844,94.2796859741211,108.1103515625,681.92041015625,86.66526794433594
2025-12-11,53.8259391784668,93.7990951538086,393.239990234375,77.9946060180664,94.28945922851562,107.95451354980469,683.5072631835938,87.04431915283203
2025-12-12,53.19823455810547,93.30597686767578,395.44000244140625,77.84966278076172,94.0352783203125,107.30195617675781,676.1581420898438,86.93740844726562
2025-12-15,53.04130554199219,93.87644958496094,395.79998779296875,77.88832092285156,94.11348724365234,107.42857360839844,675.1365356445312,87.20954895019531
2025-12-16,52.70604705810547,93.44133758544922,395.8900146484375,77.93663024902344,94.37744140625,107.67205047607422,673.2918701171875,86.56807708740234
2025-12-17,52.32801055908203,92.68333435058594,399.2900085449219,77.84000396728516,94.35787963867188,107.5551986694336,665.8832397460938,86.8888168334961
2025-12-18,52.92491149902344,93.3428955078125,398.57000732421875,78.0525894165039,94.60227966308594,107.9642562866211,670.9114990234375,86.43201446533203
2025-12-19,53.442222595214844,93.9729232788086,399.0199890136719,78.01473236083984,94.38945770263672,107.68655395507812,676.9923095703125,86.1015625
2025-12-22,53.73072052001953,94.20918273925781,408.2300109863281,78.0826644897461,94.29138946533203,107.66699981689453,681.2098388671875,86.54389953613281
2025-12-23,54.029170989990234,94.79000091552734,413.6400146484375,78.14091491699219,94.25215911865234,107.7745590209961,684.3233032226562,86.48505401611328
2025-12-24,54.13859939575195,94.90813446044922,411.92999267578125,78.28654479980469,94.4973373413086,108.19501495361328,686.7305297851562,87.05390930175781
2025-12-26,54.51663589477539,95.06563568115234,416.739990234375,78.2477035522461,94.58562469482422,108.18522644042969,686.660888671875,87.1519775390625
2025-12-29,54.37736129760742,94.7801513671875,398.6000061035156,78.2768325805664,94.7229232788086,108.33190155029297,684.2138671875,87.32852172851562
2025-12-30,54.596221923828125,94.93766021728516,398.8900146484375,78.35449981689453,94.6248550415039,108.20479583740234,683.3782958984375,87.50505828857422
2025-12-31,54.427101135253906,94.53404235839844,396.30999755859375,78.2768325805664,94.31098937988281,107.74522399902344,678.3152465820312,86.78909301757812
2026-01-02,55.94919204711914,95.52831268310547,398.2799987792969,78.315673828125,94.23252868652344,107.71588897705078,679.55859375,86.81851959228516
2026-01-05,56.565982818603516,96.62102508544922,408.760009765625,78.51954650878906,94.51696014404297,108.01901245117188,684.0845947265625,87.0146713256836
2026-01-06,56.98381042480469,96.76869201660156,413.17999267578125,78.53894805908203,94.44831085205078,108.01901245117188,688.1529541015625,87.65217590332031
2026-01-07,56.556034088134766,96.40444946289062,409.2300109863281,78.51954650878906,94.6248550415039,108.09722900390625,685.9347534179688,86.79889678955078
2026-01-08,56.575931549072266,96.41429901123047,411.489990234375,78.57779693603516,94.34042358398438,107.79410552978516,685.8651123046875,87.57371520996094
2026-01-09,56.84453582763672,97.27073669433594,414.4700012207031,78.63603973388672,94.44831085205078,108.18522644042969,690.4010009765625,87.75025939941406
2026-01-12,57.64039611816406,97.86139678955078,422.2300109863281,78.67487335205078,94.33061981201172,108.0581283569336,691.4852294921875,87.8679428100586
2026-01-13,57.21261978149414,97.3002700805664,421.6300048828125,78.67487335205078,94.44831085205078,108.29279327392578,690.1026000976562,88.35833740234375
2026-01-14,57.45138168334961,97.75311279296875,425.94000244140625,78.67487335205078,94.64445495605469,108.56658935546875,686.7105712890625,89.12335205078125
2026-01-15,57.78962326049805,97.71372985839844,423.3299865722656,78.67487335205078,94.44831085205078,108.4296875,688.5806884765625,89.7412338256836
2026-01-16,57.57075881958008,97.97952270507812,421.2900085449219,78.72340393066406,94.08541870117188,108.11678314208984,688.0037231445312,90.83971405029297
2026-01-20,57.01365661621094,96.4930419921875,437.2300109863281,78.51954650878906,93.71273040771484,107.46165466308594,673.9981689453125,89.15277099609375
2026-01-21,57.958744049072266,97.48731231689453,443.6000061035156,78.7525405883789,93.95792388916016,108.10701751708984,681.77685546875,89.50585174560547
2026-01-22,58.39646911621094,97.8712387084961,451.7900085449219,78.810791015625,93.94811248779297,108.31234741210938,685.3379516601562,88.62315368652344
2026-01-23,58.764556884765625,98.41267395019531,458.0,78.77195739746094,94.10502624511719,108.38079833984375,685.5865478515625,88.79969024658203
2026-01-26,58.864036560058594,98.9048843383789,464.70001220703125,78.810791015625,94.2423324584961,108.46880340576172,689.068115234375,88.68199920654297
2026-01-27,60.02798843383789,100.49964141845703,476.1000061035156,78.80108642578125,94.13446044921875,108.3514633178711,691.8134765625,88.65257263183594
2026-01-28,60.43586730957031,99.43647003173828,494.55999755859375,78.67487335205078,94.05599975585938,108.19501495361328,691.7438354492188,87.74044799804688
2026-01-29,60.127471923828125,100.10588073730469,495.8999938964844,78.66515350341797,94.1540756225586,108.22434997558594,690.3711547851562,88.96641540527344
2026-01-30,58.79439926147461,99.17066955566406,444.95001220703125,78.7525405883789,94.0952377319336,108.11678314208984,688.3121337890625,89.05469512939453
2026-02-02,58.97346878051758,99.82039642333984,427.1300048828125,78.80033874511719,93.91024017333984,108.01667785644531,691.73388671875,88.13275909423828
2026-02-03,59.291812896728516,99.86961364746094,454.2900085449219,78.7515640258789,93.99879455566406,108.06575012207031,685.885009765625,87.93660736083984
2026-02-04,58.49595260620117,100.19447326660156,453.9700012207031,78.65399932861328,93.9791259765625,107.92835235595703,682.5626831054688,89.2018051147461
2026-02-05,58.22734832763672,98.7670669555664,441.8800048828125,78.56620025634766,94.5301513671875,108.44851684570312,674.0379638671875,89.07431030273438
2026-02-06,59.75938415527344,101.01154327392578,455.4599914550781,78.83935546875,94.5301513671875,108.50740051269531,686.96923828125,90.47682189941406
2026-02-09,60.19710922241211,102.37004089355469,467.0299987792969,78.9466781616211,94.54981231689453,108.50740051269531,690.2816162109375,90.85932159423828
2026-02-10,60.286643981933594,102.61614990234375,462.3999938964844,78.8686294555664,94.96310424804688,108.76256561279297,688.4613037109375,92.07548522949219
2026-02-11,61.24168014526367,103.30525207519531,467.6300048828125,78.85887908935547,94.6974105834961,108.6447982788086,688.3021850585938,91.56549072265625
2026-02-12,60.5452995300293,102.52755737304688,451.3900146484375,78.81985473632812,95.27796173095703,109.15513610839844,677.668701171875,91.45759582519531
2026-02-13,60.803955078125,102.61614990234375,462.6199951171875,78.87838745117188,95.65186309814453,109.51826477050781,678.1461181640625,92.77183532714844
2026-02-17,60.55524826049805,102.59646606445312,448.20001220703125,78.83935546875,95.64202117919922,109.62622833251953,679.2402954101562,93.654541015625
2026-02-18,60.873592376708984,102.71459197998047,458.2799987792969,78.93693542480469,95.44523620605469,109.51826477050781,682.662109375,92.55606842041016
2026-02-19,60.724369049072266,102.42911529541016,459.55999755859375,78.96620178222656,95.5337905883789,109.60660552978516,680.8616943359375,92.35991668701172
2026-02-20,62.01764678955078,103.265869140625,468.6199951171875,79.02473449707031,95.5337905883789,109.51826477050781,685.7855834960938,93.05625915527344
2026-02-23,61.331214904785156,102.84256744384766,481.2799987792969,78.89790344238281,95.878173828125,109.63604736328125,678.7827758789062,93.06607818603516
2026-02-24,62.296199798583984,103.02960968017578,474.6099853515625,78.83935546875,95.85850524902344,109.60660552978516,683.7164916992188,93.30146026611328
2026-02-25,62.98263168334961,104.0140380859375,473.4200134277344,78.9466781616211,95.77978515625,109.57716369628906,689.4859008789062,93.04646301269531
2026-02-26,62.38573455810547,103.92543029785156,477.4800109863281,78.87838745117188,96.03560638427734,109.6458740234375,685.6561889648438,93.6839599609375
2026-02-27,62.25640869140625,103.73838806152344,483.75,78.7515640258789,96.41937255859375,109.60660552978516,682.3637084960938,93.8507080078125
2026-03-02,61.18199157714844,101.6907958984375,490.0,78.70645904541016,95.8401107788086,109.23532104492188,682.7516479492188,94.08609008789062
2026-03-03,58.117916107177734,98.53079986572266,468.1400146484375,78.54960632324219,95.73155212402344,109.18608856201172,676.7337036132812,93.58588409423828
2026-03-04,58.744659423828125,99.80070495605469,471.79998779296875,78.82411193847656,95.53418731689453,109.2845687866211,681.50830078125,93.70357513427734
2026-03-05,57.33200454711914,97.61529541015625,466.1300048828125,78.5103759765625,95.23815155029297,108.85125732421875,677.7084350585938,92.76203155517578
2026-03-06,57.02360534667969,96.74899291992188,473.510009765625,78.12803649902344,95.1789321899414,108.48687744140625,668.8256225585938,91.7518310546875
2026-03-09,58.147762298583984,97.44793701171875,472.5299987792969,78.5986099243164,95.47498321533203,109.13684844970703,674.6845092773438,91.95779418945312
2026-03-10,58.37657165527344,97.67435455322266,477.8599853515625,78.4711685180664,95.1690673828125,108.38838958740234,673.6002807617188,91.82048797607422
2026-03-11,58.52579879760742,97.4676284790039,476.239990234375,78.2947006225586,94.73486328125,107.50205993652344,672.7548217773438,90.86913299560547
2026-03-12,56.655517578125,95.9417724609375,466.8800048828125,77.79468536376953,94.42894744873047,106.9210205078125,662.5390625,90.2414321899414
2026-03-13,56.50629425048828,94.79984283447266,460.8399963378906,77.64762878417969,94.33026123046875,106.52709197998047,658.7890014648438,90.3885498046875
2026-03-16,58.078125,96.5718002319336,460.42999267578125,77.89273071289062,94.75460052490234,107.03919982910156,665.493408203125,91.14375305175781
2026-03-17,58.44620895385742,96.83760070800781,459.2699890136719,78.24567413330078,94.92235565185547,107.63993072509766,667.2440185546875,91.54586029052734
2026-03-18,57.262367248535156,95.18376922607422,444.739990234375,77.84371185302734,94.48815155029297,107.05889129638672,657.9335327148438,90.19239807128906
2026-03-19,57.322052001953125,95.01641082763672,426.4100036621094,78.09861755371094,94.4782943725586,107.53160095214844,656.3121337890625,89.82949829101562
2026-03-20,55.352291107177734,92.1320571899414,413.3800048828125,77.37310791015625,93.62962341308594,106.21195220947266,646.9034423828125,87.04409790039062
2026-03-23,57.01365661621094,94.34700012207031,404.0400085449219,77.88292694091797,93.92566680908203,106.91117858886719,653.6959228515625,87.72083282470703
2026-03-24,56.22774124145508,93.78588104248047,404.1300048828125,77.61821746826172,93.6098861694336,106.69450378417969,651.5015869140625,87.14193725585938
2026-03-25,57.123085021972656,95.15423583984375,416.2900085449219,77.86331939697266,94.1032943725586,107.0785903930664,655.1322021484375,87.07254028320312
2026-03-26,55.18317413330078,93.18539428710938,400.6400146484375,77.37310791015625,93.34343719482422,106.24150085449219,643.432373046875,86.95359802246094
2026-03-27,54.91456985473633,92.33879089355469,414.70001220703125,77.17703247070312,93.35330963134766,105.9854507446289,632.4606323242188,86.23988342285156
2026-03-30,54.466896057128906,92.60457611083984,414.5799865722656,77.26527404785156,94.01447296142578,106.66497039794922,630.3460693359375,86.56700134277344
2026-03-31,56.49634552001953,95.61690521240234,430.2900085449219,78.00057220458984,94.18223571777344,107.33464813232422,648.6688842773438,87.9250259399414
2026-04-01,56.9340705871582,97.07386016845703,437.82000732421875,78.19169616699219,94.10006713867188,107.44935607910156,653.5562744140625,88.24223327636719
2026-04-02,56.29737854003906,96.47335815429688,429.4100036621094,78.37886810302734,94.31788635253906,107.90422821044922,654.144775390625,89.44166564941406
2026-04-06,56.814693450927734,96.95572662353516,427.6499938964844,78.51679992675781,94.07035827636719,107.7361068725586,657.23681640625,89.57052612304688
2026-04-07,57.01365661621094,96.81790161132812,431.80999755859375,78.5364990234375,94.30799102783203,107.85477447509766,657.5260009765625,89.69938659667969
2026-04-08,60.127471923828125,100.59809112548828,434.5299987792969,78.99952697753906,94.51591491699219,108.27009582519531,674.27294921875,91.31515502929688
2026-04-09,59.968299865722656,100.36182403564453,437.9100036621094,79.08818054199219,94.48621368408203,108.27009582519531,678.162841796875,91.9693832397461
2026-04-10,60.24685287475586,100.58824157714844,437.1300048828125,78.77293395996094,94.3277816772461,107.98332214355469,677.7140502929688,92.16764068603516
2026-04-13,60.754215240478516,101.20842742919922,435.3599853515625,79.0684814453125,94.53571319580078,108.39865112304688,684.3369750976562,92.51457977294922
2026-04-14,61.91816711425781,102.02549743652344,445.0899963378906,79.30492401123047,94.8426513671875,108.754638671875,692.675537109375,93.39680480957031
2026-04-15,61.87837219238281,101.70063781738281,440.4599914550781,79.26551055908203,94.63472747802734,108.715087890625,698.1414184570312,93.46619415283203
2026-04-16,62.127079010009766,101.40531158447266,440.0799865722656,79.15715026855469,94.46640014648438,108.21076202392578,699.8569946289062,94.3285903930664
2026-04-17,63.3109245300293,102.69490814208984,445.92999267578125,79.45269775390625,94.98126220703125,108.81397247314453,708.3152465820312,95.83531188964844
2026-04-20,62.85330581665039,102.29129791259766,442.0899963378906,79.38372802734375,94.89215087890625,108.8040771484375,706.8988037109375,96.1822509765625
2026-04-21,61.9281120300293,100.04680633544922,429.57000732421875,79.17684936523438,94.47630310058594,108.38875579833984,702.2708129882812,94.47727966308594
2026-04-22,63.052268981933594,100.38151550292969,435.260009765625,79.30492401123047,94.57530975341797,108.59642028808594,709.3825073242188,93.69417572021484
2026-04-23,62.02759552001953,99.66288757324219,431.0400085449219,79.17684936523438,94.42679595947266,108.29975891113281,706.6295776367188,94.65570831298828
2026-04-24,63.41040802001953,100.18462371826172,433.25,79.28521728515625,94.61492156982422,108.37886810302734,712.10546875,94.46736907958984
2026-04-27,63.3109245300293,99.80070495605469,429.8900146484375,79.31477355957031,94.39708709716797,108.07232666015625,713.332275390625,93.95191192626953
2026-04-28,62.66428756713867,99.38724517822266,421.9100036621094,79.20640563964844,94.30799102783203,108.12177276611328,709.8612060546875,94.8143081665039
2026-04-29,62.36583709716797,98.373291015625,417.4100036621094,78.9404067993164,93.86243438720703,107.51856994628906,709.7515258789062,94.07086181640625
2026-04-30,63.65911865234375,100.72605895996094,423.6600036621094,79.18669128417969,94.04065704345703,107.63722229003906,716.8132934570312,95.48837280273438
2026-05-01,63.79838943481445,100.50949096679688,423.17999267578125,79.28473663330078,94.1121826171875,107.81095886230469,718.7982177734375,95.2207260131836
2026-05-04,63.7685432434082,99.13129425048828,414.7099914550781,79.02725982666016,93.76449584960938,107.4635009765625,716.1649780273438,94.62596893310547
2026-05-05,65.06182861328125,100.45042419433594,418.2699890136719,79.1460952758789,93.90357208251953,107.860595703125,721.9102172851562,94.92334747314453
2026-05-06,67.1410140991211,103.1772689819336,430.9599914550781,79.38377380371094,94.37045288085938,108.39667510986328,731.9443359375,96.2417221069336
2026-05-07,66.24566650390625,101.28718566894531,431.67999267578125,79.08667755126953,94.08238220214844,107.94993591308594,729.7001342773438,95.54784393310547
2026-05-08,67.58869171142578,102.34051513671875,433.7699890136719,79.36396789550781,94.33072662353516,108.4065933227539,735.724609375,95.77583312988281
2026-05-11,67.53894805908203,102.12393951416016,434.6499938964844,79.20551300048828,94.01284790039062,108.13855743408203,737.4002685546875,95.84522247314453
2026-05-12,65.47965240478516,101.53328704833984,432.92999267578125,79.09658813476562,93.6949691772461,107.77124786376953,736.2831420898438,95.84522247314453
2026-05-13,66.86246490478516,102.21253967285156,430.5,79.13619995117188,93.6949691772461,107.830810546875,740.4025268554688,95.05220794677734
2026-05-14,67.03158569335938,101.84830474853516,427.2099914550781,79.07677459716797,93.63536071777344,107.7613296508789,746.2474975585938,94.48719024658203
2026-05-15,64.73352813720703,100.13540649414062,417.2900085449219,78.6905517578125,92.89034271240234,107.07633209228516,737.2706298828125,93.08951568603516
2026-05-18,64.63404846191406,101.0607681274414,418.42999267578125,78.769775390625,92.85060119628906,106.87779235839844,736.751953125,94.17990112304688
2026-05-19,63.9277229309082,100.33229064941406,411.5,78.58161163330078,92.49298095703125,106.34171295166016,731.8446044921875,94.44754028320312
2026-05-20,65.12151336669922,102.00581359863281,417.3999938964844,79.08667755126953,93.11881256103516,107.16567993164062,739.3452758789062,95.64696502685547
2026-05-21,65.68856811523438,102.56693267822266,416.989990234375,79.12629699707031,93.17841339111328,107.38407897949219,740.8114624023438,95.82539367675781
2026-05-22,65.53933715820312,102.3602066040039,413.82000732421875,79.13619995117188,93.25788116455078,107.58263397216797,743.7239990234375,95.92452239990234
2026-05-26,68.04631042480469,103.4922866821289,414.0,79.40357971191406,93.65523529052734,107.9896469116211,748.6613159179688,96.37059020996094
2026-05-27,68.03636169433594,103.13789367675781,408.489990234375,79.35406494140625,93.6949691772461,108.13855743408203,748.5316162109375,96.07321166992188
2026-05-28,68.2552261352539,103.05914306640625,412.7699890136719,79.45309448242188,93.91350555419922,108.46617126464844,752.6609497070312,95.70645141601562
2026-05-29,68.24527740478516,103.16743469238281,417.1199951171875,79.53231811523438,94.02278137207031,108.56543731689453,754.5361328125,94.8638687133789
2026-06-01,69.7176284790039,102.81304168701172,411.260009765625,79.47159576416016,93.86031341552734,108.54849243164062,756.5908203125,93.26793670654297
2026-06-02,70.43390655517578,103.38399505615234,411.95001220703125,79.53132629394531,93.93008422851562,108.53852844238281,757.6182250976562,93.69417572021484
2026-06-03,69.5584487915039,102.4980239868164,407.8699951171875,79.31233978271484,93.69087219238281,108.23957824707031,752.3018798828125,93.58514404296875
2026-06-04,68.74269104003906,103.3150863647461,411.2699890136719,79.4616470336914,93.81048583984375,108.4687728881836,755.1445922851562,95.2603759765625
2026-06-05,64.25601196289062,100.66699981689453,396.239990234375,79.06349182128906,93.31212615966797,107.79115295410156,735.65478515625,95.94435119628906
2026-06-08,65.4100112915039,101.27733612060547,397.2699890136719,79.17298126220703,93.21244812011719,107.6815414428711,737.3204345703125,94.63587951660156
2026-06-09,65.47965240478516,101.29702758789062,390.7799987792969,79.25261688232422,93.47159576416016,108.03031921386719,735.1560668945312,96.81665802001953
2026-06-10,64.32565307617188,99.98774719238281,374.5799865722656,79.10330963134766,93.38189697265625,107.78119659423828,723.56591796875,96.82657623291016
2026-06-11,67.15096282958984,103.09852600097656,386.32000732421875,79.5711441040039,94.02975463867188,108.69796752929688,735.8642578125,96.75718688964844
2026-06-12,67.52899932861328,103.38399505615234,386.5400085449219,79.5711441040039,93.87028503417969,108.62821197509766,739.843994140625,97.64932250976562
2026-06-15,69.75,104.08000183105469,396.54998779296875,79.6706771850586,93.96995544433594,108.60828399658203,752.890380859375,96.96534729003906
2026-06-16,68.63999938964844,104.30999755859375,397.6300048828125,79.66072082519531,94.20915985107422,108.73783111572266,748.4019775390625,97.2032470703125
2026-06-17,68.55999755859375,103.77999877929688,388.6000061035156,79.36211395263672,93.71080780029297,108.38905334472656,739.0560302734375,94.774658203125
2026-06-18,70.79000091552734,104.41000366210938,387.1199951171875,79.64081573486328,94.04969024658203,108.68800354003906,746.739990234375,94.72509002685547
2026-06-22,71.20999908447266,104.58000183105469,384.5899963378906,79.5711441040039,93.69087219238281,108.39901733398438,744.3900146484375,95.74609375
2026-06-23,67.16999816894531,102.45999908447266,377.32000732421875,79.50146484375,93.81048583984375,108.528564453125,733.5800170898438,97.00499725341797
2026-06-24,67.25,102.26000213623047,365.9200134277344,79.48155212402344,94.4184799194336,109.02681732177734,733.239990234375,97.01000213623047
2026-06-25,67.95999908447266,103.1500015258789,369.4599914550781,79.51141357421875,94.47827911376953,109.11650085449219,734.2999877929688,97.19000244140625
2026-06-26,67.19000244140625,102.54000091552734,373.6300048828125,79.4616470336914,94.71748352050781,109.11650085449219,728.989990234375,98.66999816894531
2026-06-29,67.43000030517578,103.44999694824219,368.5799865722656,79.64081573486328,94.74738311767578,109.3157958984375,741.0,98.1500015258789
2026-06-30,68.41000366210938,103.87999725341797,368.3800048828125,79.60099792480469,94.25900268554688,108.68800354003906,746.77001953125,96.43000030517578
2026-07-01,66.4800033569336,103.0199966430664,370.6000061035156,79.58999633789062,94.02999877929688,108.45999908447266,745.760009765625,96.81999969482422
2026-07-02,65.69999694824219,104.37000274658203,378.1300048828125,79.70999908447266,94.12000274658203,108.63999938964844,744.780029296875,98.0199966430664
2026-07-06,67.56999969482422,105.45999908447266,382.1300048828125,79.87000274658203,94.18000030517578,108.66999816894531,751.280029296875,97.23999786376953
2026-07-07,65.72000122070312,104.16000366210938,377.489990234375,79.76000213623047,93.69999694824219,107.87999725341797,747.7100219726562,98.4000015258789
2026-07-08,66.2300033569336,103.36000061035156,374.45001220703125,79.66000366210938,93.51000213623047,107.66999816894531,745.4000244140625,96.80000305175781
2026-07-09,66.77999877929688,103.91999816894531,378.17999267578125,79.75,93.70999908447266,107.70999908447266,751.7100219726562,97.08999633789062
2026-07-10,66.9000015258789,104.33000183105469,377.010009765625,79.70999908447266,93.62999725341797,107.45999908447266,754.9500122070312,97.31999969482422
